station_id,charger_id,max_kw,ramp_kw_per_min,concurrency,is_swap,feeder_id,available
CHS_01,CHG_001,177.9367395749603,40.0,1,0,FDR_1,1
CHS_01,CHG_002,180.6935632411499,40.0,1,0,FDR_1,1
CHS_01,CHG_003,174.17455334129343,40.0,1,0,FDR_1,1
CHS_01,CHG_004,172.69369331249172,40.0,1,0,FDR_1,1
CHS_01,CHG_005,179.79191845281272,40.0,1,0,FDR_1,1
CHS_01,CHG_006,186.9231726353754,40.0,1,0,FDR_1,1
CHS_01,CHG_007,186.36218630115022,40.0,1,0,FDR_1,1
CHS_01,CHG_008,194.9137798608757,40.0,1,0,FDR_1,1
CHS_01,CHG_009,184.4184097878888,40.0,1,0,FDR_1,1
CHS_01,CHG_010,174.6902498094642,40.0,1,0,FDR_1,1
CHS_01,CHG_011,181.9762565775111,40.0,1,0,FDR_1,1
CHS_01,CHG_012,180.2583912804706,40.0,1,0,FDR_1,1
CHS_01,CHG_013,187.64170123739436,40.0,1,0,FDR_1,1
CHS_01,CHG_014,181.77909788796558,40.0,1,0,FDR_1,1
CHS_02,CHG_015,169.6964649016217,40.0,1,0,FDR_1,1
CHS_02,CHG_016,187.70542431488906,40.0,1,0,FDR_1,1
CHS_02,CHG_017,176.49778873269008,40.0,1,0,FDR_1,1
CHS_02,CHG_018,175.92648527202323,40.0,1,0,FDR_1,1
CHS_02,CHG_019,178.24563085477618,40.0,1,0,FDR_1,1
CHS_02,CHG_020,171.41906904521016,40.0,1,0,FDR_1,1
CHS_02,CHG_021,193.2716075008915,40.0,1,0,FDR_1,1
CHS_02,CHG_022,158.44770826738164,40.0,1,0,FDR_1,1
CHS_02,CHG_023,187.55569883036696,40.0,1,0,FDR_1,1
CHS_02,CHG_024,174.69114573542413,40.0,1,0,FDR_1,1
CHS_02,CHG_025,185.47208259628246,40.0,1,0,FDR_1,1
CHS_02,CHG_026,179.26132613000388,40.0,1,0,FDR_1,1
CHS_02,CHG_027,157.05902724830491,40.0,1,0,FDR_1,1
CHS_02,CHG_028,191.371045089083,40.0,1,0,FDR_1,1
CHS_03,CHG_029,173.3563680200964,40.0,1,0,FDR_1,1
CHS_03,CHG_030,171.04967567168381,40.0,1,0,FDR_1,1
CHS_03,CHG_031,189.65477427724394,40.0,1,0,FDR_1,1
CHS_03,CHG_032,168.36211239690564,40.0,1,0,FDR_1,1
CHS_03,CHG_033,190.9901397183849,40.0,1,0,FDR_1,1
CHS_03,CHG_034,169.29371845056028,40.0,1,0,FDR_1,1
CHS_03,CHG_035,185.75822162575815,40.0,1,0,FDR_1,1
CHS_03,CHG_036,187.4240853912002,40.0,1,0,FDR_1,1
CHS_03,CHG_037,165.27623493517046,40.0,1,0,FDR_1,1
CHS_03,CHG_038,179.21352679819728,40.0,1,0,FDR_1,1
CHS_03,CHG_039,174.65042816367333,40.0,1,0,FDR_1,1
CHS_03,CHG_040,175.92560087744025,40.0,1,0,FDR_1,1
CHS_03,CHG_041,188.37823203707572,40.0,1,0,FDR_1,1
CHS_03,CHG_042,187.83649582166646,40.0,1,0,FDR_1,1
CHS_04,CHG_043,179.25193790530633,40.0,1,0,FDR_2,1
CHS_04,CHG_044,165.51964988843937,40.0,1,0,FDR_2,1
CHS_04,CHG_045,183.58115745935268,40.0,1,0,FDR_2,1
CHS_04,CHG_046,175.85670415817341,40.0,1,0,FDR_2,1
CHS_04,CHG_047,187.30502688221569,40.0,1,0,FDR_2,1
CHS_04,CHG_048,190.73553062768482,40.0,1,0,FDR_2,1
CHS_04,CHG_049,159.83073746925783,40.0,1,0,FDR_2,1
CHS_04,CHG_050,180.01028798897582,40.0,1,0,FDR_2,1
CHS_04,CHG_051,180.57415070365337,40.0,1,0,FDR_2,1
CHS_04,CHG_052,197.40031659074566,40.0,1,0,FDR_2,1
CHS_04,CHG_053,181.10653892999252,40.0,1,0,FDR_2,1
CHS_04,CHG_054,176.33370483897372,40.0,1,0,FDR_2,1
CHS_04,CHG_055,178.66926211007856,40.0,1,0,FDR_2,1
CHS_04,CHG_056,176.14938104823955,40.0,1,0,FDR_2,1
CHS_05,CHG_057,178.69525792894999,40.0,1,0,FDR_2,1
CHS_05,CHG_058,180.15372133838108,40.0,1,0,FDR_2,1
CHS_05,CHG_059,180.32856294946933,40.0,1,0,FDR_2,1
CHS_05,CHG_060,181.00960078104774,40.0,1,0,FDR_2,1
CHS_05,CHG_061,173.49480271254913,40.0,1,0,FDR_2,1
CHS_05,CHG_062,185.37199611596267,40.0,1,0,FDR_2,1
CHS_05,CHG_063,178.83085879113418,40.0,1,0,FDR_2,1
CHS_05,CHG_064,181.9028439835898,40.0,1,0,FDR_2,1
CHS_05,CHG_065,177.83977762326887,40.0,1,0,FDR_2,1
CHS_05,CHG_066,180.44263310455494,40.0,1,0,FDR_2,1
CHS_05,CHG_067,188.15298684692485,40.0,1,0,FDR_2,1
CHS_05,CHG_068,184.37622570349416,40.0,1,0,FDR_2,1
CHS_05,CHG_069,193.5670477842238,40.0,1,0,FDR_2,1
CHS_05,CHG_070,170.3134498914609,40.0,1,0,FDR_2,1
CHS_06,CHG_071,177.8213700200011,40.0,1,0,FDR_2,1
CHS_06,CHG_072,173.0565907948938,40.0,1,0,FDR_2,1
CHS_06,CHG_073,169.26349597037526,40.0,1,0,FDR_2,1
CHS_06,CHG_074,180.2828231761145,40.0,1,0,FDR_2,1
CHS_06,CHG_075,169.98076281401174,40.0,1,0,FDR_2,1
CHS_06,CHG_076,175.67639594973423,40.0,1,0,FDR_2,1
CHS_06,CHG_077,175.9059727600249,40.0,1,0,FDR_2,1
CHS_06,CHG_078,179.63524157864475,40.0,1,0,FDR_2,1
CHS_06,CHG_079,183.49336927488997,40.0,1,0,FDR_2,1
CHS_06,CHG_080,187.66049139485102,40.0,1,0,FDR_2,1
CHS_06,CHG_081,160.56919059505967,40.0,1,0,FDR_2,1
CHS_06,CHG_082,182.39994115026812,40.0,1,0,FDR_2,1
CHS_06,CHG_083,187.24369963301172,40.0,1,0,FDR_2,1
CHS_06,CHG_084,167.44422205191708,40.0,1,0,FDR_2,1
