timestamp,pcc_kw
2025-01-01 00:00:00,18272.714
2025-01-01 00:05:00,10045.63
2025-01-01 00:10:00,17805.957
2025-01-01 00:15:00,16256.816
2025-01-01 00:20:00,14409.528
2025-01-01 00:25:00,13486.744
2025-01-01 00:30:00,12951.103
2025-01-01 00:35:00,11641.569
2025-01-01 00:40:00,11077.772
2025-01-01 00:45:00,10112.687
2025-01-01 00:50:00,11528.141
2025-01-01 00:55:00,10775.45
2025-01-01 01:00:00,9882.488
2025-01-01 01:05:00,10557.688
2025-01-01 01:10:00,10485.096
2025-01-01 01:15:00,12308.037
2025-01-01 01:20:00,10184.291
2025-01-01 01:25:00,10493.912
2025-01-01 01:30:00,10246.626
2025-01-01 01:35:00,11429.722
2025-01-01 01:40:00,10723.146
2025-01-01 01:45:00,12052.192
2025-01-01 01:50:00,10573.647
2025-01-01 01:55:00,11981.693
2025-01-01 02:00:00,10407.661
2025-01-01 02:05:00,10664.002
2025-01-01 02:10:00,10717.657
2025-01-01 02:15:00,10555.254
2025-01-01 02:20:00,10283.524
2025-01-01 02:25:00,10550.632
2025-01-01 02:30:00,10460.523
2025-01-01 02:35:00,11180.622
2025-01-01 02:40:00,10935.528
2025-01-01 02:45:00,11120.507
2025-01-01 02:50:00,11116.424
2025-01-01 02:55:00,10704.768
2025-01-01 03:00:00,10815.65
2025-01-01 03:05:00,11744.958
2025-01-01 03:10:00,11312.995
2025-01-01 03:15:00,11339.803
2025-01-01 03:20:00,10857.634
2025-01-01 03:25:00,10768.082
2025-01-01 03:30:00,11053.741
2025-01-01 03:35:00,11188.414
2025-01-01 03:40:00,10689.125
2025-01-01 03:45:00,11447.453
2025-01-01 03:50:00,11602.112
2025-01-01 03:55:00,11469.757
2025-01-01 04:00:00,11477.514
2025-01-01 04:05:00,11458.672
2025-01-01 04:10:00,11513.718
2025-01-01 04:15:00,11642.003
2025-01-01 04:20:00,11177.924
2025-01-01 04:25:00,11826.41
2025-01-01 04:30:00,11931.572
2025-01-01 04:35:00,11686.395
2025-01-01 04:40:00,11722.836
2025-01-01 04:45:00,11379.159
2025-01-01 04:50:00,11936.513
2025-01-01 04:55:00,11588.286
2025-01-01 05:00:00,11905.87
2025-01-01 05:05:00,11687.581
2025-01-01 05:10:00,11726.31
2025-01-01 05:15:00,11536.335
2025-01-01 05:20:00,11853.24
2025-01-01 05:25:00,12637.145
2025-01-01 05:30:00,11644.652
2025-01-01 05:35:00,11707.339
2025-01-01 05:40:00,12236.322
2025-01-01 05:45:00,12273.494
2025-01-01 05:50:00,12094.342
2025-01-01 05:55:00,12596.799
2025-01-01 06:00:00,11779.031
2025-01-01 06:05:00,12372.995
2025-01-01 06:10:00,12090.586
2025-01-01 06:15:00,12055.968
2025-01-01 06:20:00,12009.152
2025-01-01 06:25:00,12258.868
2025-01-01 06:30:00,12066.779
2025-01-01 06:35:00,12107.019
2025-01-01 06:40:00,12079.448
2025-01-01 06:45:00,12370.849
2025-01-01 06:50:00,12672.41
2025-01-01 06:55:00,12505.98
2025-01-01 07:00:00,12473.801
2025-01-01 07:05:00,12545.632
2025-01-01 07:10:00,12422.072
2025-01-01 07:15:00,13096.891
2025-01-01 07:20:00,13429.385
2025-01-01 07:25:00,12725.824
2025-01-01 07:30:00,12258.183
2025-01-01 07:35:00,12621.315
2025-01-01 07:40:00,12271.145
2025-01-01 07:45:00,12684.484
2025-01-01 07:50:00,13129.396
2025-01-01 07:55:00,12336.897
2025-01-01 08:00:00,12964.144
2025-01-01 08:05:00,12141.287
2025-01-01 08:10:00,12799.215
2025-01-01 08:15:00,12579.565
2025-01-01 08:20:00,12266.961
2025-01-01 08:25:00,12888.286
2025-01-01 08:30:00,13320.467
2025-01-01 08:35:00,13217.176
2025-01-01 08:40:00,13074.959
2025-01-01 08:45:00,13677.617
2025-01-01 08:50:00,13223.474
2025-01-01 08:55:00,13316.052
2025-01-01 09:00:00,12777.022
2025-01-01 09:05:00,12666.782
2025-01-01 09:10:00,12570.474
2025-01-01 09:15:00,12896.964
2025-01-01 09:20:00,12435.791
2025-01-01 09:25:00,12723.626
2025-01-01 09:30:00,12824.296
2025-01-01 09:35:00,13068.615
2025-01-01 09:40:00,13005.869
2025-01-01 09:45:00,12585.485
2025-01-01 09:50:00,12879.652
2025-01-01 09:55:00,12873.526
2025-01-01 10:00:00,12782.321
2025-01-01 10:05:00,12816.124
2025-01-01 10:10:00,13295.801
2025-01-01 10:15:00,12977.265
2025-01-01 10:20:00,12805.675
2025-01-01 10:25:00,12962.786
2025-01-01 10:30:00,13065.22
2025-01-01 10:35:00,12840.898
2025-01-01 10:40:00,13027.206
2025-01-01 10:45:00,12707.183
2025-01-01 10:50:00,13078.734
2025-01-01 10:55:00,13251.363
2025-01-01 11:00:00,12593.365
2025-01-01 11:05:00,13115.533
2025-01-01 11:10:00,12828.377
2025-01-01 11:15:00,13382.877
2025-01-01 11:20:00,13522.949
2025-01-01 11:25:00,13215.833
2025-01-01 11:30:00,13107.434
2025-01-01 11:35:00,12964.89
2025-01-01 11:40:00,13049.498
2025-01-01 11:45:00,13008.353
2025-01-01 11:50:00,13219.262
2025-01-01 11:55:00,13225.045
2025-01-01 12:00:00,14194.091
2025-01-01 12:05:00,13654.085
2025-01-01 12:10:00,14422.718
2025-01-01 12:15:00,14102.671
2025-01-01 12:20:00,14024.97
2025-01-01 12:25:00,14154.357
2025-01-01 12:30:00,13493.048
2025-01-01 12:35:00,13617.835
2025-01-01 12:40:00,13482.99
2025-01-01 12:45:00,14192.471
2025-01-01 12:50:00,13792.897
2025-01-01 12:55:00,13704.886
2025-01-01 13:00:00,14119.429
2025-01-01 13:05:00,14130.638
2025-01-01 13:10:00,13992.068
2025-01-01 13:15:00,13501.479
2025-01-01 13:20:00,13791.841
2025-01-01 13:25:00,14263.241
2025-01-01 13:30:00,14019.737
2025-01-01 13:35:00,13938.279
2025-01-01 13:40:00,14162.429
2025-01-01 13:45:00,13396.811
2025-01-01 13:50:00,14605.824
2025-01-01 13:55:00,13974.664
2025-01-01 14:00:00,13920.595
2025-01-01 14:05:00,13463.641
2025-01-01 14:10:00,13553.126
2025-01-01 14:15:00,14275.989
2025-01-01 14:20:00,13419.193
2025-01-01 14:25:00,13371.046
2025-01-01 14:30:00,13694.78
2025-01-01 14:35:00,14137.49
2025-01-01 14:40:00,13885.369
2025-01-01 14:45:00,13584.157
2025-01-01 14:50:00,13964.19
2025-01-01 14:55:00,13048.579
2025-01-01 15:00:00,13871.263
2025-01-01 15:05:00,13627.963
2025-01-01 15:10:00,13065.943
2025-01-01 15:15:00,13451.826
2025-01-01 15:20:00,13564.392
2025-01-01 15:25:00,13412.755
2025-01-01 15:30:00,13069.068
2025-01-01 15:35:00,13580.558
2025-01-01 15:40:00,13003.52
2025-01-01 15:45:00,12872.053
2025-01-01 15:50:00,13315.573
2025-01-01 15:55:00,12853.604
2025-01-01 16:00:00,13064.626
2025-01-01 16:05:00,14156.855
2025-01-01 16:10:00,13184.537
2025-01-01 16:15:00,13106.588
2025-01-01 16:20:00,13348.845
2025-01-01 16:25:00,13061.396
2025-01-01 16:30:00,13093.265
2025-01-01 16:35:00,13621.996
2025-01-01 16:40:00,12873.111
2025-01-01 16:45:00,13142.379
2025-01-01 16:50:00,13034.481
2025-01-01 16:55:00,12645.64
2025-01-01 17:00:00,13538.834
2025-01-01 17:05:00,13525.652
2025-01-01 17:10:00,12677.395
2025-01-01 17:15:00,12480.916
2025-01-01 17:20:00,12570.357
2025-01-01 17:25:00,13317.665
2025-01-01 17:30:00,13299.373
2025-01-01 17:35:00,12255.364
2025-01-01 17:40:00,13384.537
2025-01-01 17:45:00,12322.888
2025-01-01 17:50:00,12389.494
2025-01-01 17:55:00,12384.88
2025-01-01 18:00:00,11660.819
2025-01-01 18:05:00,12033.915
2025-01-01 18:10:00,11588.409
2025-01-01 18:15:00,11695.047
2025-01-01 18:20:00,11508.185
2025-01-01 18:25:00,11601.604
2025-01-01 18:30:00,11526.468
2025-01-01 18:35:00,11687.576
2025-01-01 18:40:00,11606.482
2025-01-01 18:45:00,11643.264
2025-01-01 18:50:00,11080.785
2025-01-01 18:55:00,11520.947
2025-01-01 19:00:00,11248.334
2025-01-01 19:05:00,11284.409
2025-01-01 19:10:00,10979.358
2025-01-01 19:15:00,11037.267
2025-01-01 19:20:00,11059.976
2025-01-01 19:25:00,10967.497
2025-01-01 19:30:00,11146.757
2025-01-01 19:35:00,11340.964
2025-01-01 19:40:00,11305.028
2025-01-01 19:45:00,10637.222
2025-01-01 19:50:00,10867.249
2025-01-01 19:55:00,10780.503
2025-01-01 20:00:00,11887.054
2025-01-01 20:05:00,10880.347
2025-01-01 20:10:00,11008.621
2025-01-01 20:15:00,10609.751
2025-01-01 20:20:00,10855.4
2025-01-01 20:25:00,10852.763
2025-01-01 20:30:00,11017.169
2025-01-01 20:35:00,11117.493
2025-01-01 20:40:00,10705.934
2025-01-01 20:45:00,11112.564
2025-01-01 20:50:00,10918.096
2025-01-01 20:55:00,10746.705
2025-01-01 21:00:00,11638.561
2025-01-01 21:05:00,12294.563
2025-01-01 21:10:00,12682.56
2025-01-01 21:15:00,12152.602
2025-01-01 21:20:00,11545.425
2025-01-01 21:25:00,12249.438
2025-01-01 21:30:00,11800.309
2025-01-01 21:35:00,11830.623
2025-01-01 21:40:00,12322.853
2025-01-01 21:45:00,11924.962
2025-01-01 21:50:00,12223.992
2025-01-01 21:55:00,12089.044
2025-01-01 22:00:00,11321.838
2025-01-01 22:05:00,11113.591
2025-01-01 22:10:00,11396.487
2025-01-01 22:15:00,11805.879
2025-01-01 22:20:00,11966.253
2025-01-01 22:25:00,11753.103
2025-01-01 22:30:00,12664.07
2025-01-01 22:35:00,11130.718
2025-01-01 22:40:00,11599.189
2025-01-01 22:45:00,11327.38
2025-01-01 22:50:00,11692.43
2025-01-01 22:55:00,12549.963
2025-01-01 23:00:00,11027.142
2025-01-01 23:05:00,12417.905
2025-01-01 23:10:00,11419.966
2025-01-01 23:15:00,10959.59
2025-01-01 23:20:00,11178.903
2025-01-01 23:25:00,11026.723
2025-01-01 23:30:00,12027.019
2025-01-01 23:35:00,11685.465
2025-01-01 23:40:00,10624.192
2025-01-01 23:45:00,11320.647
2025-01-01 23:50:00,11744.451
2025-01-01 23:55:00,11083.173
2025-01-02 00:00:00,21832.657
2025-01-02 00:05:00,19598.458
2025-01-02 00:10:00,17030.042
2025-01-02 00:15:00,15895.207
2025-01-02 00:20:00,15000.304
2025-01-02 00:25:00,10877.568
2025-01-02 00:30:00,15986.138
2025-01-02 00:35:00,10275.953
2025-01-02 00:40:00,13414.253
2025-01-02 00:45:00,12500.383
2025-01-02 00:50:00,12566.177
2025-01-02 00:55:00,12215.94
2025-01-02 01:00:00,12454.458
2025-01-02 01:05:00,10072.299
2025-01-02 01:10:00,11273.783
2025-01-02 01:15:00,10428.513
2025-01-02 01:20:00,10449.772
2025-01-02 01:25:00,10351.982
2025-01-02 01:30:00,10201.162
2025-01-02 01:35:00,10640.077
2025-01-02 01:40:00,12896.57
2025-01-02 01:45:00,12803.123
2025-01-02 01:50:00,10258.138
2025-01-02 01:55:00,11293.011
2025-01-02 02:00:00,10860.722
2025-01-02 02:05:00,10539.613
2025-01-02 02:10:00,10493.789
2025-01-02 02:15:00,10362.577
2025-01-02 02:20:00,11130.159
2025-01-02 02:25:00,10447.971
2025-01-02 02:30:00,10591.873
2025-01-02 02:35:00,10905.6
2025-01-02 02:40:00,10557.94
2025-01-02 02:45:00,10857.857
2025-01-02 02:50:00,11163.11
2025-01-02 02:55:00,10782.702
2025-01-02 03:00:00,11008.954
2025-01-02 03:05:00,10612.048
2025-01-02 03:10:00,11013.556
2025-01-02 03:15:00,11423.99
2025-01-02 03:20:00,11561.765
2025-01-02 03:25:00,10991.426
2025-01-02 03:30:00,11091.167
2025-01-02 03:35:00,11513.09
2025-01-02 03:40:00,11123.876
2025-01-02 03:45:00,11410.886
2025-01-02 03:50:00,12277.678
2025-01-02 03:55:00,11792.073
2025-01-02 04:00:00,11491.711
2025-01-02 04:05:00,11273.512
2025-01-02 04:10:00,11334.236
2025-01-02 04:15:00,11564.867
2025-01-02 04:20:00,12201.117
2025-01-02 04:25:00,11717.343
2025-01-02 04:30:00,11958.028
2025-01-02 04:35:00,11486.534
2025-01-02 04:40:00,11763.912
2025-01-02 04:45:00,11761.554
2025-01-02 04:50:00,12020.867
2025-01-02 04:55:00,11830.233
2025-01-02 05:00:00,11679.479
2025-01-02 05:05:00,11690.345
2025-01-02 05:10:00,11925.754
2025-01-02 05:15:00,12090.92
2025-01-02 05:20:00,11825.26
2025-01-02 05:25:00,12422.28
2025-01-02 05:30:00,12400.15
2025-01-02 05:35:00,11730.248
2025-01-02 05:40:00,12638.233
2025-01-02 05:45:00,12132.568
2025-01-02 05:50:00,11853.848
2025-01-02 05:55:00,12332.785
2025-01-02 06:00:00,11620.31
2025-01-02 06:05:00,12281.023
2025-01-02 06:10:00,12177.313
2025-01-02 06:15:00,12397.567
2025-01-02 06:20:00,12674.64
2025-01-02 06:25:00,12151.267
2025-01-02 06:30:00,11578.968
2025-01-02 06:35:00,12745.335
2025-01-02 06:40:00,12719.293
2025-01-02 06:45:00,12496.651
2025-01-02 06:50:00,12427.49
2025-01-02 06:55:00,12279.275
2025-01-02 07:00:00,12623.581
2025-01-02 07:05:00,12874.88
2025-01-02 07:10:00,12282.207
2025-01-02 07:15:00,12618.25
2025-01-02 07:20:00,13015.556
2025-01-02 07:25:00,13243.539
2025-01-02 07:30:00,12647.081
2025-01-02 07:35:00,12460.579
2025-01-02 07:40:00,12154.492
2025-01-02 07:45:00,12782.368
2025-01-02 07:50:00,12489.769
2025-01-02 07:55:00,12778.499
2025-01-02 08:00:00,12280.403
2025-01-02 08:05:00,12586.524
2025-01-02 08:10:00,12501.064
2025-01-02 08:15:00,13642.18
2025-01-02 08:20:00,13130.24
2025-01-02 08:25:00,13024.963
2025-01-02 08:30:00,12570.136
2025-01-02 08:35:00,12902.211
2025-01-02 08:40:00,12948.962
2025-01-02 08:45:00,13272.075
2025-01-02 08:50:00,13139.353
2025-01-02 08:55:00,13320.641
2025-01-02 09:00:00,12760.936
2025-01-02 09:05:00,12401.791
2025-01-02 09:10:00,12940.423
2025-01-02 09:15:00,12635.047
2025-01-02 09:20:00,12922.847
2025-01-02 09:25:00,12985.885
2025-01-02 09:30:00,12677.553
2025-01-02 09:35:00,12770.961
2025-01-02 09:40:00,12869.551
2025-01-02 09:45:00,12880.856
2025-01-02 09:50:00,12749.75
2025-01-02 09:55:00,12907.976
2025-01-02 10:00:00,12898.949
2025-01-02 10:05:00,12978.363
2025-01-02 10:10:00,13077.87
2025-01-02 10:15:00,12950.569
2025-01-02 10:20:00,13179.268
2025-01-02 10:25:00,12967.486
2025-01-02 10:30:00,12708.509
2025-01-02 10:35:00,13007.885
2025-01-02 10:40:00,13166.215
2025-01-02 10:45:00,13075.035
2025-01-02 10:50:00,13000.017
2025-01-02 10:55:00,13089.848
2025-01-02 11:00:00,13372.686
2025-01-02 11:05:00,12767.883
2025-01-02 11:10:00,12850.972
2025-01-02 11:15:00,13183.108
2025-01-02 11:20:00,13194.145
2025-01-02 11:25:00,13123.975
2025-01-02 11:30:00,13205.787
2025-01-02 11:35:00,12979.709
2025-01-02 11:40:00,13430.214
2025-01-02 11:45:00,12881.259
2025-01-02 11:50:00,12993.908
2025-01-02 11:55:00,13223.715
2025-01-02 12:00:00,14458.645
2025-01-02 12:05:00,14230.15
2025-01-02 12:10:00,13933.519
2025-01-02 12:15:00,13547.443
2025-01-02 12:20:00,13068.268
2025-01-02 12:25:00,14047.281
2025-01-02 12:30:00,13484.673
2025-01-02 12:35:00,12760.724
2025-01-02 12:40:00,13978.268
2025-01-02 12:45:00,13574.156
2025-01-02 12:50:00,14218.966
2025-01-02 12:55:00,13756.424
2025-01-02 13:00:00,14298.711
2025-01-02 13:05:00,13650.327
2025-01-02 13:10:00,13973.047
2025-01-02 13:15:00,13966.464
2025-01-02 13:20:00,13316.586
2025-01-02 13:25:00,13499.921
2025-01-02 13:30:00,13910.207
2025-01-02 13:35:00,13735.844
2025-01-02 13:40:00,13459.389
2025-01-02 13:45:00,13991.36
2025-01-02 13:50:00,14323.075
2025-01-02 13:55:00,13854.836
2025-01-02 14:00:00,14134.159
2025-01-02 14:05:00,13748.199
2025-01-02 14:10:00,13881.1
2025-01-02 14:15:00,13623.794
2025-01-02 14:20:00,14221.849
2025-01-02 14:25:00,13820.151
2025-01-02 14:30:00,13699.803
2025-01-02 14:35:00,13527.849
2025-01-02 14:40:00,13113.133
2025-01-02 14:45:00,13140.08
2025-01-02 14:50:00,13491.566
2025-01-02 14:55:00,13613.768
2025-01-02 15:00:00,13600.006
2025-01-02 15:05:00,13510.812
2025-01-02 15:10:00,13833.312
2025-01-02 15:15:00,13715.613
2025-01-02 15:20:00,13196.225
2025-01-02 15:25:00,13843.756
2025-01-02 15:30:00,13340.373
2025-01-02 15:35:00,13413.676
2025-01-02 15:40:00,13633.92
2025-01-02 15:45:00,13510.364
2025-01-02 15:50:00,13898.745
2025-01-02 15:55:00,13349.015
2025-01-02 16:00:00,13302.291
2025-01-02 16:05:00,13576.326
2025-01-02 16:10:00,13096.96
2025-01-02 16:15:00,12963.71
2025-01-02 16:20:00,13618.352
2025-01-02 16:25:00,13384.714
2025-01-02 16:30:00,13790.961
2025-01-02 16:35:00,13478.244
2025-01-02 16:40:00,13138.958
2025-01-02 16:45:00,13330.955
2025-01-02 16:50:00,12929.835
2025-01-02 16:55:00,13173.632
2025-01-02 17:00:00,12747.143
2025-01-02 17:05:00,13326.507
2025-01-02 17:10:00,13262.658
2025-01-02 17:15:00,12987.964
2025-01-02 17:20:00,12517.884
2025-01-02 17:25:00,12554.404
2025-01-02 17:30:00,12950.456
2025-01-02 17:35:00,12959.533
2025-01-02 17:40:00,12755.922
2025-01-02 17:45:00,12320.371
2025-01-02 17:50:00,12731.008
2025-01-02 17:55:00,12618.07
2025-01-02 18:00:00,11463.011
2025-01-02 18:05:00,11572.284
2025-01-02 18:10:00,11600.627
2025-01-02 18:15:00,11362.68
2025-01-02 18:20:00,11367.3
2025-01-02 18:25:00,11321.585
2025-01-02 18:30:00,11164.773
2025-01-02 18:35:00,11109.813
2025-01-02 18:40:00,10887.573
2025-01-02 18:45:00,11529.416
2025-01-02 18:50:00,11182.977
2025-01-02 18:55:00,11566.611
2025-01-02 19:00:00,11450.326
2025-01-02 19:05:00,11452.538
2025-01-02 19:10:00,11293.963
2025-01-02 19:15:00,11652.912
2025-01-02 19:20:00,11363.999
2025-01-02 19:25:00,11418.968
2025-01-02 19:30:00,11004.271
2025-01-02 19:35:00,10718.994
2025-01-02 19:40:00,11844.078
2025-01-02 19:45:00,10933.851
2025-01-02 19:50:00,11387.629
2025-01-02 19:55:00,11185.738
2025-01-02 20:00:00,10917.921
2025-01-02 20:05:00,11273.561
2025-01-02 20:10:00,11276.014
2025-01-02 20:15:00,10784.987
2025-01-02 20:20:00,11158.6
2025-01-02 20:25:00,10919.916
2025-01-02 20:30:00,10926.163
2025-01-02 20:35:00,11312.421
2025-01-02 20:40:00,10901.028
2025-01-02 20:45:00,11225.165
2025-01-02 20:50:00,10984.882
2025-01-02 20:55:00,11015.035
2025-01-02 21:00:00,11905.222
2025-01-02 21:05:00,12223.286
2025-01-02 21:10:00,11377.373
2025-01-02 21:15:00,12701.079
2025-01-02 21:20:00,11940.966
2025-01-02 21:25:00,12248.389
2025-01-02 21:30:00,11561.11
2025-01-02 21:35:00,11096.068
2025-01-02 21:40:00,12120.922
2025-01-02 21:45:00,11436.642
2025-01-02 21:50:00,11476.459
2025-01-02 21:55:00,12492.41
2025-01-02 22:00:00,12026.176
2025-01-02 22:05:00,12709.082
2025-01-02 22:10:00,11349.501
2025-01-02 22:15:00,11286.675
2025-01-02 22:20:00,12139.674
2025-01-02 22:25:00,11323.766
2025-01-02 22:30:00,11772.718
2025-01-02 22:35:00,12197.908
2025-01-02 22:40:00,11388.582
2025-01-02 22:45:00,11417.797
2025-01-02 22:50:00,11100.797
2025-01-02 22:55:00,11138.127
2025-01-02 23:00:00,11218.446
2025-01-02 23:05:00,11452.676
2025-01-02 23:10:00,11870.777
2025-01-02 23:15:00,12013.547
2025-01-02 23:20:00,11484.789
2025-01-02 23:25:00,11055.321
2025-01-02 23:30:00,11247.859
2025-01-02 23:35:00,11205.494
2025-01-02 23:40:00,11068.97
2025-01-02 23:45:00,10454.602
2025-01-02 23:50:00,11320.118
2025-01-02 23:55:00,10701.962
2025-01-03 00:00:00,23424.96
2025-01-03 00:05:00,20621.763
2025-01-03 00:10:00,16617.37
2025-01-03 00:15:00,16686.296
2025-01-03 00:20:00,10474.736
2025-01-03 00:25:00,14408.635
2025-01-03 00:30:00,13210.817
2025-01-03 00:35:00,10064.588
2025-01-03 00:40:00,10585.138
2025-01-03 00:45:00,11312.664
2025-01-03 00:50:00,10296.428
2025-01-03 00:55:00,11707.39
2025-01-03 01:00:00,10303.415
2025-01-03 01:05:00,10384.771
2025-01-03 01:10:00,10299.379
2025-01-03 01:15:00,10496.731
2025-01-03 01:20:00,10675.9
2025-01-03 01:25:00,10923.018
2025-01-03 01:30:00,10877.097
2025-01-03 01:35:00,11275.37
2025-01-03 01:40:00,10669.508
2025-01-03 01:45:00,10698.686
2025-01-03 01:50:00,11020.141
2025-01-03 01:55:00,12188.232
2025-01-03 02:00:00,11431.74
2025-01-03 02:05:00,10656.15
2025-01-03 02:10:00,11068.726
2025-01-03 02:15:00,10301.041
2025-01-03 02:20:00,10864.194
2025-01-03 02:25:00,10994.017
2025-01-03 02:30:00,10658.452
2025-01-03 02:35:00,10529.428
2025-01-03 02:40:00,11244.201
2025-01-03 02:45:00,11178.965
2025-01-03 02:50:00,10620.156
2025-01-03 02:55:00,11307.554
2025-01-03 03:00:00,11107.359
2025-01-03 03:05:00,10522.673
2025-01-03 03:10:00,11739.378
2025-01-03 03:15:00,11231.136
2025-01-03 03:20:00,11390.377
2025-01-03 03:25:00,11261.967
2025-01-03 03:30:00,11390.285
2025-01-03 03:35:00,10940.758
2025-01-03 03:40:00,11017.902
2025-01-03 03:45:00,11461.542
2025-01-03 03:50:00,11414.346
2025-01-03 03:55:00,11626.491
2025-01-03 04:00:00,11491.581
2025-01-03 04:05:00,10746.062
2025-01-03 04:10:00,12078.987
2025-01-03 04:15:00,11158.769
2025-01-03 04:20:00,12061.741
2025-01-03 04:25:00,12413.138
2025-01-03 04:30:00,11110.375
2025-01-03 04:35:00,11777.223
2025-01-03 04:40:00,11988.778
2025-01-03 04:45:00,11946.976
2025-01-03 04:50:00,12070.021
2025-01-03 04:55:00,11482.519
2025-01-03 05:00:00,11676.934
2025-01-03 05:05:00,11893.794
2025-01-03 05:10:00,11176.661
2025-01-03 05:15:00,11864.105
2025-01-03 05:20:00,12394.685
2025-01-03 05:25:00,12590.543
2025-01-03 05:30:00,12306.862
2025-01-03 05:35:00,11951.893
2025-01-03 05:40:00,12502.269
2025-01-03 05:45:00,12488.236
2025-01-03 05:50:00,12332.508
2025-01-03 05:55:00,12274.306
2025-01-03 06:00:00,12143.7
2025-01-03 06:05:00,12025.576
2025-01-03 06:10:00,11742.349
2025-01-03 06:15:00,11616.566
2025-01-03 06:20:00,12167.691
2025-01-03 06:25:00,11754.87
2025-01-03 06:30:00,12010.35
2025-01-03 06:35:00,12027.63
2025-01-03 06:40:00,12512.343
2025-01-03 06:45:00,12044.26
2025-01-03 06:50:00,12310.932
2025-01-03 06:55:00,11860.486
2025-01-03 07:00:00,11862.453
2025-01-03 07:05:00,12487.887
2025-01-03 07:10:00,13175.073
2025-01-03 07:15:00,12405.657
2025-01-03 07:20:00,12768.186
2025-01-03 07:25:00,12500.408
2025-01-03 07:30:00,12793.315
2025-01-03 07:35:00,12836.769
2025-01-03 07:40:00,12847.365
2025-01-03 07:45:00,12664.492
2025-01-03 07:50:00,13312.452
2025-01-03 07:55:00,12753.28
2025-01-03 08:00:00,12693.791
2025-01-03 08:05:00,13181.951
2025-01-03 08:10:00,13075.653
2025-01-03 08:15:00,13338.989
2025-01-03 08:20:00,12458.682
2025-01-03 08:25:00,12754.292
2025-01-03 08:30:00,12639.417
2025-01-03 08:35:00,13186.402
2025-01-03 08:40:00,13161.553
2025-01-03 08:45:00,12735.998
2025-01-03 08:50:00,12782.945
2025-01-03 08:55:00,12922.605
2025-01-03 09:00:00,12659.807
2025-01-03 09:05:00,12828.543
2025-01-03 09:10:00,12699.207
2025-01-03 09:15:00,12357.396
2025-01-03 09:20:00,12424.603
2025-01-03 09:25:00,13026.857
2025-01-03 09:30:00,12635.106
2025-01-03 09:35:00,12571.163
2025-01-03 09:40:00,12715.003
2025-01-03 09:45:00,12725.057
2025-01-03 09:50:00,12583.176
2025-01-03 09:55:00,12822.444
2025-01-03 10:00:00,13190.424
2025-01-03 10:05:00,12849.544
2025-01-03 10:10:00,12929.451
2025-01-03 10:15:00,12727.425
2025-01-03 10:20:00,13089.214
2025-01-03 10:25:00,12921.624
2025-01-03 10:30:00,13036.98
2025-01-03 10:35:00,12950.149
2025-01-03 10:40:00,12806.004
2025-01-03 10:45:00,12924.307
2025-01-03 10:50:00,13282.798
2025-01-03 10:55:00,13127.52
2025-01-03 11:00:00,13202.568
2025-01-03 11:05:00,13222.405
2025-01-03 11:10:00,13147.585
2025-01-03 11:15:00,13586.432
2025-01-03 11:20:00,13165.19
2025-01-03 11:25:00,13065.203
2025-01-03 11:30:00,13214.632
2025-01-03 11:35:00,13054.644
2025-01-03 11:40:00,12913.048
2025-01-03 11:45:00,13177.201
2025-01-03 11:50:00,13389.638
2025-01-03 11:55:00,12937.707
2025-01-03 12:00:00,14231.883
2025-01-03 12:05:00,14426.23
2025-01-03 12:10:00,14100.571
2025-01-03 12:15:00,14012.367
2025-01-03 12:20:00,14362.19
2025-01-03 12:25:00,13517.576
2025-01-03 12:30:00,13784.296
2025-01-03 12:35:00,13723.886
2025-01-03 12:40:00,13859.5
2025-01-03 12:45:00,14367.532
2025-01-03 12:50:00,13892.04
2025-01-03 12:55:00,13905.424
2025-01-03 13:00:00,13909.445
2025-01-03 13:05:00,14118.55
2025-01-03 13:10:00,14100.703
2025-01-03 13:15:00,13542.737
2025-01-03 13:20:00,13404.164
2025-01-03 13:25:00,13791.412
2025-01-03 13:30:00,13861.64
2025-01-03 13:35:00,13654.977
2025-01-03 13:40:00,14180.713
2025-01-03 13:45:00,13611.414
2025-01-03 13:50:00,13923.904
2025-01-03 13:55:00,13852.529
2025-01-03 14:00:00,13376.303
2025-01-03 14:05:00,13696.004
2025-01-03 14:10:00,14092.863
2025-01-03 14:15:00,13385.129
2025-01-03 14:20:00,13612.569
2025-01-03 14:25:00,13914.143
2025-01-03 14:30:00,14150.822
2025-01-03 14:35:00,13553.5
2025-01-03 14:40:00,13320.886
2025-01-03 14:45:00,13372.219
2025-01-03 14:50:00,13695.652
2025-01-03 14:55:00,13874.141
2025-01-03 15:00:00,13000.753
2025-01-03 15:05:00,13895.933
2025-01-03 15:10:00,14170.994
2025-01-03 15:15:00,13997.525
2025-01-03 15:20:00,13743.157
2025-01-03 15:25:00,13294.992
2025-01-03 15:30:00,13246.3
2025-01-03 15:35:00,13718.162
2025-01-03 15:40:00,13676.373
2025-01-03 15:45:00,12981.713
2025-01-03 15:50:00,13177.503
2025-01-03 15:55:00,13418.633
2025-01-03 16:00:00,13315.215
2025-01-03 16:05:00,13398.051
2025-01-03 16:10:00,13512.895
2025-01-03 16:15:00,13760.344
2025-01-03 16:20:00,13230.831
2025-01-03 16:25:00,13783.793
2025-01-03 16:30:00,12504.494
2025-01-03 16:35:00,13079.089
2025-01-03 16:40:00,13147.572
2025-01-03 16:45:00,12848.006
2025-01-03 16:50:00,13242.518
2025-01-03 16:55:00,13103.937
2025-01-03 17:00:00,13200.641
2025-01-03 17:05:00,13294.106
2025-01-03 17:10:00,12910.984
2025-01-03 17:15:00,13394.534
2025-01-03 17:20:00,12534.133
2025-01-03 17:25:00,12578.242
2025-01-03 17:30:00,13365.756
2025-01-03 17:35:00,12039.607
2025-01-03 17:40:00,12721.654
2025-01-03 17:45:00,13024.21
2025-01-03 17:50:00,12422.931
2025-01-03 17:55:00,12637.236
2025-01-03 18:00:00,12057.014
2025-01-03 18:05:00,11445.958
2025-01-03 18:10:00,11537.948
2025-01-03 18:15:00,11388.031
2025-01-03 18:20:00,11120.207
2025-01-03 18:25:00,11523.077
2025-01-03 18:30:00,11626.042
2025-01-03 18:35:00,11454.157
2025-01-03 18:40:00,11605.689
2025-01-03 18:45:00,11356.075
2025-01-03 18:50:00,11496.162
2025-01-03 18:55:00,11752.024
2025-01-03 19:00:00,11408.627
2025-01-03 19:05:00,11488.842
2025-01-03 19:10:00,11644.782
2025-01-03 19:15:00,11302.081
2025-01-03 19:20:00,11083.363
2025-01-03 19:25:00,11322.922
2025-01-03 19:30:00,11197.167
2025-01-03 19:35:00,11233.222
2025-01-03 19:40:00,10956.417
2025-01-03 19:45:00,11693.4
2025-01-03 19:50:00,11156.881
2025-01-03 19:55:00,11097.554
2025-01-03 20:00:00,11090.177
2025-01-03 20:05:00,11411.403
2025-01-03 20:10:00,11035.494
2025-01-03 20:15:00,11097.994
2025-01-03 20:20:00,10913.457
2025-01-03 20:25:00,10833.948
2025-01-03 20:30:00,11106.617
2025-01-03 20:35:00,10958.089
2025-01-03 20:40:00,10815.482
2025-01-03 20:45:00,10842.633
2025-01-03 20:50:00,11055.687
2025-01-03 20:55:00,10356.867
2025-01-03 21:00:00,12226.799
2025-01-03 21:05:00,11965.374
2025-01-03 21:10:00,11661.347
2025-01-03 21:15:00,11926.622
2025-01-03 21:20:00,11937.578
2025-01-03 21:25:00,11755.091
2025-01-03 21:30:00,12111.917
2025-01-03 21:35:00,11128.041
2025-01-03 21:40:00,12286.858
2025-01-03 21:45:00,11619.453
2025-01-03 21:50:00,11380.92
2025-01-03 21:55:00,11680.278
2025-01-03 22:00:00,11665.757
2025-01-03 22:05:00,11270.555
2025-01-03 22:10:00,11964.038
2025-01-03 22:15:00,12821.842
2025-01-03 22:20:00,11222.594
2025-01-03 22:25:00,11289.278
2025-01-03 22:30:00,10719.709
2025-01-03 22:35:00,11602.466
2025-01-03 22:40:00,11842.626
2025-01-03 22:45:00,11283.007
2025-01-03 22:50:00,11719.48
2025-01-03 22:55:00,11681.04
2025-01-03 23:00:00,11039.3
2025-01-03 23:05:00,11134.001
2025-01-03 23:10:00,12194.527
2025-01-03 23:15:00,11585.399
2025-01-03 23:20:00,11344.088
2025-01-03 23:25:00,11022.005
2025-01-03 23:30:00,11524.205
2025-01-03 23:35:00,11583.885
2025-01-03 23:40:00,11349.265
2025-01-03 23:45:00,11366.181
2025-01-03 23:50:00,10864.789
2025-01-03 23:55:00,11327.082
2025-01-04 00:00:00,23551.585
2025-01-04 00:05:00,21778.62
2025-01-04 00:10:00,18229.894
2025-01-04 00:15:00,16328.563
2025-01-04 00:20:00,13813.955
2025-01-04 00:25:00,13028.107
2025-01-04 00:30:00,11557.79
2025-01-04 00:35:00,10669.263
2025-01-04 00:40:00,9849.283
2025-01-04 00:45:00,11206.971
2025-01-04 00:50:00,10713.339
2025-01-04 00:55:00,10250.282
2025-01-04 01:00:00,10034.72
2025-01-04 01:05:00,9879.987
2025-01-04 01:10:00,10359.726
2025-01-04 01:15:00,9878.721
2025-01-04 01:20:00,10616.024
2025-01-04 01:25:00,10304.921
2025-01-04 01:30:00,9586.008
2025-01-04 01:35:00,10235.694
2025-01-04 01:40:00,10187.757
2025-01-04 01:45:00,9703.536
2025-01-04 01:50:00,9751.71
2025-01-04 01:55:00,10150.217
2025-01-04 02:00:00,9967.359
2025-01-04 02:05:00,10137.986
2025-01-04 02:10:00,10021.445
2025-01-04 02:15:00,9798.389
2025-01-04 02:20:00,11037.096
2025-01-04 02:25:00,10003.583
2025-01-04 02:30:00,9452.606
2025-01-04 02:35:00,9894.912
2025-01-04 02:40:00,9871.581
2025-01-04 02:45:00,9741.885
2025-01-04 02:50:00,10557.603
2025-01-04 02:55:00,10409.842
2025-01-04 03:00:00,10411.959
2025-01-04 03:05:00,10405.0
2025-01-04 03:10:00,10128.698
2025-01-04 03:15:00,13199.579
2025-01-04 03:20:00,9778.253
2025-01-04 03:25:00,10590.469
2025-01-04 03:30:00,9849.278
2025-01-04 03:35:00,10245.932
2025-01-04 03:40:00,10577.594
2025-01-04 03:45:00,10547.811
2025-01-04 03:50:00,11558.281
2025-01-04 03:55:00,10123.328
2025-01-04 04:00:00,10029.575
2025-01-04 04:05:00,11359.99
2025-01-04 04:10:00,11060.214
2025-01-04 04:15:00,10325.59
2025-01-04 04:20:00,10398.527
2025-01-04 04:25:00,10668.175
2025-01-04 04:30:00,10818.864
2025-01-04 04:35:00,10529.233
2025-01-04 04:40:00,10825.406
2025-01-04 04:45:00,10998.699
2025-01-04 04:50:00,10967.329
2025-01-04 04:55:00,11629.109
2025-01-04 05:00:00,11051.93
2025-01-04 05:05:00,11248.739
2025-01-04 05:10:00,11304.906
2025-01-04 05:15:00,10613.788
2025-01-04 05:20:00,10943.966
2025-01-04 05:25:00,10830.596
2025-01-04 05:30:00,10869.581
2025-01-04 05:35:00,11226.892
2025-01-04 05:40:00,11392.981
2025-01-04 05:45:00,11267.157
2025-01-04 05:50:00,11829.947
2025-01-04 05:55:00,11378.293
2025-01-04 06:00:00,11567.723
2025-01-04 06:05:00,11206.242
2025-01-04 06:10:00,11437.546
2025-01-04 06:15:00,11257.848
2025-01-04 06:20:00,11126.525
2025-01-04 06:25:00,11013.339
2025-01-04 06:30:00,11383.907
2025-01-04 06:35:00,11267.299
2025-01-04 06:40:00,11270.836
2025-01-04 06:45:00,11508.691
2025-01-04 06:50:00,11550.394
2025-01-04 06:55:00,11533.714
2025-01-04 07:00:00,11658.12
2025-01-04 07:05:00,11979.881
2025-01-04 07:10:00,12018.756
2025-01-04 07:15:00,11816.382
2025-01-04 07:20:00,11868.773
2025-01-04 07:25:00,12478.264
2025-01-04 07:30:00,12133.668
2025-01-04 07:35:00,11910.474
2025-01-04 07:40:00,11858.266
2025-01-04 07:45:00,12248.58
2025-01-04 07:50:00,12283.764
2025-01-04 07:55:00,12098.68
2025-01-04 08:00:00,12393.137
2025-01-04 08:05:00,11585.761
2025-01-04 08:10:00,12097.121
2025-01-04 08:15:00,12281.788
2025-01-04 08:20:00,11961.207
2025-01-04 08:25:00,12170.258
2025-01-04 08:30:00,12407.327
2025-01-04 08:35:00,12303.889
2025-01-04 08:40:00,12153.842
2025-01-04 08:45:00,12416.026
2025-01-04 08:50:00,12695.693
2025-01-04 08:55:00,12050.567
2025-01-04 09:00:00,12171.491
2025-01-04 09:05:00,11697.996
2025-01-04 09:10:00,12415.817
2025-01-04 09:15:00,12173.613
2025-01-04 09:20:00,12299.591
2025-01-04 09:25:00,12105.79
2025-01-04 09:30:00,12390.268
2025-01-04 09:35:00,12357.977
2025-01-04 09:40:00,12153.389
2025-01-04 09:45:00,12443.567
2025-01-04 09:50:00,12234.924
2025-01-04 09:55:00,12609.55
2025-01-04 10:00:00,12608.608
2025-01-04 10:05:00,12397.419
2025-01-04 10:10:00,12252.467
2025-01-04 10:15:00,12391.026
2025-01-04 10:20:00,12438.395
2025-01-04 10:25:00,12957.581
2025-01-04 10:30:00,12491.988
2025-01-04 10:35:00,12933.713
2025-01-04 10:40:00,12268.049
2025-01-04 10:45:00,12550.784
2025-01-04 10:50:00,12428.54
2025-01-04 10:55:00,12799.211
2025-01-04 11:00:00,12499.176
2025-01-04 11:05:00,12606.191
2025-01-04 11:10:00,12750.571
2025-01-04 11:15:00,12332.111
2025-01-04 11:20:00,12685.01
2025-01-04 11:25:00,12425.011
2025-01-04 11:30:00,12620.282
2025-01-04 11:35:00,12233.214
2025-01-04 11:40:00,12190.202
2025-01-04 11:45:00,12605.007
2025-01-04 11:50:00,12577.765
2025-01-04 11:55:00,12709.046
2025-01-04 12:00:00,14251.67
2025-01-04 12:05:00,13793.434
2025-01-04 12:10:00,13254.207
2025-01-04 12:15:00,13837.376
2025-01-04 12:20:00,13903.371
2025-01-04 12:25:00,13273.068
2025-01-04 12:30:00,13723.697
2025-01-04 12:35:00,12986.16
2025-01-04 12:40:00,13411.668
2025-01-04 12:45:00,13279.918
2025-01-04 12:50:00,13668.503
2025-01-04 12:55:00,12969.988
2025-01-04 13:00:00,13531.857
2025-01-04 13:05:00,13394.857
2025-01-04 13:10:00,12796.428
2025-01-04 13:15:00,13224.45
2025-01-04 13:20:00,12896.687
2025-01-04 13:25:00,13892.645
2025-01-04 13:30:00,13305.908
2025-01-04 13:35:00,13271.871
2025-01-04 13:40:00,13196.796
2025-01-04 13:45:00,13315.376
2025-01-04 13:50:00,12824.72
2025-01-04 13:55:00,13492.101
2025-01-04 14:00:00,13247.434
2025-01-04 14:05:00,13341.439
2025-01-04 14:10:00,13438.963
2025-01-04 14:15:00,13177.986
2025-01-04 14:20:00,12638.913
2025-01-04 14:25:00,13566.854
2025-01-04 14:30:00,12938.29
2025-01-04 14:35:00,12879.663
2025-01-04 14:40:00,12194.378
2025-01-04 14:45:00,12938.356
2025-01-04 14:50:00,13437.235
2025-01-04 14:55:00,13179.666
2025-01-04 15:00:00,12392.372
2025-01-04 15:05:00,12605.143
2025-01-04 15:10:00,13085.612
2025-01-04 15:15:00,12802.682
2025-01-04 15:20:00,12771.066
2025-01-04 15:25:00,12632.049
2025-01-04 15:30:00,12336.26
2025-01-04 15:35:00,12754.946
2025-01-04 15:40:00,12972.169
2025-01-04 15:45:00,12555.705
2025-01-04 15:50:00,12107.419
2025-01-04 15:55:00,12773.014
2025-01-04 16:00:00,12356.774
2025-01-04 16:05:00,12353.518
2025-01-04 16:10:00,12355.281
2025-01-04 16:15:00,12273.797
2025-01-04 16:20:00,12171.921
2025-01-04 16:25:00,12185.643
2025-01-04 16:30:00,12439.476
2025-01-04 16:35:00,12288.326
2025-01-04 16:40:00,11943.819
2025-01-04 16:45:00,12160.022
2025-01-04 16:50:00,12049.749
2025-01-04 16:55:00,11856.296
2025-01-04 17:00:00,11965.732
2025-01-04 17:05:00,11839.12
2025-01-04 17:10:00,11745.078
2025-01-04 17:15:00,12240.668
2025-01-04 17:20:00,12076.882
2025-01-04 17:25:00,12084.811
2025-01-04 17:30:00,12074.101
2025-01-04 17:35:00,12062.834
2025-01-04 17:40:00,11919.947
2025-01-04 17:45:00,11841.762
2025-01-04 17:50:00,11774.905
2025-01-04 17:55:00,12228.441
2025-01-04 18:00:00,11152.525
2025-01-04 18:05:00,10935.594
2025-01-04 18:10:00,11154.96
2025-01-04 18:15:00,11154.375
2025-01-04 18:20:00,11506.786
2025-01-04 18:25:00,10587.972
2025-01-04 18:30:00,11152.744
2025-01-04 18:35:00,11037.014
2025-01-04 18:40:00,10805.421
2025-01-04 18:45:00,10728.033
2025-01-04 18:50:00,11405.116
2025-01-04 18:55:00,10889.047
2025-01-04 19:00:00,10955.452
2025-01-04 19:05:00,10721.923
2025-01-04 19:10:00,10844.246
2025-01-04 19:15:00,10931.554
2025-01-04 19:20:00,10672.091
2025-01-04 19:25:00,10463.093
2025-01-04 19:30:00,10878.659
2025-01-04 19:35:00,10451.515
2025-01-04 19:40:00,10367.037
2025-01-04 19:45:00,10581.811
2025-01-04 19:50:00,10632.94
2025-01-04 19:55:00,10509.19
2025-01-04 20:00:00,10515.208
2025-01-04 20:05:00,10829.17
2025-01-04 20:10:00,10840.622
2025-01-04 20:15:00,10195.67
2025-01-04 20:20:00,10572.422
2025-01-04 20:25:00,10607.195
2025-01-04 20:30:00,10651.378
2025-01-04 20:35:00,10560.073
2025-01-04 20:40:00,10560.717
2025-01-04 20:45:00,10670.032
2025-01-04 20:50:00,10367.902
2025-01-04 20:55:00,9922.691
2025-01-04 21:00:00,10921.276
2025-01-04 21:05:00,11388.401
2025-01-04 21:10:00,11079.09
2025-01-04 21:15:00,11151.936
2025-01-04 21:20:00,10867.932
2025-01-04 21:25:00,12195.993
2025-01-04 21:30:00,10942.97
2025-01-04 21:35:00,10981.736
2025-01-04 21:40:00,11041.579
2025-01-04 21:45:00,10290.139
2025-01-04 21:50:00,10734.573
2025-01-04 21:55:00,10562.099
2025-01-04 22:00:00,11033.065
2025-01-04 22:05:00,10769.478
2025-01-04 22:10:00,10780.0
2025-01-04 22:15:00,10321.295
2025-01-04 22:20:00,10388.742
2025-01-04 22:25:00,10034.69
2025-01-04 22:30:00,10016.908
2025-01-04 22:35:00,10797.215
2025-01-04 22:40:00,10202.936
2025-01-04 22:45:00,10378.888
2025-01-04 22:50:00,10901.713
2025-01-04 22:55:00,11022.212
2025-01-04 23:00:00,9846.559
2025-01-04 23:05:00,10314.997
2025-01-04 23:10:00,10402.11
2025-01-04 23:15:00,9820.551
2025-01-04 23:20:00,10201.083
2025-01-04 23:25:00,9989.533
2025-01-04 23:30:00,9807.261
2025-01-04 23:35:00,9745.414
2025-01-04 23:40:00,10341.844
2025-01-04 23:45:00,9649.564
2025-01-04 23:50:00,9613.346
2025-01-04 23:55:00,10106.493
2025-01-05 00:00:00,14400.533
2025-01-05 00:05:00,11197.106
2025-01-05 00:10:00,9644.145
2025-01-05 00:15:00,9709.17
2025-01-05 00:20:00,11579.466
2025-01-05 00:25:00,10521.704
2025-01-05 00:30:00,9973.952
2025-01-05 00:35:00,9770.99
2025-01-05 00:40:00,10705.123
2025-01-05 00:45:00,10638.231
2025-01-05 00:50:00,9740.066
2025-01-05 00:55:00,9920.795
2025-01-05 01:00:00,9363.826
2025-01-05 01:05:00,9467.46
2025-01-05 01:10:00,10719.043
2025-01-05 01:15:00,10496.62
2025-01-05 01:20:00,9601.079
2025-01-05 01:25:00,9722.263
2025-01-05 01:30:00,11866.943
2025-01-05 01:35:00,10062.363
2025-01-05 01:40:00,10143.543
2025-01-05 01:45:00,10405.991
2025-01-05 01:50:00,10416.681
2025-01-05 01:55:00,9725.883
2025-01-05 02:00:00,9853.785
2025-01-05 02:05:00,9875.129
2025-01-05 02:10:00,9943.519
2025-01-05 02:15:00,9637.848
2025-01-05 02:20:00,11609.232
2025-01-05 02:25:00,9563.587
2025-01-05 02:30:00,10146.354
2025-01-05 02:35:00,10156.368
2025-01-05 02:40:00,10131.754
2025-01-05 02:45:00,10251.303
2025-01-05 02:50:00,9751.993
2025-01-05 02:55:00,10476.586
2025-01-05 03:00:00,10248.639
2025-01-05 03:05:00,9928.233
2025-01-05 03:10:00,10292.826
2025-01-05 03:15:00,10734.601
2025-01-05 03:20:00,10437.496
2025-01-05 03:25:00,10780.923
2025-01-05 03:30:00,10425.637
2025-01-05 03:35:00,11007.738
2025-01-05 03:40:00,10598.32
2025-01-05 03:45:00,10462.377
2025-01-05 03:50:00,10303.183
2025-01-05 03:55:00,10958.189
2025-01-05 04:00:00,10641.691
2025-01-05 04:05:00,10581.817
2025-01-05 04:10:00,11181.853
2025-01-05 04:15:00,11019.731
2025-01-05 04:20:00,10706.91
2025-01-05 04:25:00,10798.654
2025-01-05 04:30:00,10848.048
2025-01-05 04:35:00,10917.508
2025-01-05 04:40:00,11477.762
2025-01-05 04:45:00,11008.731
2025-01-05 04:50:00,10865.991
2025-01-05 04:55:00,11301.517
2025-01-05 05:00:00,11312.083
2025-01-05 05:05:00,10750.251
2025-01-05 05:10:00,11298.222
2025-01-05 05:15:00,11265.349
2025-01-05 05:20:00,11070.908
2025-01-05 05:25:00,11750.005
2025-01-05 05:30:00,11128.106
2025-01-05 05:35:00,11112.052
2025-01-05 05:40:00,10961.534
2025-01-05 05:45:00,11034.939
2025-01-05 05:50:00,11391.311
2025-01-05 05:55:00,11288.906
2025-01-05 06:00:00,11196.146
2025-01-05 06:05:00,11577.507
2025-01-05 06:10:00,11401.502
2025-01-05 06:15:00,11440.318
2025-01-05 06:20:00,11278.846
2025-01-05 06:25:00,12020.404
2025-01-05 06:30:00,11018.488
2025-01-05 06:35:00,12030.076
2025-01-05 06:40:00,11898.306
2025-01-05 06:45:00,11592.47
2025-01-05 06:50:00,11534.842
2025-01-05 06:55:00,11903.247
2025-01-05 07:00:00,11553.954
2025-01-05 07:05:00,11607.589
2025-01-05 07:10:00,11994.39
2025-01-05 07:15:00,12072.114
2025-01-05 07:20:00,11924.811
2025-01-05 07:25:00,12148.491
2025-01-05 07:30:00,11939.353
2025-01-05 07:35:00,11958.888
2025-01-05 07:40:00,11942.54
2025-01-05 07:45:00,11810.026
2025-01-05 07:50:00,11475.715
2025-01-05 07:55:00,12640.531
2025-01-05 08:00:00,11852.974
2025-01-05 08:05:00,12426.34
2025-01-05 08:10:00,12669.534
2025-01-05 08:15:00,11912.049
2025-01-05 08:20:00,12140.32
2025-01-05 08:25:00,12182.173
2025-01-05 08:30:00,12039.077
2025-01-05 08:35:00,11948.325
2025-01-05 08:40:00,12660.338
2025-01-05 08:45:00,12215.084
2025-01-05 08:50:00,12718.129
2025-01-05 08:55:00,12506.303
2025-01-05 09:00:00,11979.822
2025-01-05 09:05:00,12187.87
2025-01-05 09:10:00,12217.231
2025-01-05 09:15:00,12260.886
2025-01-05 09:20:00,12177.873
2025-01-05 09:25:00,12662.889
2025-01-05 09:30:00,12288.082
2025-01-05 09:35:00,12428.245
2025-01-05 09:40:00,12342.974
2025-01-05 09:45:00,12485.097
2025-01-05 09:50:00,12451.439
2025-01-05 09:55:00,12366.335
2025-01-05 10:00:00,11999.36
2025-01-05 10:05:00,12546.629
2025-01-05 10:10:00,12757.473
2025-01-05 10:15:00,12564.316
2025-01-05 10:20:00,12279.622
2025-01-05 10:25:00,11908.178
2025-01-05 10:30:00,12424.822
2025-01-05 10:35:00,12474.612
2025-01-05 10:40:00,12403.94
2025-01-05 10:45:00,12642.312
2025-01-05 10:50:00,12317.251
2025-01-05 10:55:00,12545.452
2025-01-05 11:00:00,12646.764
2025-01-05 11:05:00,12517.323
2025-01-05 11:10:00,12896.606
2025-01-05 11:15:00,12586.851
2025-01-05 11:20:00,12458.016
2025-01-05 11:25:00,12572.561
2025-01-05 11:30:00,12670.999
2025-01-05 11:35:00,12831.355
2025-01-05 11:40:00,12785.738
2025-01-05 11:45:00,12271.457
2025-01-05 11:50:00,12643.866
2025-01-05 11:55:00,12597.227
2025-01-05 12:00:00,13313.067
2025-01-05 12:05:00,13833.604
2025-01-05 12:10:00,14044.318
2025-01-05 12:15:00,13683.62
2025-01-05 12:20:00,13253.912
2025-01-05 12:25:00,13033.734
2025-01-05 12:30:00,12937.377
2025-01-05 12:35:00,13363.803
2025-01-05 12:40:00,14018.128
2025-01-05 12:45:00,13178.756
2025-01-05 12:50:00,13014.455
2025-01-05 12:55:00,13428.897
2025-01-05 13:00:00,13283.041
2025-01-05 13:05:00,13410.204
2025-01-05 13:10:00,13587.518
2025-01-05 13:15:00,13558.11
2025-01-05 13:20:00,13341.714
2025-01-05 13:25:00,13047.266
2025-01-05 13:30:00,13104.715
2025-01-05 13:35:00,12977.316
2025-01-05 13:40:00,13166.194
2025-01-05 13:45:00,12851.63
2025-01-05 13:50:00,13433.524
2025-01-05 13:55:00,13330.858
2025-01-05 14:00:00,13261.483
2025-01-05 14:05:00,12798.688
2025-01-05 14:10:00,13191.04
2025-01-05 14:15:00,12931.019
2025-01-05 14:20:00,12764.601
2025-01-05 14:25:00,13155.909
2025-01-05 14:30:00,12941.45
2025-01-05 14:35:00,12869.049
2025-01-05 14:40:00,13090.87
2025-01-05 14:45:00,13244.371
2025-01-05 14:50:00,13367.945
2025-01-05 14:55:00,12650.337
2025-01-05 15:00:00,12434.138
2025-01-05 15:05:00,12221.282
2025-01-05 15:10:00,12544.633
2025-01-05 15:15:00,12084.542
2025-01-05 15:20:00,12731.962
2025-01-05 15:25:00,12173.294
2025-01-05 15:30:00,12837.652
2025-01-05 15:35:00,13143.426
2025-01-05 15:40:00,12840.844
2025-01-05 15:45:00,12978.019
2025-01-05 15:50:00,12562.081
2025-01-05 15:55:00,12579.397
2025-01-05 16:00:00,12493.615
2025-01-05 16:05:00,12729.314
2025-01-05 16:10:00,11934.893
2025-01-05 16:15:00,12386.458
2025-01-05 16:20:00,13179.804
2025-01-05 16:25:00,12187.089
2025-01-05 16:30:00,11868.596
2025-01-05 16:35:00,12376.562
2025-01-05 16:40:00,12788.558
2025-01-05 16:45:00,12008.439
2025-01-05 16:50:00,12192.557
2025-01-05 16:55:00,12286.52
2025-01-05 17:00:00,11860.038
2025-01-05 17:05:00,11665.417
2025-01-05 17:10:00,12118.868
2025-01-05 17:15:00,12682.531
2025-01-05 17:20:00,12040.211
2025-01-05 17:25:00,11282.569
2025-01-05 17:30:00,11801.23
2025-01-05 17:35:00,11759.566
2025-01-05 17:40:00,11884.878
2025-01-05 17:45:00,11939.567
2025-01-05 17:50:00,11672.338
2025-01-05 17:55:00,11868.365
2025-01-05 18:00:00,11022.236
2025-01-05 18:05:00,11023.317
2025-01-05 18:10:00,11276.975
2025-01-05 18:15:00,11012.081
2025-01-05 18:20:00,10961.609
2025-01-05 18:25:00,11006.369
2025-01-05 18:30:00,10888.194
2025-01-05 18:35:00,11096.442
2025-01-05 18:40:00,10797.298
2025-01-05 18:45:00,11006.191
2025-01-05 18:50:00,10631.431
2025-01-05 18:55:00,10929.512
2025-01-05 19:00:00,10491.8
2025-01-05 19:05:00,11093.047
2025-01-05 19:10:00,10546.554
2025-01-05 19:15:00,11010.658
2025-01-05 19:20:00,10513.651
2025-01-05 19:25:00,10705.571
2025-01-05 19:30:00,10519.207
2025-01-05 19:35:00,10494.351
2025-01-05 19:40:00,10787.087
2025-01-05 19:45:00,10532.158
2025-01-05 19:50:00,10544.977
2025-01-05 19:55:00,10570.05
2025-01-05 20:00:00,10680.61
2025-01-05 20:05:00,10730.076
2025-01-05 20:10:00,10672.297
2025-01-05 20:15:00,10539.978
2025-01-05 20:20:00,10691.874
2025-01-05 20:25:00,10958.181
2025-01-05 20:30:00,10337.091
2025-01-05 20:35:00,10277.158
2025-01-05 20:40:00,10060.604
2025-01-05 20:45:00,10284.445
2025-01-05 20:50:00,10446.445
2025-01-05 20:55:00,10338.408
2025-01-05 21:00:00,11423.331
2025-01-05 21:05:00,11012.229
2025-01-05 21:10:00,11733.444
2025-01-05 21:15:00,11173.568
2025-01-05 21:20:00,11785.126
2025-01-05 21:25:00,11594.825
2025-01-05 21:30:00,11034.796
2025-01-05 21:35:00,11125.877
2025-01-05 21:40:00,11098.242
2025-01-05 21:45:00,10813.899
2025-01-05 21:50:00,11258.385
2025-01-05 21:55:00,10509.494
2025-01-05 22:00:00,10876.569
2025-01-05 22:05:00,10449.646
2025-01-05 22:10:00,10324.779
2025-01-05 22:15:00,10845.391
2025-01-05 22:20:00,10097.245
2025-01-05 22:25:00,10630.61
2025-01-05 22:30:00,10554.831
2025-01-05 22:35:00,10310.191
2025-01-05 22:40:00,10605.465
2025-01-05 22:45:00,10134.914
2025-01-05 22:50:00,10218.307
2025-01-05 22:55:00,10978.744
2025-01-05 23:00:00,9913.875
2025-01-05 23:05:00,10310.897
2025-01-05 23:10:00,9936.296
2025-01-05 23:15:00,10229.524
2025-01-05 23:20:00,10192.067
2025-01-05 23:25:00,10514.883
2025-01-05 23:30:00,9875.125
2025-01-05 23:35:00,9718.811
2025-01-05 23:40:00,9789.73
2025-01-05 23:45:00,10168.854
2025-01-05 23:50:00,9881.288
2025-01-05 23:55:00,9715.216
2025-01-06 00:00:00,14381.938
2025-01-06 00:05:00,12787.943
2025-01-06 00:10:00,11816.429
2025-01-06 00:15:00,10978.352
2025-01-06 00:20:00,10695.337
2025-01-06 00:25:00,10729.171
2025-01-06 00:30:00,10339.527
2025-01-06 00:35:00,10557.113
2025-01-06 00:40:00,12176.994
2025-01-06 00:45:00,11555.891
2025-01-06 00:50:00,11886.814
2025-01-06 00:55:00,10087.422
2025-01-06 01:00:00,9883.866
2025-01-06 01:05:00,10443.867
2025-01-06 01:10:00,10388.909
2025-01-06 01:15:00,10003.081
2025-01-06 01:20:00,10692.231
2025-01-06 01:25:00,14098.313
2025-01-06 01:30:00,11285.172
2025-01-06 01:35:00,10329.954
2025-01-06 01:40:00,10270.794
2025-01-06 01:45:00,12513.943
2025-01-06 01:50:00,10194.243
2025-01-06 01:55:00,10418.591
2025-01-06 02:00:00,10295.891
2025-01-06 02:05:00,10936.19
2025-01-06 02:10:00,10539.417
2025-01-06 02:15:00,10444.853
2025-01-06 02:20:00,10470.162
2025-01-06 02:25:00,10565.272
2025-01-06 02:30:00,11145.536
2025-01-06 02:35:00,11550.285
2025-01-06 02:40:00,10134.038
2025-01-06 02:45:00,11452.26
2025-01-06 02:50:00,11246.532
2025-01-06 02:55:00,10724.327
2025-01-06 03:00:00,11017.179
2025-01-06 03:05:00,10733.081
2025-01-06 03:10:00,10920.574
2025-01-06 03:15:00,11272.786
2025-01-06 03:20:00,11799.201
2025-01-06 03:25:00,11072.066
2025-01-06 03:30:00,11252.975
2025-01-06 03:35:00,10470.766
2025-01-06 03:40:00,11759.452
2025-01-06 03:45:00,11233.549
2025-01-06 03:50:00,11680.449
2025-01-06 03:55:00,11241.79
2025-01-06 04:00:00,11305.567
2025-01-06 04:05:00,10898.332
2025-01-06 04:10:00,11118.143
2025-01-06 04:15:00,11587.599
2025-01-06 04:20:00,11599.051
2025-01-06 04:25:00,11779.627
2025-01-06 04:30:00,11928.16
2025-01-06 04:35:00,12650.845
2025-01-06 04:40:00,11905.64
2025-01-06 04:45:00,12042.689
2025-01-06 04:50:00,11877.742
2025-01-06 04:55:00,12197.327
2025-01-06 05:00:00,11801.008
2025-01-06 05:05:00,11904.683
2025-01-06 05:10:00,11796.093
2025-01-06 05:15:00,13045.077
2025-01-06 05:20:00,12330.546
2025-01-06 05:25:00,12312.156
2025-01-06 05:30:00,12265.299
2025-01-06 05:35:00,12271.365
2025-01-06 05:40:00,12130.797
2025-01-06 05:45:00,12854.734
2025-01-06 05:50:00,12673.962
2025-01-06 05:55:00,11724.73
2025-01-06 06:00:00,11883.903
2025-01-06 06:05:00,12040.854
2025-01-06 06:10:00,12255.75
2025-01-06 06:15:00,11707.815
2025-01-06 06:20:00,12082.738
2025-01-06 06:25:00,12360.307
2025-01-06 06:30:00,11972.018
2025-01-06 06:35:00,12106.932
2025-01-06 06:40:00,12136.237
2025-01-06 06:45:00,12151.178
2025-01-06 06:50:00,12648.945
2025-01-06 06:55:00,12441.971
2025-01-06 07:00:00,12977.817
2025-01-06 07:05:00,12670.885
2025-01-06 07:10:00,12752.098
2025-01-06 07:15:00,12276.453
2025-01-06 07:20:00,12408.272
2025-01-06 07:25:00,12850.428
2025-01-06 07:30:00,12654.957
2025-01-06 07:35:00,12630.177
2025-01-06 07:40:00,12727.96
2025-01-06 07:45:00,12760.969
2025-01-06 07:50:00,12674.645
2025-01-06 07:55:00,12442.174
2025-01-06 08:00:00,12811.491
2025-01-06 08:05:00,12749.109
2025-01-06 08:10:00,12638.96
2025-01-06 08:15:00,12912.329
2025-01-06 08:20:00,12705.336
2025-01-06 08:25:00,12949.136
2025-01-06 08:30:00,13682.044
2025-01-06 08:35:00,13087.166
2025-01-06 08:40:00,12778.143
2025-01-06 08:45:00,13180.136
2025-01-06 08:50:00,13325.731
2025-01-06 08:55:00,13075.801
2025-01-06 09:00:00,12688.767
2025-01-06 09:05:00,12624.951
2025-01-06 09:10:00,12772.175
2025-01-06 09:15:00,12450.694
2025-01-06 09:20:00,12726.133
2025-01-06 09:25:00,12660.996
2025-01-06 09:30:00,12777.925
2025-01-06 09:35:00,12543.519
2025-01-06 09:40:00,12790.709
2025-01-06 09:45:00,12731.978
2025-01-06 09:50:00,12563.245
2025-01-06 09:55:00,13077.323
2025-01-06 10:00:00,12836.464
2025-01-06 10:05:00,12701.107
2025-01-06 10:10:00,12877.817
2025-01-06 10:15:00,12832.425
2025-01-06 10:20:00,13021.107
2025-01-06 10:25:00,13304.314
2025-01-06 10:30:00,13306.153
2025-01-06 10:35:00,12809.205
2025-01-06 10:40:00,13081.498
2025-01-06 10:45:00,12921.843
2025-01-06 10:50:00,12792.672
2025-01-06 10:55:00,13088.07
2025-01-06 11:00:00,12999.007
2025-01-06 11:05:00,12941.554
2025-01-06 11:10:00,12965.637
2025-01-06 11:15:00,12832.093
2025-01-06 11:20:00,13345.219
2025-01-06 11:25:00,12675.647
2025-01-06 11:30:00,13397.36
2025-01-06 11:35:00,12974.527
2025-01-06 11:40:00,13292.019
2025-01-06 11:45:00,13229.602
2025-01-06 11:50:00,13267.603
2025-01-06 11:55:00,13098.889
2025-01-06 12:00:00,13793.277
2025-01-06 12:05:00,13671.47
2025-01-06 12:10:00,14276.744
2025-01-06 12:15:00,13907.42
2025-01-06 12:20:00,14008.849
2025-01-06 12:25:00,14066.223
2025-01-06 12:30:00,14895.246
2025-01-06 12:35:00,13076.862
2025-01-06 12:40:00,14228.678
2025-01-06 12:45:00,14242.728
2025-01-06 12:50:00,12812.851
2025-01-06 12:55:00,14211.765
2025-01-06 13:00:00,13481.054
2025-01-06 13:05:00,13891.894
2025-01-06 13:10:00,14035.969
2025-01-06 13:15:00,14359.915
2025-01-06 13:20:00,14040.322
2025-01-06 13:25:00,13782.72
2025-01-06 13:30:00,13950.457
2025-01-06 13:35:00,13471.662
2025-01-06 13:40:00,13676.55
2025-01-06 13:45:00,13455.212
2025-01-06 13:50:00,14132.418
2025-01-06 13:55:00,14098.687
2025-01-06 14:00:00,13426.546
2025-01-06 14:05:00,14145.259
2025-01-06 14:10:00,14272.144
2025-01-06 14:15:00,14216.719
2025-01-06 14:20:00,13743.201
2025-01-06 14:25:00,13661.055
2025-01-06 14:30:00,14066.092
2025-01-06 14:35:00,12637.756
2025-01-06 14:40:00,13462.29
2025-01-06 14:45:00,13570.9
2025-01-06 14:50:00,13680.602
2025-01-06 14:55:00,13808.533
2025-01-06 15:00:00,13768.58
2025-01-06 15:05:00,13862.356
2025-01-06 15:10:00,13382.28
2025-01-06 15:15:00,13492.653
2025-01-06 15:20:00,13561.156
2025-01-06 15:25:00,13780.751
2025-01-06 15:30:00,13427.261
2025-01-06 15:35:00,13353.836
2025-01-06 15:40:00,13127.075
2025-01-06 15:45:00,12851.398
2025-01-06 15:50:00,13720.68
2025-01-06 15:55:00,13372.755
2025-01-06 16:00:00,13608.788
2025-01-06 16:05:00,12600.771
2025-01-06 16:10:00,12913.162
2025-01-06 16:15:00,13008.628
2025-01-06 16:20:00,12738.808
2025-01-06 16:25:00,13052.375
2025-01-06 16:30:00,13364.77
2025-01-06 16:35:00,13484.662
2025-01-06 16:40:00,13353.776
2025-01-06 16:45:00,13638.537
2025-01-06 16:50:00,13066.091
2025-01-06 16:55:00,13487.775
2025-01-06 17:00:00,12499.319
2025-01-06 17:05:00,13226.875
2025-01-06 17:10:00,13198.354
2025-01-06 17:15:00,13356.475
2025-01-06 17:20:00,12067.506
2025-01-06 17:25:00,13176.102
2025-01-06 17:30:00,12737.335
2025-01-06 17:35:00,13702.922
2025-01-06 17:40:00,13217.018
2025-01-06 17:45:00,12408.118
2025-01-06 17:50:00,13097.558
2025-01-06 17:55:00,13739.455
2025-01-06 18:00:00,11755.444
2025-01-06 18:05:00,11396.126
2025-01-06 18:10:00,11297.743
2025-01-06 18:15:00,11370.526
2025-01-06 18:20:00,11552.975
2025-01-06 18:25:00,11450.218
2025-01-06 18:30:00,11616.799
2025-01-06 18:35:00,11180.593
2025-01-06 18:40:00,11237.556
2025-01-06 18:45:00,11296.858
2025-01-06 18:50:00,11453.119
2025-01-06 18:55:00,11491.249
2025-01-06 19:00:00,11290.369
2025-01-06 19:05:00,10926.983
2025-01-06 19:10:00,11276.765
2025-01-06 19:15:00,11341.257
2025-01-06 19:20:00,11437.966
2025-01-06 19:25:00,11393.247
2025-01-06 19:30:00,11478.326
2025-01-06 19:35:00,10956.649
2025-01-06 19:40:00,11433.298
2025-01-06 19:45:00,10898.799
2025-01-06 19:50:00,11244.599
2025-01-06 19:55:00,10746.551
2025-01-06 20:00:00,11131.772
2025-01-06 20:05:00,11379.854
2025-01-06 20:10:00,10998.602
2025-01-06 20:15:00,10596.16
2025-01-06 20:20:00,10700.269
2025-01-06 20:25:00,10298.489
2025-01-06 20:30:00,10769.718
2025-01-06 20:35:00,11101.187
2025-01-06 20:40:00,11329.127
2025-01-06 20:45:00,10738.253
2025-01-06 20:50:00,10628.739
2025-01-06 20:55:00,11006.445
2025-01-06 21:00:00,11991.373
2025-01-06 21:05:00,12586.964
2025-01-06 21:10:00,11938.774
2025-01-06 21:15:00,12020.683
2025-01-06 21:20:00,12632.067
2025-01-06 21:25:00,11731.3
2025-01-06 21:30:00,11947.937
2025-01-06 21:35:00,11320.861
2025-01-06 21:40:00,12108.139
2025-01-06 21:45:00,12357.597
2025-01-06 21:50:00,11909.063
2025-01-06 21:55:00,12240.614
2025-01-06 22:00:00,11935.22
2025-01-06 22:05:00,11810.6
2025-01-06 22:10:00,11718.008
2025-01-06 22:15:00,11898.04
2025-01-06 22:20:00,11118.092
2025-01-06 22:25:00,10983.377
2025-01-06 22:30:00,11425.33
2025-01-06 22:35:00,12140.045
2025-01-06 22:40:00,12278.143
2025-01-06 22:45:00,12272.634
2025-01-06 22:50:00,11353.355
2025-01-06 22:55:00,11368.143
2025-01-06 23:00:00,12049.989
2025-01-06 23:05:00,11572.106
2025-01-06 23:10:00,11274.598
2025-01-06 23:15:00,11512.889
2025-01-06 23:20:00,11536.185
2025-01-06 23:25:00,11416.862
2025-01-06 23:30:00,11378.741
2025-01-06 23:35:00,10921.933
2025-01-06 23:40:00,10985.72
2025-01-06 23:45:00,11421.811
2025-01-06 23:50:00,12016.317
2025-01-06 23:55:00,10663.261
2025-01-07 00:00:00,11137.686
2025-01-07 00:05:00,21341.155
2025-01-07 00:10:00,19162.005
2025-01-07 00:15:00,18463.1
2025-01-07 00:20:00,16288.824
2025-01-07 00:25:00,15289.797
2025-01-07 00:30:00,10352.602
2025-01-07 00:35:00,12486.77
2025-01-07 00:40:00,12025.4
2025-01-07 00:45:00,11458.745
2025-01-07 00:50:00,10553.036
2025-01-07 00:55:00,10866.149
2025-01-07 01:00:00,10661.027
2025-01-07 01:05:00,10297.051
2025-01-07 01:10:00,10258.718
2025-01-07 01:15:00,10541.638
2025-01-07 01:20:00,14219.541
2025-01-07 01:25:00,10716.286
2025-01-07 01:30:00,10550.218
2025-01-07 01:35:00,12541.46
2025-01-07 01:40:00,10316.911
2025-01-07 01:45:00,9894.356
2025-01-07 01:50:00,10224.345
2025-01-07 01:55:00,12495.24
2025-01-07 02:00:00,10016.145
2025-01-07 02:05:00,10198.603
2025-01-07 02:10:00,12521.955
2025-01-07 02:15:00,10657.284
2025-01-07 02:20:00,10280.331
2025-01-07 02:25:00,10623.039
2025-01-07 02:30:00,10841.825
2025-01-07 02:35:00,10127.601
2025-01-07 02:40:00,10696.069
2025-01-07 02:45:00,13517.464
2025-01-07 02:50:00,10398.742
2025-01-07 02:55:00,10743.501
2025-01-07 03:00:00,11180.648
2025-01-07 03:05:00,10825.471
2025-01-07 03:10:00,11398.475
2025-01-07 03:15:00,11055.354
2025-01-07 03:20:00,10743.682
2025-01-07 03:25:00,10872.89
2025-01-07 03:30:00,11187.165
2025-01-07 03:35:00,10743.807
2025-01-07 03:40:00,11635.529
2025-01-07 03:45:00,11435.103
2025-01-07 03:50:00,12110.743
2025-01-07 03:55:00,11437.087
2025-01-07 04:00:00,11161.366
2025-01-07 04:05:00,11361.422
2025-01-07 04:10:00,11189.816
2025-01-07 04:15:00,11787.301
2025-01-07 04:20:00,11328.565
2025-01-07 04:25:00,11593.408
2025-01-07 04:30:00,11764.815
2025-01-07 04:35:00,11643.73
2025-01-07 04:40:00,11498.478
2025-01-07 04:45:00,11747.936
2025-01-07 04:50:00,12163.344
2025-01-07 04:55:00,11625.377
2025-01-07 05:00:00,11853.981
2025-01-07 05:05:00,12102.509
2025-01-07 05:10:00,10945.45
2025-01-07 05:15:00,11604.164
2025-01-07 05:20:00,12230.25
2025-01-07 05:25:00,11450.521
2025-01-07 05:30:00,11685.728
2025-01-07 05:35:00,11860.275
2025-01-07 05:40:00,11698.182
2025-01-07 05:45:00,12382.806
2025-01-07 05:50:00,12653.691
2025-01-07 05:55:00,12428.134
2025-01-07 06:00:00,11968.264
2025-01-07 06:05:00,12048.265
2025-01-07 06:10:00,11825.165
2025-01-07 06:15:00,12292.566
2025-01-07 06:20:00,12004.989
2025-01-07 06:25:00,12193.101
2025-01-07 06:30:00,11999.777
2025-01-07 06:35:00,11968.257
2025-01-07 06:40:00,12453.081
2025-01-07 06:45:00,12397.866
2025-01-07 06:50:00,12522.721
2025-01-07 06:55:00,12176.116
2025-01-07 07:00:00,12408.527
2025-01-07 07:05:00,12936.171
2025-01-07 07:10:00,12374.542
2025-01-07 07:15:00,12605.798
2025-01-07 07:20:00,12892.362
2025-01-07 07:25:00,12495.381
2025-01-07 07:30:00,12796.802
2025-01-07 07:35:00,12562.068
2025-01-07 07:40:00,12891.124
2025-01-07 07:45:00,12929.06
2025-01-07 07:50:00,13078.904
2025-01-07 07:55:00,13175.663
2025-01-07 08:00:00,12629.061
2025-01-07 08:05:00,12772.392
2025-01-07 08:10:00,13191.64
2025-01-07 08:15:00,12997.596
2025-01-07 08:20:00,13022.434
2025-01-07 08:25:00,12695.709
2025-01-07 08:30:00,13080.655
2025-01-07 08:35:00,12552.335
2025-01-07 08:40:00,12490.174
2025-01-07 08:45:00,12779.81
2025-01-07 08:50:00,13490.508
2025-01-07 08:55:00,13230.648
2025-01-07 09:00:00,12842.398
2025-01-07 09:05:00,12461.623
2025-01-07 09:10:00,12616.901
2025-01-07 09:15:00,12682.916
2025-01-07 09:20:00,12649.211
2025-01-07 09:25:00,12648.018
2025-01-07 09:30:00,12652.63
2025-01-07 09:35:00,12824.961
2025-01-07 09:40:00,12561.02
2025-01-07 09:45:00,12987.508
2025-01-07 09:50:00,12864.421
2025-01-07 09:55:00,12776.144
2025-01-07 10:00:00,12946.258
2025-01-07 10:05:00,13272.224
2025-01-07 10:10:00,12826.568
2025-01-07 10:15:00,13046.801
2025-01-07 10:20:00,12736.624
2025-01-07 10:25:00,13053.036
2025-01-07 10:30:00,12847.222
2025-01-07 10:35:00,13086.413
2025-01-07 10:40:00,13008.011
2025-01-07 10:45:00,13051.661
2025-01-07 10:50:00,13065.48
2025-01-07 10:55:00,12824.979
2025-01-07 11:00:00,13271.694
2025-01-07 11:05:00,12782.664
2025-01-07 11:10:00,13160.156
2025-01-07 11:15:00,13012.215
2025-01-07 11:20:00,12704.717
2025-01-07 11:25:00,12963.433
2025-01-07 11:30:00,13051.893
2025-01-07 11:35:00,13172.412
2025-01-07 11:40:00,13229.467
2025-01-07 11:45:00,13072.313
2025-01-07 11:50:00,13042.61
2025-01-07 11:55:00,13044.025
2025-01-07 12:00:00,13967.859
2025-01-07 12:05:00,13548.962
2025-01-07 12:10:00,14081.178
2025-01-07 12:15:00,14611.859
2025-01-07 12:20:00,13428.507
2025-01-07 12:25:00,14198.059
2025-01-07 12:30:00,13758.052
2025-01-07 12:35:00,13954.551
2025-01-07 12:40:00,13304.698
2025-01-07 12:45:00,13849.751
2025-01-07 12:50:00,13809.133
2025-01-07 12:55:00,13512.032
2025-01-07 13:00:00,13592.48
2025-01-07 13:05:00,13861.735
2025-01-07 13:10:00,13840.844
2025-01-07 13:15:00,14286.389
2025-01-07 13:20:00,13918.936
2025-01-07 13:25:00,13192.296
2025-01-07 13:30:00,13905.917
2025-01-07 13:35:00,13348.283
2025-01-07 13:40:00,13502.627
2025-01-07 13:45:00,13243.857
2025-01-07 13:50:00,13753.045
2025-01-07 13:55:00,13723.003
2025-01-07 14:00:00,13381.621
2025-01-07 14:05:00,14154.122
2025-01-07 14:10:00,14177.128
2025-01-07 14:15:00,14592.769
2025-01-07 14:20:00,13846.466
2025-01-07 14:25:00,13137.202
2025-01-07 14:30:00,13920.185
2025-01-07 14:35:00,13379.415
2025-01-07 14:40:00,13612.596
2025-01-07 14:45:00,13178.674
2025-01-07 14:50:00,13567.599
2025-01-07 14:55:00,13757.667
2025-01-07 15:00:00,13537.618
2025-01-07 15:05:00,13243.97
2025-01-07 15:10:00,13375.696
2025-01-07 15:15:00,14081.803
2025-01-07 15:20:00,13312.187
2025-01-07 15:25:00,13589.362
2025-01-07 15:30:00,13808.406
2025-01-07 15:35:00,13802.786
2025-01-07 15:40:00,13002.196
2025-01-07 15:45:00,13649.899
2025-01-07 15:50:00,13286.837
2025-01-07 15:55:00,13315.675
2025-01-07 16:00:00,13071.628
2025-01-07 16:05:00,13619.901
2025-01-07 16:10:00,13021.155
2025-01-07 16:15:00,13714.45
2025-01-07 16:20:00,13114.269
2025-01-07 16:25:00,13706.047
2025-01-07 16:30:00,13279.434
2025-01-07 16:35:00,14084.528
2025-01-07 16:40:00,13206.507
2025-01-07 16:45:00,13473.527
2025-01-07 16:50:00,12950.128
2025-01-07 16:55:00,12773.005
2025-01-07 17:00:00,13001.425
2025-01-07 17:05:00,13391.143
2025-01-07 17:10:00,13327.028
2025-01-07 17:15:00,13106.985
2025-01-07 17:20:00,12533.264
2025-01-07 17:25:00,13587.635
2025-01-07 17:30:00,13126.517
2025-01-07 17:35:00,12483.433
2025-01-07 17:40:00,12848.867
2025-01-07 17:45:00,12661.785
2025-01-07 17:50:00,12069.539
2025-01-07 17:55:00,12421.443
2025-01-07 18:00:00,11779.045
2025-01-07 18:05:00,12151.505
2025-01-07 18:10:00,11933.354
2025-01-07 18:15:00,12052.182
2025-01-07 18:20:00,11365.879
2025-01-07 18:25:00,11678.635
2025-01-07 18:30:00,11167.317
2025-01-07 18:35:00,11176.178
2025-01-07 18:40:00,11251.136
2025-01-07 18:45:00,11674.737
2025-01-07 18:50:00,11002.132
2025-01-07 18:55:00,11411.797
2025-01-07 19:00:00,11471.111
2025-01-07 19:05:00,11220.147
2025-01-07 19:10:00,11434.58
2025-01-07 19:15:00,11431.007
2025-01-07 19:20:00,11486.864
2025-01-07 19:25:00,10998.887
2025-01-07 19:30:00,11019.411
2025-01-07 19:35:00,11073.726
2025-01-07 19:40:00,10857.778
2025-01-07 19:45:00,10639.672
2025-01-07 19:50:00,11165.155
2025-01-07 19:55:00,11300.236
2025-01-07 20:00:00,11072.327
2025-01-07 20:05:00,10919.406
2025-01-07 20:10:00,10870.506
2025-01-07 20:15:00,10990.661
2025-01-07 20:20:00,11110.827
2025-01-07 20:25:00,11039.444
2025-01-07 20:30:00,10956.984
2025-01-07 20:35:00,10972.55
2025-01-07 20:40:00,11161.592
2025-01-07 20:45:00,10757.101
2025-01-07 20:50:00,10914.116
2025-01-07 20:55:00,10720.758
2025-01-07 21:00:00,12422.499
2025-01-07 21:05:00,11679.331
2025-01-07 21:10:00,11679.254
2025-01-07 21:15:00,11601.898
2025-01-07 21:20:00,12228.136
2025-01-07 21:25:00,12474.257
2025-01-07 21:30:00,12340.415
2025-01-07 21:35:00,11770.961
2025-01-07 21:40:00,11685.056
2025-01-07 21:45:00,11754.495
2025-01-07 21:50:00,12418.935
2025-01-07 21:55:00,11980.554
2025-01-07 22:00:00,11632.814
2025-01-07 22:05:00,11887.586
2025-01-07 22:10:00,12690.117
2025-01-07 22:15:00,11056.766
2025-01-07 22:20:00,11637.475
2025-01-07 22:25:00,12177.47
2025-01-07 22:30:00,11589.108
2025-01-07 22:35:00,11010.052
2025-01-07 22:40:00,12235.935
2025-01-07 22:45:00,11103.11
2025-01-07 22:50:00,10752.087
2025-01-07 22:55:00,11409.62
2025-01-07 23:00:00,11316.033
2025-01-07 23:05:00,11174.648
2025-01-07 23:10:00,11043.153
2025-01-07 23:15:00,11178.436
2025-01-07 23:20:00,12012.641
2025-01-07 23:25:00,11284.306
2025-01-07 23:30:00,11934.169
2025-01-07 23:35:00,11674.473
2025-01-07 23:40:00,10844.342
2025-01-07 23:45:00,12091.167
2025-01-07 23:50:00,11120.915
2025-01-07 23:55:00,11628.818
2025-01-08 00:00:00,21354.672
2025-01-08 00:05:00,11405.719
2025-01-08 00:10:00,11293.817
2025-01-08 00:15:00,19273.219
2025-01-08 00:20:00,11433.558
2025-01-08 00:25:00,18961.508
2025-01-08 00:30:00,9912.79
2025-01-08 00:35:00,11093.021
2025-01-08 00:40:00,17358.668
2025-01-08 00:45:00,10716.733
2025-01-08 00:50:00,14229.818
2025-01-08 00:55:00,10343.917
2025-01-08 01:00:00,13644.018
2025-01-08 01:05:00,10607.565
2025-01-08 01:10:00,10883.438
2025-01-08 01:15:00,10916.294
2025-01-08 01:20:00,11108.825
2025-01-08 01:25:00,10802.278
2025-01-08 01:30:00,10773.162
2025-01-08 01:35:00,13607.193
2025-01-08 01:40:00,10175.631
2025-01-08 01:45:00,10718.928
2025-01-08 01:50:00,14054.305
2025-01-08 01:55:00,10477.312
2025-01-08 02:00:00,12909.979
2025-01-08 02:05:00,10437.926
2025-01-08 02:10:00,11351.947
2025-01-08 02:15:00,10951.845
2025-01-08 02:20:00,10265.332
2025-01-08 02:25:00,10484.852
2025-01-08 02:30:00,10813.214
2025-01-08 02:35:00,11259.19
2025-01-08 02:40:00,10621.459
2025-01-08 02:45:00,11109.896
2025-01-08 02:50:00,11018.644
2025-01-08 02:55:00,11123.454
2025-01-08 03:00:00,10823.695
2025-01-08 03:05:00,10489.575
2025-01-08 03:10:00,10955.597
2025-01-08 03:15:00,10979.651
2025-01-08 03:20:00,10943.8
2025-01-08 03:25:00,11365.83
2025-01-08 03:30:00,10911.786
2025-01-08 03:35:00,11330.068
2025-01-08 03:40:00,11719.79
2025-01-08 03:45:00,11559.512
2025-01-08 03:50:00,11661.854
2025-01-08 03:55:00,10954.73
2025-01-08 04:00:00,11082.835
2025-01-08 04:05:00,11781.04
2025-01-08 04:10:00,10890.841
2025-01-08 04:15:00,11326.969
2025-01-08 04:20:00,11527.672
2025-01-08 04:25:00,11517.073
2025-01-08 04:30:00,11371.993
2025-01-08 04:35:00,11178.057
2025-01-08 04:40:00,11539.027
2025-01-08 04:45:00,12135.844
2025-01-08 04:50:00,11831.061
2025-01-08 04:55:00,11559.734
2025-01-08 05:00:00,12236.524
2025-01-08 05:05:00,11304.268
2025-01-08 05:10:00,11837.171
2025-01-08 05:15:00,12526.615
2025-01-08 05:20:00,12160.919
2025-01-08 05:25:00,11926.635
2025-01-08 05:30:00,12097.876
2025-01-08 05:35:00,12077.332
2025-01-08 05:40:00,12506.31
2025-01-08 05:45:00,11616.237
2025-01-08 05:50:00,12407.738
2025-01-08 05:55:00,12257.277
2025-01-08 06:00:00,11920.473
2025-01-08 06:05:00,11840.833
2025-01-08 06:10:00,11742.105
2025-01-08 06:15:00,11863.573
2025-01-08 06:20:00,11777.889
2025-01-08 06:25:00,11862.986
2025-01-08 06:30:00,12394.663
2025-01-08 06:35:00,12319.283
2025-01-08 06:40:00,12563.134
2025-01-08 06:45:00,11985.844
2025-01-08 06:50:00,12566.216
2025-01-08 06:55:00,12610.872
2025-01-08 07:00:00,12410.748
2025-01-08 07:05:00,12387.253
2025-01-08 07:10:00,12396.352
2025-01-08 07:15:00,12887.849
2025-01-08 07:20:00,12622.811
2025-01-08 07:25:00,12638.532
2025-01-08 07:30:00,12621.75
2025-01-08 07:35:00,12804.258
2025-01-08 07:40:00,12731.204
2025-01-08 07:45:00,12938.453
2025-01-08 07:50:00,12917.959
2025-01-08 07:55:00,12696.183
2025-01-08 08:00:00,12823.591
2025-01-08 08:05:00,13092.7
2025-01-08 08:10:00,13297.176
2025-01-08 08:15:00,13318.55
2025-01-08 08:20:00,12454.451
2025-01-08 08:25:00,12832.259
2025-01-08 08:30:00,13005.979
2025-01-08 08:35:00,12879.267
2025-01-08 08:40:00,12902.103
2025-01-08 08:45:00,13376.421
2025-01-08 08:50:00,13275.729
2025-01-08 08:55:00,13147.161
2025-01-08 09:00:00,12856.405
2025-01-08 09:05:00,12579.718
2025-01-08 09:10:00,12338.085
2025-01-08 09:15:00,12151.277
2025-01-08 09:20:00,12674.281
2025-01-08 09:25:00,13115.035
2025-01-08 09:30:00,12374.353
2025-01-08 09:35:00,12670.157
2025-01-08 09:40:00,12844.484
2025-01-08 09:45:00,12979.421
2025-01-08 09:50:00,12520.278
2025-01-08 09:55:00,12983.797
2025-01-08 10:00:00,12812.878
2025-01-08 10:05:00,12917.087
2025-01-08 10:10:00,12811.077
2025-01-08 10:15:00,12964.044
2025-01-08 10:20:00,12631.95
2025-01-08 10:25:00,13334.975
2025-01-08 10:30:00,12859.573
2025-01-08 10:35:00,13182.324
2025-01-08 10:40:00,13018.061
2025-01-08 10:45:00,12987.443
2025-01-08 10:50:00,12887.669
2025-01-08 10:55:00,13356.386
2025-01-08 11:00:00,13276.943
2025-01-08 11:05:00,12805.623
2025-01-08 11:10:00,12875.061
2025-01-08 11:15:00,13187.356
2025-01-08 11:20:00,13233.3
2025-01-08 11:25:00,13380.284
2025-01-08 11:30:00,13061.1
2025-01-08 11:35:00,13341.856
2025-01-08 11:40:00,13109.464
2025-01-08 11:45:00,13205.172
2025-01-08 11:50:00,12887.114
2025-01-08 11:55:00,13191.107
2025-01-08 12:00:00,13994.727
2025-01-08 12:05:00,13888.963
2025-01-08 12:10:00,13821.4
2025-01-08 12:15:00,13945.545
2025-01-08 12:20:00,14003.481
2025-01-08 12:25:00,14161.55
2025-01-08 12:30:00,14107.534
2025-01-08 12:35:00,13579.377
2025-01-08 12:40:00,13875.176
2025-01-08 12:45:00,14052.887
2025-01-08 12:50:00,13524.059
2025-01-08 12:55:00,14440.384
2025-01-08 13:00:00,13296.794
2025-01-08 13:05:00,13759.088
2025-01-08 13:10:00,14463.09
2025-01-08 13:15:00,13888.93
2025-01-08 13:20:00,13545.209
2025-01-08 13:25:00,13619.969
2025-01-08 13:30:00,13797.738
2025-01-08 13:35:00,14010.359
2025-01-08 13:40:00,13951.952
2025-01-08 13:45:00,14247.42
2025-01-08 13:50:00,13804.342
2025-01-08 13:55:00,13636.605
2025-01-08 14:00:00,13863.09
2025-01-08 14:05:00,13653.882
2025-01-08 14:10:00,13109.057
2025-01-08 14:15:00,13412.317
2025-01-08 14:20:00,14221.491
2025-01-08 14:25:00,13740.154
2025-01-08 14:30:00,13272.848
2025-01-08 14:35:00,13605.703
2025-01-08 14:40:00,14472.394
2025-01-08 14:45:00,14112.124
2025-01-08 14:50:00,13070.398
2025-01-08 14:55:00,13567.211
2025-01-08 15:00:00,13602.913
2025-01-08 15:05:00,14057.551
2025-01-08 15:10:00,13322.668
2025-01-08 15:15:00,12845.403
2025-01-08 15:20:00,13380.271
2025-01-08 15:25:00,13636.444
2025-01-08 15:30:00,13661.198
2025-01-08 15:35:00,13372.029
2025-01-08 15:40:00,12969.772
2025-01-08 15:45:00,13205.352
2025-01-08 15:50:00,13787.429
2025-01-08 15:55:00,13109.928
2025-01-08 16:00:00,13253.419
2025-01-08 16:05:00,13676.185
2025-01-08 16:10:00,13871.731
2025-01-08 16:15:00,13639.226
2025-01-08 16:20:00,14026.356
2025-01-08 16:25:00,13097.308
2025-01-08 16:30:00,13395.304
2025-01-08 16:35:00,13245.684
2025-01-08 16:40:00,13056.581
2025-01-08 16:45:00,13892.014
2025-01-08 16:50:00,12587.054
2025-01-08 16:55:00,12464.856
2025-01-08 17:00:00,13288.264
2025-01-08 17:05:00,12960.681
2025-01-08 17:10:00,13479.902
2025-01-08 17:15:00,12303.05
2025-01-08 17:20:00,12768.753
2025-01-08 17:25:00,12180.329
2025-01-08 17:30:00,13484.281
2025-01-08 17:35:00,13167.851
2025-01-08 17:40:00,13163.371
2025-01-08 17:45:00,13244.344
2025-01-08 17:50:00,13050.117
2025-01-08 17:55:00,13247.686
2025-01-08 18:00:00,11671.973
2025-01-08 18:05:00,11389.434
2025-01-08 18:10:00,11303.177
2025-01-08 18:15:00,11484.274
2025-01-08 18:20:00,11761.292
2025-01-08 18:25:00,11126.69
2025-01-08 18:30:00,11906.734
2025-01-08 18:35:00,11685.993
2025-01-08 18:40:00,11623.45
2025-01-08 18:45:00,11934.165
2025-01-08 18:50:00,11166.03
2025-01-08 18:55:00,11420.358
2025-01-08 19:00:00,11335.879
2025-01-08 19:05:00,11138.936
2025-01-08 19:10:00,10919.299
2025-01-08 19:15:00,11389.996
2025-01-08 19:20:00,11680.655
2025-01-08 19:25:00,11221.88
2025-01-08 19:30:00,11421.533
2025-01-08 19:35:00,11018.5
2025-01-08 19:40:00,11258.157
2025-01-08 19:45:00,11333.762
2025-01-08 19:50:00,11397.504
2025-01-08 19:55:00,10897.596
2025-01-08 20:00:00,11398.081
2025-01-08 20:05:00,11088.713
2025-01-08 20:10:00,10695.031
2025-01-08 20:15:00,11119.754
2025-01-08 20:20:00,11137.156
2025-01-08 20:25:00,10651.169
2025-01-08 20:30:00,10884.06
2025-01-08 20:35:00,10911.405
2025-01-08 20:40:00,10812.196
2025-01-08 20:45:00,10752.25
2025-01-08 20:50:00,11182.64
2025-01-08 20:55:00,11045.769
2025-01-08 21:00:00,11654.273
2025-01-08 21:05:00,12085.642
2025-01-08 21:10:00,11712.661
2025-01-08 21:15:00,11822.473
2025-01-08 21:20:00,11159.13
2025-01-08 21:25:00,12091.796
2025-01-08 21:30:00,11347.203
2025-01-08 21:35:00,11028.268
2025-01-08 21:40:00,11745.099
2025-01-08 21:45:00,11552.393
2025-01-08 21:50:00,11762.962
2025-01-08 21:55:00,11078.847
2025-01-08 22:00:00,11383.52
2025-01-08 22:05:00,12152.592
2025-01-08 22:10:00,11555.766
2025-01-08 22:15:00,10961.622
2025-01-08 22:20:00,12026.643
2025-01-08 22:25:00,12069.332
2025-01-08 22:30:00,11801.787
2025-01-08 22:35:00,11381.141
2025-01-08 22:40:00,11579.456
2025-01-08 22:45:00,11938.851
2025-01-08 22:50:00,11979.694
2025-01-08 22:55:00,11646.533
2025-01-08 23:00:00,11530.751
2025-01-08 23:05:00,11907.375
2025-01-08 23:10:00,11585.373
2025-01-08 23:15:00,11344.219
2025-01-08 23:20:00,11918.218
2025-01-08 23:25:00,11356.743
2025-01-08 23:30:00,11457.524
2025-01-08 23:35:00,11765.525
2025-01-08 23:40:00,11106.551
2025-01-08 23:45:00,10968.843
2025-01-08 23:50:00,11729.798
2025-01-08 23:55:00,10961.488
2025-01-09 00:00:00,11547.726
2025-01-09 00:05:00,21122.344
2025-01-09 00:10:00,20501.706
2025-01-09 00:15:00,18900.379
2025-01-09 00:20:00,17599.261
2025-01-09 00:25:00,15553.992
2025-01-09 00:30:00,10504.984
2025-01-09 00:35:00,10891.126
2025-01-09 00:40:00,11089.519
2025-01-09 00:45:00,15678.051
2025-01-09 00:50:00,12061.466
2025-01-09 00:55:00,12812.495
2025-01-09 01:00:00,11249.696
2025-01-09 01:05:00,11376.432
2025-01-09 01:10:00,10126.846
2025-01-09 01:15:00,10534.775
2025-01-09 01:20:00,10755.297
2025-01-09 01:25:00,10880.16
2025-01-09 01:30:00,10244.646
2025-01-09 01:35:00,10107.064
2025-01-09 01:40:00,12053.214
2025-01-09 01:45:00,10299.036
2025-01-09 01:50:00,11920.306
2025-01-09 01:55:00,10281.242
2025-01-09 02:00:00,10586.794
2025-01-09 02:05:00,12564.495
2025-01-09 02:10:00,11090.871
2025-01-09 02:15:00,10497.02
2025-01-09 02:20:00,10543.37
2025-01-09 02:25:00,10852.926
2025-01-09 02:30:00,10424.709
2025-01-09 02:35:00,10862.523
2025-01-09 02:40:00,10581.627
2025-01-09 02:45:00,10493.648
2025-01-09 02:50:00,10811.314
2025-01-09 02:55:00,10602.992
2025-01-09 03:00:00,10930.148
2025-01-09 03:05:00,10920.765
2025-01-09 03:10:00,10936.176
2025-01-09 03:15:00,11178.406
2025-01-09 03:20:00,15537.47
2025-01-09 03:25:00,10811.397
2025-01-09 03:30:00,10955.73
2025-01-09 03:35:00,10746.269
2025-01-09 03:40:00,11370.408
2025-01-09 03:45:00,11106.067
2025-01-09 03:50:00,11484.65
2025-01-09 03:55:00,11777.331
2025-01-09 04:00:00,11465.947
2025-01-09 04:05:00,11438.824
2025-01-09 04:10:00,11282.836
2025-01-09 04:15:00,11522.652
2025-01-09 04:20:00,11271.962
2025-01-09 04:25:00,11253.838
2025-01-09 04:30:00,11418.524
2025-01-09 04:35:00,11463.185
2025-01-09 04:40:00,11335.105
2025-01-09 04:45:00,12026.788
2025-01-09 04:50:00,11762.131
2025-01-09 04:55:00,11262.455
2025-01-09 05:00:00,12234.232
2025-01-09 05:05:00,11898.806
2025-01-09 05:10:00,12091.631
2025-01-09 05:15:00,12947.52
2025-01-09 05:20:00,11383.932
2025-01-09 05:25:00,12204.473
2025-01-09 05:30:00,11793.724
2025-01-09 05:35:00,12020.306
2025-01-09 05:40:00,11729.165
2025-01-09 05:45:00,12515.901
2025-01-09 05:50:00,12234.087
2025-01-09 05:55:00,12600.443
2025-01-09 06:00:00,12136.963
2025-01-09 06:05:00,11976.518
2025-01-09 06:10:00,12401.772
2025-01-09 06:15:00,12244.334
2025-01-09 06:20:00,11986.436
2025-01-09 06:25:00,11934.533
2025-01-09 06:30:00,11866.22
2025-01-09 06:35:00,12389.624
2025-01-09 06:40:00,12351.086
2025-01-09 06:45:00,12091.233
2025-01-09 06:50:00,12149.064
2025-01-09 06:55:00,12236.083
2025-01-09 07:00:00,12462.887
2025-01-09 07:05:00,12276.729
2025-01-09 07:10:00,12293.723
2025-01-09 07:15:00,12870.616
2025-01-09 07:20:00,12331.186
2025-01-09 07:25:00,12614.944
2025-01-09 07:30:00,12502.583
2025-01-09 07:35:00,12985.123
2025-01-09 07:40:00,12806.033
2025-01-09 07:45:00,12924.365
2025-01-09 07:50:00,12897.227
2025-01-09 07:55:00,12789.097
2025-01-09 08:00:00,12417.378
2025-01-09 08:05:00,12318.362
2025-01-09 08:10:00,13047.309
2025-01-09 08:15:00,12538.553
2025-01-09 08:20:00,12815.387
2025-01-09 08:25:00,12912.383
2025-01-09 08:30:00,13401.126
2025-01-09 08:35:00,12755.515
2025-01-09 08:40:00,12788.248
2025-01-09 08:45:00,13022.276
2025-01-09 08:50:00,13073.229
2025-01-09 08:55:00,13124.209
2025-01-09 09:00:00,12571.626
2025-01-09 09:05:00,12597.759
2025-01-09 09:10:00,12563.785
2025-01-09 09:15:00,12966.598
2025-01-09 09:20:00,13043.675
2025-01-09 09:25:00,12574.4
2025-01-09 09:30:00,12626.938
2025-01-09 09:35:00,12753.579
2025-01-09 09:40:00,13239.282
2025-01-09 09:45:00,12709.64
2025-01-09 09:50:00,13166.83
2025-01-09 09:55:00,12648.289
2025-01-09 10:00:00,13138.854
2025-01-09 10:05:00,12627.317
2025-01-09 10:10:00,12974.608
2025-01-09 10:15:00,12887.225
2025-01-09 10:20:00,12973.209
2025-01-09 10:25:00,13090.369
2025-01-09 10:30:00,13157.422
2025-01-09 10:35:00,13190.837
2025-01-09 10:40:00,13316.119
2025-01-09 10:45:00,13359.425
2025-01-09 10:50:00,12817.491
2025-01-09 10:55:00,13082.47
2025-01-09 11:00:00,12902.511
2025-01-09 11:05:00,12943.927
2025-01-09 11:10:00,13127.603
2025-01-09 11:15:00,13057.347
2025-01-09 11:20:00,12936.079
2025-01-09 11:25:00,13167.112
2025-01-09 11:30:00,13496.144
2025-01-09 11:35:00,13098.617
2025-01-09 11:40:00,12699.845
2025-01-09 11:45:00,13100.0
2025-01-09 11:50:00,13231.424
2025-01-09 11:55:00,13163.185
2025-01-09 12:00:00,14139.133
2025-01-09 12:05:00,13770.991
2025-01-09 12:10:00,14086.989
2025-01-09 12:15:00,13624.573
2025-01-09 12:20:00,14132.236
2025-01-09 12:25:00,14056.436
2025-01-09 12:30:00,14196.22
2025-01-09 12:35:00,13822.417
2025-01-09 12:40:00,13358.435
2025-01-09 12:45:00,13668.275
2025-01-09 12:50:00,13574.711
2025-01-09 12:55:00,14038.635
2025-01-09 13:00:00,13456.727
2025-01-09 13:05:00,13562.386
2025-01-09 13:10:00,13848.4
2025-01-09 13:15:00,13685.915
2025-01-09 13:20:00,13423.712
2025-01-09 13:25:00,13430.743
2025-01-09 13:30:00,14030.865
2025-01-09 13:35:00,13601.957
2025-01-09 13:40:00,13542.443
2025-01-09 13:45:00,14247.906
2025-01-09 13:50:00,13522.239
2025-01-09 13:55:00,13692.896
2025-01-09 14:00:00,13623.614
2025-01-09 14:05:00,13509.421
2025-01-09 14:10:00,13545.124
2025-01-09 14:15:00,13799.567
2025-01-09 14:20:00,13510.254
2025-01-09 14:25:00,13673.955
2025-01-09 14:30:00,13959.262
2025-01-09 14:35:00,14093.608
2025-01-09 14:40:00,14238.774
2025-01-09 14:45:00,13431.254
2025-01-09 14:50:00,13012.222
2025-01-09 14:55:00,13425.112
2025-01-09 15:00:00,14337.671
2025-01-09 15:05:00,13265.238
2025-01-09 15:10:00,13836.042
2025-01-09 15:15:00,13039.902
2025-01-09 15:20:00,13122.94
2025-01-09 15:25:00,14181.197
2025-01-09 15:30:00,13901.242
2025-01-09 15:35:00,14049.927
2025-01-09 15:40:00,13178.857
2025-01-09 15:45:00,13668.248
2025-01-09 15:50:00,13599.885
2025-01-09 15:55:00,13440.979
2025-01-09 16:00:00,13906.511
2025-01-09 16:05:00,13143.081
2025-01-09 16:10:00,13323.584
2025-01-09 16:15:00,14159.205
2025-01-09 16:20:00,13296.919
2025-01-09 16:25:00,12861.454
2025-01-09 16:30:00,13695.509
2025-01-09 16:35:00,12736.989
2025-01-09 16:40:00,13095.55
2025-01-09 16:45:00,12751.723
2025-01-09 16:50:00,13173.391
2025-01-09 16:55:00,13246.646
2025-01-09 17:00:00,12970.738
2025-01-09 17:05:00,12626.531
2025-01-09 17:10:00,12645.207
2025-01-09 17:15:00,12710.795
2025-01-09 17:20:00,12542.75
2025-01-09 17:25:00,13018.81
2025-01-09 17:30:00,12370.417
2025-01-09 17:35:00,12049.114
2025-01-09 17:40:00,12645.979
2025-01-09 17:45:00,12407.467
2025-01-09 17:50:00,12836.863
2025-01-09 17:55:00,12693.036
2025-01-09 18:00:00,11694.969
2025-01-09 18:05:00,11679.717
2025-01-09 18:10:00,11633.727
2025-01-09 18:15:00,11731.537
2025-01-09 18:20:00,11794.452
2025-01-09 18:25:00,11445.352
2025-01-09 18:30:00,11434.219
2025-01-09 18:35:00,11166.229
2025-01-09 18:40:00,11523.912
2025-01-09 18:45:00,11552.582
2025-01-09 18:50:00,11455.949
2025-01-09 18:55:00,11384.573
2025-01-09 19:00:00,11322.561
2025-01-09 19:05:00,11017.26
2025-01-09 19:10:00,11696.562
2025-01-09 19:15:00,11591.419
2025-01-09 19:20:00,11573.384
2025-01-09 19:25:00,11259.856
2025-01-09 19:30:00,11174.241
2025-01-09 19:35:00,11199.82
2025-01-09 19:40:00,11029.726
2025-01-09 19:45:00,10979.126
2025-01-09 19:50:00,11216.601
2025-01-09 19:55:00,10837.949
2025-01-09 20:00:00,11062.754
2025-01-09 20:05:00,11015.902
2025-01-09 20:10:00,11422.678
2025-01-09 20:15:00,10889.216
2025-01-09 20:20:00,10650.628
2025-01-09 20:25:00,11022.5
2025-01-09 20:30:00,11282.406
2025-01-09 20:35:00,10807.666
2025-01-09 20:40:00,11176.295
2025-01-09 20:45:00,10920.548
2025-01-09 20:50:00,10881.862
2025-01-09 20:55:00,10944.567
2025-01-09 21:00:00,11877.742
2025-01-09 21:05:00,12040.055
2025-01-09 21:10:00,11974.915
2025-01-09 21:15:00,12267.986
2025-01-09 21:20:00,11776.219
2025-01-09 21:25:00,11530.788
2025-01-09 21:30:00,11761.206
2025-01-09 21:35:00,11590.3
2025-01-09 21:40:00,11660.979
2025-01-09 21:45:00,11064.191
2025-01-09 21:50:00,11609.2
2025-01-09 21:55:00,12304.912
2025-01-09 22:00:00,11294.446
2025-01-09 22:05:00,11185.563
2025-01-09 22:10:00,10526.129
2025-01-09 22:15:00,11541.977
2025-01-09 22:20:00,11194.204
2025-01-09 22:25:00,11104.603
2025-01-09 22:30:00,10739.833
2025-01-09 22:35:00,11809.584
2025-01-09 22:40:00,12177.419
2025-01-09 22:45:00,12244.715
2025-01-09 22:50:00,11480.182
2025-01-09 22:55:00,11819.513
2025-01-09 23:00:00,11430.933
2025-01-09 23:05:00,11478.065
2025-01-09 23:10:00,10859.068
2025-01-09 23:15:00,11311.895
2025-01-09 23:20:00,11287.455
2025-01-09 23:25:00,11274.236
2025-01-09 23:30:00,11553.057
2025-01-09 23:35:00,11471.514
2025-01-09 23:40:00,11627.747
2025-01-09 23:45:00,11448.691
2025-01-09 23:50:00,11208.09
2025-01-09 23:55:00,10898.026
2025-01-10 00:00:00,11825.919
2025-01-10 00:05:00,22492.277
2025-01-10 00:10:00,12046.736
2025-01-10 00:15:00,20489.652
2025-01-10 00:20:00,18468.165
2025-01-10 00:25:00,10876.713
2025-01-10 00:30:00,16545.879
2025-01-10 00:35:00,15710.028
2025-01-10 00:40:00,10263.621
2025-01-10 00:45:00,13335.036
2025-01-10 00:50:00,10224.961
2025-01-10 00:55:00,10652.925
2025-01-10 01:00:00,12617.96
2025-01-10 01:05:00,11817.467
2025-01-10 01:10:00,11602.603
2025-01-10 01:15:00,12066.037
2025-01-10 01:20:00,9973.693
2025-01-10 01:25:00,11388.015
2025-01-10 01:30:00,11814.599
2025-01-10 01:35:00,10946.255
2025-01-10 01:40:00,9872.631
2025-01-10 01:45:00,10340.61
2025-01-10 01:50:00,10330.334
2025-01-10 01:55:00,13317.191
2025-01-10 02:00:00,10342.085
2025-01-10 02:05:00,11900.342
2025-01-10 02:10:00,10544.287
2025-01-10 02:15:00,11775.645
2025-01-10 02:20:00,10644.512
2025-01-10 02:25:00,10575.003
2025-01-10 02:30:00,10412.962
2025-01-10 02:35:00,10319.884
2025-01-10 02:40:00,10921.613
2025-01-10 02:45:00,11122.465
2025-01-10 02:50:00,11423.14
2025-01-10 02:55:00,10449.717
2025-01-10 03:00:00,10955.389
2025-01-10 03:05:00,10626.56
2025-01-10 03:10:00,11024.449
2025-01-10 03:15:00,11274.568
2025-01-10 03:20:00,11513.433
2025-01-10 03:25:00,11326.137
2025-01-10 03:30:00,11142.166
2025-01-10 03:35:00,11029.83
2025-01-10 03:40:00,11065.248
2025-01-10 03:45:00,11864.967
2025-01-10 03:50:00,11666.362
2025-01-10 03:55:00,11226.114
2025-01-10 04:00:00,11124.513
2025-01-10 04:05:00,11942.07
2025-01-10 04:10:00,11458.887
2025-01-10 04:15:00,10925.055
2025-01-10 04:20:00,11965.206
2025-01-10 04:25:00,11788.331
2025-01-10 04:30:00,11614.989
2025-01-10 04:35:00,11549.264
2025-01-10 04:40:00,11536.643
2025-01-10 04:45:00,11412.067
2025-01-10 04:50:00,11660.315
2025-01-10 04:55:00,11593.166
2025-01-10 05:00:00,11517.207
2025-01-10 05:05:00,12093.072
2025-01-10 05:10:00,12192.828
2025-01-10 05:15:00,11588.302
2025-01-10 05:20:00,12732.866
2025-01-10 05:25:00,12583.613
2025-01-10 05:30:00,11406.605
2025-01-10 05:35:00,12665.026
2025-01-10 05:40:00,12097.128
2025-01-10 05:45:00,12339.625
2025-01-10 05:50:00,12105.415
2025-01-10 05:55:00,11855.459
2025-01-10 06:00:00,11564.412
2025-01-10 06:05:00,12034.984
2025-01-10 06:10:00,12348.453
2025-01-10 06:15:00,11814.151
2025-01-10 06:20:00,11847.768
2025-01-10 06:25:00,12424.444
2025-01-10 06:30:00,12159.089
2025-01-10 06:35:00,12456.997
2025-01-10 06:40:00,12250.258
2025-01-10 06:45:00,12665.257
2025-01-10 06:50:00,12402.693
2025-01-10 06:55:00,12492.092
2025-01-10 07:00:00,12113.198
2025-01-10 07:05:00,12296.836
2025-01-10 07:10:00,12387.592
2025-01-10 07:15:00,12356.14
2025-01-10 07:20:00,12770.445
2025-01-10 07:25:00,12820.726
2025-01-10 07:30:00,12611.898
2025-01-10 07:35:00,12299.092
2025-01-10 07:40:00,13244.582
2025-01-10 07:45:00,12620.918
2025-01-10 07:50:00,12567.791
2025-01-10 07:55:00,12811.116
2025-01-10 08:00:00,12701.774
2025-01-10 08:05:00,13292.783
2025-01-10 08:10:00,13055.513
2025-01-10 08:15:00,12823.133
2025-01-10 08:20:00,13348.682
2025-01-10 08:25:00,13048.612
2025-01-10 08:30:00,12808.468
2025-01-10 08:35:00,13663.384
2025-01-10 08:40:00,13210.539
2025-01-10 08:45:00,12861.991
2025-01-10 08:50:00,12792.006
2025-01-10 08:55:00,13418.975
2025-01-10 09:00:00,12570.252
2025-01-10 09:05:00,12659.293
2025-01-10 09:10:00,13352.915
2025-01-10 09:15:00,12965.482
2025-01-10 09:20:00,12602.478
2025-01-10 09:25:00,12757.711
2025-01-10 09:30:00,12671.48
2025-01-10 09:35:00,12777.43
2025-01-10 09:40:00,12791.409
2025-01-10 09:45:00,12960.52
2025-01-10 09:50:00,12676.002
2025-01-10 09:55:00,12751.052
2025-01-10 10:00:00,13049.321
2025-01-10 10:05:00,13257.497
2025-01-10 10:10:00,13088.029
2025-01-10 10:15:00,12991.86
2025-01-10 10:20:00,13075.081
2025-01-10 10:25:00,12618.953
2025-01-10 10:30:00,13055.326
2025-01-10 10:35:00,12803.56
2025-01-10 10:40:00,12649.976
2025-01-10 10:45:00,12794.821
2025-01-10 10:50:00,13067.814
2025-01-10 10:55:00,12617.924
2025-01-10 11:00:00,12973.431
2025-01-10 11:05:00,12790.425
2025-01-10 11:10:00,13034.646
2025-01-10 11:15:00,12754.208
2025-01-10 11:20:00,13117.599
2025-01-10 11:25:00,12907.444
2025-01-10 11:30:00,13162.814
2025-01-10 11:35:00,13026.895
2025-01-10 11:40:00,13005.069
2025-01-10 11:45:00,12599.573
2025-01-10 11:50:00,13064.132
2025-01-10 11:55:00,13401.218
2025-01-10 12:00:00,14128.606
2025-01-10 12:05:00,13488.601
2025-01-10 12:10:00,13508.491
2025-01-10 12:15:00,13500.997
2025-01-10 12:20:00,13717.633
2025-01-10 12:25:00,13543.462
2025-01-10 12:30:00,13805.491
2025-01-10 12:35:00,13578.716
2025-01-10 12:40:00,14078.179
2025-01-10 12:45:00,13884.367
2025-01-10 12:50:00,14453.576
2025-01-10 12:55:00,13871.507
2025-01-10 13:00:00,13217.895
2025-01-10 13:05:00,14410.302
2025-01-10 13:10:00,13772.495
2025-01-10 13:15:00,13555.929
2025-01-10 13:20:00,14139.618
2025-01-10 13:25:00,13578.891
2025-01-10 13:30:00,13432.372
2025-01-10 13:35:00,13823.52
2025-01-10 13:40:00,13691.582
2025-01-10 13:45:00,13979.8
2025-01-10 13:50:00,13295.719
2025-01-10 13:55:00,13914.822
2025-01-10 14:00:00,13709.884
2025-01-10 14:05:00,13989.986
2025-01-10 14:10:00,13742.212
2025-01-10 14:15:00,13360.862
2025-01-10 14:20:00,13622.322
2025-01-10 14:25:00,13674.911
2025-01-10 14:30:00,13484.832
2025-01-10 14:35:00,13434.764
2025-01-10 14:40:00,14531.177
2025-01-10 14:45:00,13663.803
2025-01-10 14:50:00,13631.482
2025-01-10 14:55:00,13407.946
2025-01-10 15:00:00,13960.376
2025-01-10 15:05:00,13422.122
2025-01-10 15:10:00,14030.466
2025-01-10 15:15:00,13197.401
2025-01-10 15:20:00,13623.558
2025-01-10 15:25:00,13408.181
2025-01-10 15:30:00,13425.991
2025-01-10 15:35:00,13554.015
2025-01-10 15:40:00,13974.568
2025-01-10 15:45:00,13626.98
2025-01-10 15:50:00,13011.21
2025-01-10 15:55:00,13768.324
2025-01-10 16:00:00,13244.403
2025-01-10 16:05:00,13449.103
2025-01-10 16:10:00,12481.299
2025-01-10 16:15:00,13667.883
2025-01-10 16:20:00,14608.786
2025-01-10 16:25:00,13288.334
2025-01-10 16:30:00,13819.602
2025-01-10 16:35:00,14231.167
2025-01-10 16:40:00,12724.145
2025-01-10 16:45:00,13071.442
2025-01-10 16:50:00,12596.209
2025-01-10 16:55:00,12256.418
2025-01-10 17:00:00,12666.399
2025-01-10 17:05:00,12445.886
2025-01-10 17:10:00,12781.335
2025-01-10 17:15:00,12965.557
2025-01-10 17:20:00,12651.978
2025-01-10 17:25:00,13544.986
2025-01-10 17:30:00,12254.361
2025-01-10 17:35:00,13201.19
2025-01-10 17:40:00,12775.549
2025-01-10 17:45:00,12226.672
2025-01-10 17:50:00,12878.583
2025-01-10 17:55:00,12608.139
2025-01-10 18:00:00,11406.731
2025-01-10 18:05:00,11808.832
2025-01-10 18:10:00,11725.726
2025-01-10 18:15:00,11741.284
2025-01-10 18:20:00,11683.16
2025-01-10 18:25:00,11488.189
2025-01-10 18:30:00,11540.062
2025-01-10 18:35:00,11302.871
2025-01-10 18:40:00,11910.005
2025-01-10 18:45:00,11189.473
2025-01-10 18:50:00,11431.782
2025-01-10 18:55:00,11160.432
2025-01-10 19:00:00,11347.607
2025-01-10 19:05:00,11256.973
2025-01-10 19:10:00,11428.764
2025-01-10 19:15:00,11190.285
2025-01-10 19:20:00,11391.851
2025-01-10 19:25:00,11384.661
2025-01-10 19:30:00,11247.696
2025-01-10 19:35:00,11295.903
2025-01-10 19:40:00,11420.238
2025-01-10 19:45:00,11444.465
2025-01-10 19:50:00,10903.648
2025-01-10 19:55:00,11006.246
2025-01-10 20:00:00,11069.55
2025-01-10 20:05:00,10915.045
2025-01-10 20:10:00,11139.325
2025-01-10 20:15:00,11204.245
2025-01-10 20:20:00,10518.386
2025-01-10 20:25:00,10711.702
2025-01-10 20:30:00,11059.122
2025-01-10 20:35:00,10953.117
2025-01-10 20:40:00,11110.422
2025-01-10 20:45:00,11088.112
2025-01-10 20:50:00,10869.667
2025-01-10 20:55:00,10955.069
2025-01-10 21:00:00,11510.017
2025-01-10 21:05:00,11925.669
2025-01-10 21:10:00,12163.046
2025-01-10 21:15:00,12413.074
2025-01-10 21:20:00,11486.772
2025-01-10 21:25:00,12301.036
2025-01-10 21:30:00,11504.41
2025-01-10 21:35:00,11669.441
2025-01-10 21:40:00,11101.145
2025-01-10 21:45:00,11433.689
2025-01-10 21:50:00,12913.273
2025-01-10 21:55:00,12342.097
2025-01-10 22:00:00,11786.676
2025-01-10 22:05:00,10789.657
2025-01-10 22:10:00,11096.025
2025-01-10 22:15:00,11914.131
2025-01-10 22:20:00,11480.734
2025-01-10 22:25:00,11896.504
2025-01-10 22:30:00,11304.131
2025-01-10 22:35:00,10857.331
2025-01-10 22:40:00,11822.962
2025-01-10 22:45:00,10920.74
2025-01-10 22:50:00,11539.892
2025-01-10 22:55:00,12654.22
2025-01-10 23:00:00,11658.584
2025-01-10 23:05:00,11104.055
2025-01-10 23:10:00,10609.388
2025-01-10 23:15:00,12067.798
2025-01-10 23:20:00,11771.211
2025-01-10 23:25:00,11299.468
2025-01-10 23:30:00,11441.383
2025-01-10 23:35:00,10519.296
2025-01-10 23:40:00,11500.509
2025-01-10 23:45:00,11658.416
2025-01-10 23:50:00,11311.104
2025-01-10 23:55:00,11962.295
