timestamp,ef_kg_per_kwh
2025-01-01 00:00:00,0.505249
2025-01-01 00:05:00,0.508853
2025-01-01 00:10:00,0.504575
2025-01-01 00:15:00,0.501592
2025-01-01 00:20:00,0.502242
2025-01-01 00:25:00,0.499075
2025-01-01 00:30:00,0.505202
2025-01-01 00:35:00,0.499846
2025-01-01 00:40:00,0.502654
2025-01-01 00:45:00,0.50704
2025-01-01 00:50:00,0.506262
2025-01-01 00:55:00,0.500683
2025-01-01 01:00:00,0.516425
2025-01-01 01:05:00,0.508038
2025-01-01 01:10:00,0.508403
2025-01-01 01:15:00,0.505477
2025-01-01 01:20:00,0.517416
2025-01-01 01:25:00,0.508408
2025-01-01 01:30:00,0.507372
2025-01-01 01:35:00,0.50466
2025-01-01 01:40:00,0.508281
2025-01-01 01:45:00,0.505438
2025-01-01 01:50:00,0.516733
2025-01-01 01:55:00,0.506387
2025-01-01 02:00:00,0.517752
2025-01-01 02:05:00,0.516275
2025-01-01 02:10:00,0.519582
2025-01-01 02:15:00,0.510751
2025-01-01 02:20:00,0.509581
2025-01-01 02:25:00,0.509229
2025-01-01 02:30:00,0.509246
2025-01-01 02:35:00,0.511158
2025-01-01 02:40:00,0.513682
2025-01-01 02:45:00,0.519312
2025-01-01 02:50:00,0.510298
2025-01-01 02:55:00,0.517383
2025-01-01 03:00:00,0.513233
2025-01-01 03:05:00,0.510488
2025-01-01 03:10:00,0.517928
2025-01-01 03:15:00,0.517514
2025-01-01 03:20:00,0.514689
2025-01-01 03:25:00,0.526456
2025-01-01 03:30:00,0.525981
2025-01-01 03:35:00,0.521433
2025-01-01 03:40:00,0.513503
2025-01-01 03:45:00,0.517179
2025-01-01 03:50:00,0.515773
2025-01-01 03:55:00,0.515069
2025-01-01 04:00:00,0.526308
2025-01-01 04:05:00,0.517115
2025-01-01 04:10:00,0.528321
2025-01-01 04:15:00,0.522018
2025-01-01 04:20:00,0.523127
2025-01-01 04:25:00,0.521907
2025-01-01 04:30:00,0.519353
2025-01-01 04:35:00,0.524073
2025-01-01 04:40:00,0.523385
2025-01-01 04:45:00,0.529272
2025-01-01 04:50:00,0.538721
2025-01-01 04:55:00,0.524962
2025-01-01 05:00:00,0.528851
2025-01-01 05:05:00,0.522608
2025-01-01 05:10:00,0.518887
2025-01-01 05:15:00,0.527988
2025-01-01 05:20:00,0.530788
2025-01-01 05:25:00,0.518583
2025-01-01 05:30:00,0.534279
2025-01-01 05:35:00,0.531248
2025-01-01 05:40:00,0.529293
2025-01-01 05:45:00,0.522204
2025-01-01 05:50:00,0.529704
2025-01-01 05:55:00,0.531938
2025-01-01 06:00:00,0.523842
2025-01-01 06:05:00,0.532778
2025-01-01 06:10:00,0.5276
2025-01-01 06:15:00,0.533529
2025-01-01 06:20:00,0.527381
2025-01-01 06:25:00,0.524957
2025-01-01 06:30:00,0.530187
2025-01-01 06:35:00,0.525684
2025-01-01 06:40:00,0.5361
2025-01-01 06:45:00,0.528421
2025-01-01 06:50:00,0.528579
2025-01-01 06:55:00,0.548277
2025-01-01 07:00:00,0.54035
2025-01-01 07:05:00,0.532927
2025-01-01 07:10:00,0.53273
2025-01-01 07:15:00,0.540126
2025-01-01 07:20:00,0.531202
2025-01-01 07:25:00,0.535591
2025-01-01 07:30:00,0.537841
2025-01-01 07:35:00,0.536046
2025-01-01 07:40:00,0.539904
2025-01-01 07:45:00,0.546203
2025-01-01 07:50:00,0.531199
2025-01-01 07:55:00,0.547304
2025-01-01 08:00:00,0.531307
2025-01-01 08:05:00,0.543034
2025-01-01 08:10:00,0.536226
2025-01-01 08:15:00,0.542497
2025-01-01 08:20:00,0.544017
2025-01-01 08:25:00,0.539924
2025-01-01 08:30:00,0.528712
2025-01-01 08:35:00,0.538824
2025-01-01 08:40:00,0.538186
2025-01-01 08:45:00,0.531435
2025-01-01 08:50:00,0.539456
2025-01-01 08:55:00,0.540224
2025-01-01 09:00:00,0.544443
2025-01-01 09:05:00,0.539519
2025-01-01 09:10:00,0.536161
2025-01-01 09:15:00,0.53794
2025-01-01 09:20:00,0.535765
2025-01-01 09:25:00,0.539657
2025-01-01 09:30:00,0.534726
2025-01-01 09:35:00,0.540793
2025-01-01 09:40:00,0.536793
2025-01-01 09:45:00,0.538324
2025-01-01 09:50:00,0.532892
2025-01-01 09:55:00,0.529091
2025-01-01 10:00:00,0.543414
2025-01-01 10:05:00,0.538732
2025-01-01 10:10:00,0.533478
2025-01-01 10:15:00,0.539072
2025-01-01 10:20:00,0.539924
2025-01-01 10:25:00,0.539715
2025-01-01 10:30:00,0.540936
2025-01-01 10:35:00,0.534802
2025-01-01 10:40:00,0.536509
2025-01-01 10:45:00,0.548034
2025-01-01 10:50:00,0.536819
2025-01-01 10:55:00,0.541325
2025-01-01 11:00:00,0.541421
2025-01-01 11:05:00,0.541717
2025-01-01 11:10:00,0.535382
2025-01-01 11:15:00,0.532456
2025-01-01 11:20:00,0.544421
2025-01-01 11:25:00,0.548816
2025-01-01 11:30:00,0.539653
2025-01-01 11:35:00,0.536228
2025-01-01 11:40:00,0.543487
2025-01-01 11:45:00,0.53244
2025-01-01 11:50:00,0.537753
2025-01-01 11:55:00,0.536342
2025-01-01 12:00:00,0.544029
2025-01-01 12:05:00,0.539307
2025-01-01 12:10:00,0.538476
2025-01-01 12:15:00,0.530604
2025-01-01 12:20:00,0.535952
2025-01-01 12:25:00,0.544586
2025-01-01 12:30:00,0.543765
2025-01-01 12:35:00,0.536637
2025-01-01 12:40:00,0.536082
2025-01-01 12:45:00,0.537117
2025-01-01 12:50:00,0.528539
2025-01-01 12:55:00,0.540427
2025-01-01 13:00:00,0.519229
2025-01-01 13:05:00,0.536032
2025-01-01 13:10:00,0.52984
2025-01-01 13:15:00,0.534486
2025-01-01 13:20:00,0.531683
2025-01-01 13:25:00,0.530589
2025-01-01 13:30:00,0.528088
2025-01-01 13:35:00,0.534927
2025-01-01 13:40:00,0.531679
2025-01-01 13:45:00,0.531073
2025-01-01 13:50:00,0.527357
2025-01-01 13:55:00,0.53505
2025-01-01 14:00:00,0.524751
2025-01-01 14:05:00,0.531109
2025-01-01 14:10:00,0.530192
2025-01-01 14:15:00,0.533465
2025-01-01 14:20:00,0.537039
2025-01-01 14:25:00,0.528557
2025-01-01 14:30:00,0.529722
2025-01-01 14:35:00,0.520146
2025-01-01 14:40:00,0.530086
2025-01-01 14:45:00,0.526787
2025-01-01 14:50:00,0.517473
2025-01-01 14:55:00,0.530169
2025-01-01 15:00:00,0.529914
2025-01-01 15:05:00,0.517349
2025-01-01 15:10:00,0.527556
2025-01-01 15:15:00,0.518737
2025-01-01 15:20:00,0.525241
2025-01-01 15:25:00,0.523062
2025-01-01 15:30:00,0.525317
2025-01-01 15:35:00,0.525906
2025-01-01 15:40:00,0.509756
2025-01-01 15:45:00,0.516876
2025-01-01 15:50:00,0.509603
2025-01-01 15:55:00,0.52112
2025-01-01 16:00:00,0.519996
2025-01-01 16:05:00,0.516027
2025-01-01 16:10:00,0.514837
2025-01-01 16:15:00,0.521336
2025-01-01 16:20:00,0.514895
2025-01-01 16:25:00,0.521827
2025-01-01 16:30:00,0.523506
2025-01-01 16:35:00,0.513112
2025-01-01 16:40:00,0.522004
2025-01-01 16:45:00,0.514824
2025-01-01 16:50:00,0.514872
2025-01-01 16:55:00,0.51044
2025-01-01 17:00:00,0.508586
2025-01-01 17:05:00,0.50416
2025-01-01 17:10:00,0.505571
2025-01-01 17:15:00,0.511681
2025-01-01 17:20:00,0.514316
2025-01-01 17:25:00,0.511442
2025-01-01 17:30:00,0.517187
2025-01-01 17:35:00,0.515512
2025-01-01 17:40:00,0.508665
2025-01-01 17:45:00,0.515691
2025-01-01 17:50:00,0.500783
2025-01-01 17:55:00,0.506484
2025-01-01 18:00:00,0.510594
2025-01-01 18:05:00,0.504763
2025-01-01 18:10:00,0.50849
2025-01-01 18:15:00,0.503824
2025-01-01 18:20:00,0.508111
2025-01-01 18:25:00,0.509001
2025-01-01 18:30:00,0.505195
2025-01-01 18:35:00,0.511172
2025-01-01 18:40:00,0.497344
2025-01-01 18:45:00,0.512268
2025-01-01 18:50:00,0.507998
2025-01-01 18:55:00,0.499091
2025-01-01 19:00:00,0.514579
2025-01-01 19:05:00,0.509649
2025-01-01 19:10:00,0.510849
2025-01-01 19:15:00,0.506872
2025-01-01 19:20:00,0.505663
2025-01-01 19:25:00,0.501615
2025-01-01 19:30:00,0.502874
2025-01-01 19:35:00,0.499403
2025-01-01 19:40:00,0.506398
2025-01-01 19:45:00,0.510696
2025-01-01 19:50:00,0.500207
2025-01-01 19:55:00,0.496683
2025-01-01 20:00:00,0.495903
2025-01-01 20:05:00,0.506691
2025-01-01 20:10:00,0.502313
2025-01-01 20:15:00,0.505081
2025-01-01 20:20:00,0.508371
2025-01-01 20:25:00,0.498518
2025-01-01 20:30:00,0.508969
2025-01-01 20:35:00,0.506899
2025-01-01 20:40:00,0.496424
2025-01-01 20:45:00,0.506277
2025-01-01 20:50:00,0.502683
2025-01-01 20:55:00,0.501341
2025-01-01 21:00:00,0.497657
2025-01-01 21:05:00,0.505233
2025-01-01 21:10:00,0.502752
2025-01-01 21:15:00,0.508489
2025-01-01 21:20:00,0.503602
2025-01-01 21:25:00,0.500814
2025-01-01 21:30:00,0.493812
2025-01-01 21:35:00,0.496942
2025-01-01 21:40:00,0.499799
2025-01-01 21:45:00,0.496536
2025-01-01 21:50:00,0.504543
2025-01-01 21:55:00,0.502039
2025-01-01 22:00:00,0.49884
2025-01-01 22:05:00,0.497686
2025-01-01 22:10:00,0.497341
2025-01-01 22:15:00,0.495397
2025-01-01 22:20:00,0.495215
2025-01-01 22:25:00,0.498675
2025-01-01 22:30:00,0.494534
2025-01-01 22:35:00,0.499954
2025-01-01 22:40:00,0.498154
2025-01-01 22:45:00,0.495411
2025-01-01 22:50:00,0.497174
2025-01-01 22:55:00,0.496889
2025-01-01 23:00:00,0.50276
2025-01-01 23:05:00,0.489714
2025-01-01 23:10:00,0.49849
2025-01-01 23:15:00,0.490857
2025-01-01 23:20:00,0.50094
2025-01-01 23:25:00,0.506547
2025-01-01 23:30:00,0.504602
2025-01-01 23:35:00,0.503991
2025-01-01 23:40:00,0.510486
2025-01-01 23:45:00,0.504811
2025-01-01 23:50:00,0.505419
2025-01-01 23:55:00,0.495273
2025-01-02 00:00:00,0.493445
2025-01-02 00:05:00,0.502447
2025-01-02 00:10:00,0.502612
2025-01-02 00:15:00,0.503123
2025-01-02 00:20:00,0.502164
2025-01-02 00:25:00,0.509298
2025-01-02 00:30:00,0.497732
2025-01-02 00:35:00,0.515167
2025-01-02 00:40:00,0.501306
2025-01-02 00:45:00,0.503312
2025-01-02 00:50:00,0.506083
2025-01-02 00:55:00,0.505449
2025-01-02 01:00:00,0.501589
2025-01-02 01:05:00,0.512298
2025-01-02 01:10:00,0.506702
2025-01-02 01:15:00,0.507306
2025-01-02 01:20:00,0.508209
2025-01-02 01:25:00,0.510433
2025-01-02 01:30:00,0.511487
2025-01-02 01:35:00,0.511295
2025-01-02 01:40:00,0.50646
2025-01-02 01:45:00,0.49698
2025-01-02 01:50:00,0.513858
2025-01-02 01:55:00,0.50656
2025-01-02 02:00:00,0.512807
2025-01-02 02:05:00,0.506971
2025-01-02 02:10:00,0.513239
2025-01-02 02:15:00,0.51056
2025-01-02 02:20:00,0.50942
2025-01-02 02:25:00,0.51443
2025-01-02 02:30:00,0.517117
2025-01-02 02:35:00,0.511993
2025-01-02 02:40:00,0.514271
2025-01-02 02:45:00,0.507573
2025-01-02 02:50:00,0.514048
2025-01-02 02:55:00,0.515301
2025-01-02 03:00:00,0.513151
2025-01-02 03:05:00,0.524242
2025-01-02 03:10:00,0.508924
2025-01-02 03:15:00,0.518313
2025-01-02 03:20:00,0.515857
2025-01-02 03:25:00,0.521528
2025-01-02 03:30:00,0.519231
2025-01-02 03:35:00,0.512674
2025-01-02 03:40:00,0.51095
2025-01-02 03:45:00,0.511738
2025-01-02 03:50:00,0.519669
2025-01-02 03:55:00,0.528197
2025-01-02 04:00:00,0.526153
2025-01-02 04:05:00,0.527903
2025-01-02 04:10:00,0.518689
2025-01-02 04:15:00,0.520786
2025-01-02 04:20:00,0.512744
2025-01-02 04:25:00,0.52277
2025-01-02 04:30:00,0.523605
2025-01-02 04:35:00,0.522649
2025-01-02 04:40:00,0.527641
2025-01-02 04:45:00,0.526563
2025-01-02 04:50:00,0.52107
2025-01-02 04:55:00,0.5226
2025-01-02 05:00:00,0.522796
2025-01-02 05:05:00,0.516597
2025-01-02 05:10:00,0.521541
2025-01-02 05:15:00,0.52958
2025-01-02 05:20:00,0.524054
2025-01-02 05:25:00,0.53082
2025-01-02 05:30:00,0.536573
2025-01-02 05:35:00,0.530375
2025-01-02 05:40:00,0.52524
2025-01-02 05:45:00,0.530143
2025-01-02 05:50:00,0.530296
2025-01-02 05:55:00,0.522746
2025-01-02 06:00:00,0.533184
2025-01-02 06:05:00,0.529439
2025-01-02 06:10:00,0.530943
2025-01-02 06:15:00,0.529943
2025-01-02 06:20:00,0.528875
2025-01-02 06:25:00,0.536409
2025-01-02 06:30:00,0.539296
2025-01-02 06:35:00,0.53121
2025-01-02 06:40:00,0.529885
2025-01-02 06:45:00,0.529897
2025-01-02 06:50:00,0.532045
2025-01-02 06:55:00,0.536422
2025-01-02 07:00:00,0.529263
2025-01-02 07:05:00,0.52612
2025-01-02 07:10:00,0.543473
2025-01-02 07:15:00,0.535911
2025-01-02 07:20:00,0.534243
2025-01-02 07:25:00,0.529039
2025-01-02 07:30:00,0.522411
2025-01-02 07:35:00,0.541683
2025-01-02 07:40:00,0.540393
2025-01-02 07:45:00,0.529948
2025-01-02 07:50:00,0.534351
2025-01-02 07:55:00,0.531714
2025-01-02 08:00:00,0.538628
2025-01-02 08:05:00,0.540181
2025-01-02 08:10:00,0.531398
2025-01-02 08:15:00,0.536634
2025-01-02 08:20:00,0.535155
2025-01-02 08:25:00,0.54023
2025-01-02 08:30:00,0.550127
2025-01-02 08:35:00,0.530946
2025-01-02 08:40:00,0.533318
2025-01-02 08:45:00,0.54019
2025-01-02 08:50:00,0.534436
2025-01-02 08:55:00,0.540745
2025-01-02 09:00:00,0.542879
2025-01-02 09:05:00,0.534974
2025-01-02 09:10:00,0.538433
2025-01-02 09:15:00,0.536625
2025-01-02 09:20:00,0.540261
2025-01-02 09:25:00,0.541881
2025-01-02 09:30:00,0.540285
2025-01-02 09:35:00,0.53168
2025-01-02 09:40:00,0.541548
2025-01-02 09:45:00,0.545652
2025-01-02 09:50:00,0.543267
2025-01-02 09:55:00,0.535488
2025-01-02 10:00:00,0.541404
2025-01-02 10:05:00,0.540996
2025-01-02 10:10:00,0.540926
2025-01-02 10:15:00,0.543769
2025-01-02 10:20:00,0.53766
2025-01-02 10:25:00,0.539891
2025-01-02 10:30:00,0.538116
2025-01-02 10:35:00,0.540478
2025-01-02 10:40:00,0.534826
2025-01-02 10:45:00,0.546383
2025-01-02 10:50:00,0.533278
2025-01-02 10:55:00,0.543101
2025-01-02 11:00:00,0.534157
2025-01-02 11:05:00,0.536281
2025-01-02 11:10:00,0.539468
2025-01-02 11:15:00,0.540027
2025-01-02 11:20:00,0.536044
2025-01-02 11:25:00,0.534925
2025-01-02 11:30:00,0.55233
2025-01-02 11:35:00,0.538149
2025-01-02 11:40:00,0.537708
2025-01-02 11:45:00,0.534335
2025-01-02 11:50:00,0.530686
2025-01-02 11:55:00,0.532979
2025-01-02 12:00:00,0.5245
2025-01-02 12:05:00,0.542531
2025-01-02 12:10:00,0.52752
2025-01-02 12:15:00,0.541342
2025-01-02 12:20:00,0.534136
2025-01-02 12:25:00,0.522626
2025-01-02 12:30:00,0.544622
2025-01-02 12:35:00,0.532835
2025-01-02 12:40:00,0.533525
2025-01-02 12:45:00,0.536155
2025-01-02 12:50:00,0.533707
2025-01-02 12:55:00,0.53204
2025-01-02 13:00:00,0.528734
2025-01-02 13:05:00,0.532372
2025-01-02 13:10:00,0.538247
2025-01-02 13:15:00,0.547453
2025-01-02 13:20:00,0.533804
2025-01-02 13:25:00,0.54219
2025-01-02 13:30:00,0.538272
2025-01-02 13:35:00,0.537527
2025-01-02 13:40:00,0.538076
2025-01-02 13:45:00,0.532774
2025-01-02 13:50:00,0.531769
2025-01-02 13:55:00,0.533743
2025-01-02 14:00:00,0.528958
2025-01-02 14:05:00,0.52561
2025-01-02 14:10:00,0.52876
2025-01-02 14:15:00,0.531143
2025-01-02 14:20:00,0.520937
2025-01-02 14:25:00,0.530229
2025-01-02 14:30:00,0.531312
2025-01-02 14:35:00,0.525592
2025-01-02 14:40:00,0.53344
2025-01-02 14:45:00,0.532176
2025-01-02 14:50:00,0.529671
2025-01-02 14:55:00,0.526909
2025-01-02 15:00:00,0.527905
2025-01-02 15:05:00,0.520703
2025-01-02 15:10:00,0.534695
2025-01-02 15:15:00,0.529629
2025-01-02 15:20:00,0.527781
2025-01-02 15:25:00,0.519735
2025-01-02 15:30:00,0.527195
2025-01-02 15:35:00,0.527153
2025-01-02 15:40:00,0.525356
2025-01-02 15:45:00,0.526554
2025-01-02 15:50:00,0.51942
2025-01-02 15:55:00,0.522813
2025-01-02 16:00:00,0.52415
2025-01-02 16:05:00,0.515852
2025-01-02 16:10:00,0.522653
2025-01-02 16:15:00,0.510707
2025-01-02 16:20:00,0.509584
2025-01-02 16:25:00,0.516629
2025-01-02 16:30:00,0.507045
2025-01-02 16:35:00,0.514512
2025-01-02 16:40:00,0.51855
2025-01-02 16:45:00,0.50673
2025-01-02 16:50:00,0.511104
2025-01-02 16:55:00,0.51981
2025-01-02 17:00:00,0.514864
2025-01-02 17:05:00,0.519036
2025-01-02 17:10:00,0.508773
2025-01-02 17:15:00,0.505013
2025-01-02 17:20:00,0.515375
2025-01-02 17:25:00,0.509187
2025-01-02 17:30:00,0.512874
2025-01-02 17:35:00,0.511509
2025-01-02 17:40:00,0.508584
2025-01-02 17:45:00,0.514871
2025-01-02 17:50:00,0.512406
2025-01-02 17:55:00,0.50264
2025-01-02 18:00:00,0.501281
2025-01-02 18:05:00,0.517228
2025-01-02 18:10:00,0.508327
2025-01-02 18:15:00,0.511996
2025-01-02 18:20:00,0.508329
2025-01-02 18:25:00,0.512433
2025-01-02 18:30:00,0.506385
2025-01-02 18:35:00,0.515768
2025-01-02 18:40:00,0.51117
2025-01-02 18:45:00,0.504494
2025-01-02 18:50:00,0.507111
2025-01-02 18:55:00,0.513921
2025-01-02 19:00:00,0.501183
2025-01-02 19:05:00,0.502201
2025-01-02 19:10:00,0.503919
2025-01-02 19:15:00,0.504323
2025-01-02 19:20:00,0.496028
2025-01-02 19:25:00,0.50933
2025-01-02 19:30:00,0.51052
2025-01-02 19:35:00,0.497859
2025-01-02 19:40:00,0.494528
2025-01-02 19:45:00,0.503463
2025-01-02 19:50:00,0.508911
2025-01-02 19:55:00,0.509407
2025-01-02 20:00:00,0.501244
2025-01-02 20:05:00,0.497461
2025-01-02 20:10:00,0.501788
2025-01-02 20:15:00,0.503441
2025-01-02 20:20:00,0.50186
2025-01-02 20:25:00,0.506107
2025-01-02 20:30:00,0.50045
2025-01-02 20:35:00,0.498403
2025-01-02 20:40:00,0.510092
2025-01-02 20:45:00,0.506877
2025-01-02 20:50:00,0.497559
2025-01-02 20:55:00,0.500491
2025-01-02 21:00:00,0.503158
2025-01-02 21:05:00,0.508802
2025-01-02 21:10:00,0.506719
2025-01-02 21:15:00,0.489372
2025-01-02 21:20:00,0.487162
2025-01-02 21:25:00,0.497616
2025-01-02 21:30:00,0.500159
2025-01-02 21:35:00,0.504149
2025-01-02 21:40:00,0.506667
2025-01-02 21:45:00,0.510317
2025-01-02 21:50:00,0.503017
2025-01-02 21:55:00,0.503012
2025-01-02 22:00:00,0.505708
2025-01-02 22:05:00,0.489193
2025-01-02 22:10:00,0.500974
2025-01-02 22:15:00,0.501566
2025-01-02 22:20:00,0.492118
2025-01-02 22:25:00,0.499053
2025-01-02 22:30:00,0.508888
2025-01-02 22:35:00,0.495009
2025-01-02 22:40:00,0.500147
2025-01-02 22:45:00,0.491618
2025-01-02 22:50:00,0.490638
2025-01-02 22:55:00,0.499654
2025-01-02 23:00:00,0.497841
2025-01-02 23:05:00,0.502835
2025-01-02 23:10:00,0.501383
2025-01-02 23:15:00,0.502761
2025-01-02 23:20:00,0.501666
2025-01-02 23:25:00,0.504847
2025-01-02 23:30:00,0.496562
2025-01-02 23:35:00,0.492562
2025-01-02 23:40:00,0.497107
2025-01-02 23:45:00,0.500977
2025-01-02 23:50:00,0.515877
2025-01-02 23:55:00,0.503024
2025-01-03 00:00:00,0.495453
2025-01-03 00:05:00,0.49638
2025-01-03 00:10:00,0.506761
2025-01-03 00:15:00,0.504069
2025-01-03 00:20:00,0.513166
2025-01-03 00:25:00,0.500615
2025-01-03 00:30:00,0.500885
2025-01-03 00:35:00,0.509129
2025-01-03 00:40:00,0.512804
2025-01-03 00:45:00,0.506261
2025-01-03 00:50:00,0.50768
2025-01-03 00:55:00,0.506631
2025-01-03 01:00:00,0.509479
2025-01-03 01:05:00,0.51564
2025-01-03 01:10:00,0.507067
2025-01-03 01:15:00,0.514101
2025-01-03 01:20:00,0.507702
2025-01-03 01:25:00,0.521156
2025-01-03 01:30:00,0.511604
2025-01-03 01:35:00,0.509116
2025-01-03 01:40:00,0.508851
2025-01-03 01:45:00,0.513796
2025-01-03 01:50:00,0.513154
2025-01-03 01:55:00,0.50915
2025-01-03 02:00:00,0.507627
2025-01-03 02:05:00,0.513526
2025-01-03 02:10:00,0.507216
2025-01-03 02:15:00,0.517944
2025-01-03 02:20:00,0.524461
2025-01-03 02:25:00,0.517312
2025-01-03 02:30:00,0.518752
2025-01-03 02:35:00,0.513226
2025-01-03 02:40:00,0.513564
2025-01-03 02:45:00,0.512694
2025-01-03 02:50:00,0.516914
2025-01-03 02:55:00,0.5115
2025-01-03 03:00:00,0.514232
2025-01-03 03:05:00,0.517998
2025-01-03 03:10:00,0.518583
2025-01-03 03:15:00,0.513456
2025-01-03 03:20:00,0.52284
2025-01-03 03:25:00,0.511314
2025-01-03 03:30:00,0.515784
2025-01-03 03:35:00,0.530666
2025-01-03 03:40:00,0.517901
2025-01-03 03:45:00,0.521661
2025-01-03 03:50:00,0.520927
2025-01-03 03:55:00,0.519541
2025-01-03 04:00:00,0.51753
2025-01-03 04:05:00,0.523056
2025-01-03 04:10:00,0.521656
2025-01-03 04:15:00,0.515662
2025-01-03 04:20:00,0.524693
2025-01-03 04:25:00,0.513278
2025-01-03 04:30:00,0.522746
2025-01-03 04:35:00,0.517661
2025-01-03 04:40:00,0.522247
2025-01-03 04:45:00,0.523731
2025-01-03 04:50:00,0.533366
2025-01-03 04:55:00,0.529286
2025-01-03 05:00:00,0.533211
2025-01-03 05:05:00,0.514041
2025-01-03 05:10:00,0.528818
2025-01-03 05:15:00,0.52273
2025-01-03 05:20:00,0.528793
2025-01-03 05:25:00,0.520713
2025-01-03 05:30:00,0.53505
2025-01-03 05:35:00,0.527206
2025-01-03 05:40:00,0.523136
2025-01-03 05:45:00,0.529331
2025-01-03 05:50:00,0.528959
2025-01-03 05:55:00,0.517511
2025-01-03 06:00:00,0.535497
2025-01-03 06:05:00,0.532841
2025-01-03 06:10:00,0.542779
2025-01-03 06:15:00,0.532869
2025-01-03 06:20:00,0.536949
2025-01-03 06:25:00,0.535826
2025-01-03 06:30:00,0.528164
2025-01-03 06:35:00,0.535951
2025-01-03 06:40:00,0.516811
2025-01-03 06:45:00,0.538136
2025-01-03 06:50:00,0.529591
2025-01-03 06:55:00,0.537039
2025-01-03 07:00:00,0.533149
2025-01-03 07:05:00,0.536894
2025-01-03 07:10:00,0.535254
2025-01-03 07:15:00,0.531801
2025-01-03 07:20:00,0.544825
2025-01-03 07:25:00,0.538794
2025-01-03 07:30:00,0.5442
2025-01-03 07:35:00,0.535314
2025-01-03 07:40:00,0.537131
2025-01-03 07:45:00,0.531448
2025-01-03 07:50:00,0.530386
2025-01-03 07:55:00,0.535333
2025-01-03 08:00:00,0.542079
2025-01-03 08:05:00,0.533173
2025-01-03 08:10:00,0.526124
2025-01-03 08:15:00,0.541075
2025-01-03 08:20:00,0.549069
2025-01-03 08:25:00,0.539055
2025-01-03 08:30:00,0.546962
2025-01-03 08:35:00,0.534339
2025-01-03 08:40:00,0.530029
2025-01-03 08:45:00,0.541246
2025-01-03 08:50:00,0.536997
2025-01-03 08:55:00,0.531864
2025-01-03 09:00:00,0.538066
2025-01-03 09:05:00,0.546455
2025-01-03 09:10:00,0.538293
2025-01-03 09:15:00,0.527369
2025-01-03 09:20:00,0.544926
2025-01-03 09:25:00,0.531144
2025-01-03 09:30:00,0.546413
2025-01-03 09:35:00,0.546312
2025-01-03 09:40:00,0.535204
2025-01-03 09:45:00,0.536942
2025-01-03 09:50:00,0.540703
2025-01-03 09:55:00,0.536794
2025-01-03 10:00:00,0.534749
2025-01-03 10:05:00,0.534792
2025-01-03 10:10:00,0.537294
2025-01-03 10:15:00,0.547757
2025-01-03 10:20:00,0.54397
2025-01-03 10:25:00,0.544104
2025-01-03 10:30:00,0.542313
2025-01-03 10:35:00,0.538491
2025-01-03 10:40:00,0.539339
2025-01-03 10:45:00,0.532449
2025-01-03 10:50:00,0.544301
2025-01-03 10:55:00,0.54058
2025-01-03 11:00:00,0.548399
2025-01-03 11:05:00,0.546693
2025-01-03 11:10:00,0.543888
2025-01-03 11:15:00,0.541129
2025-01-03 11:20:00,0.535414
2025-01-03 11:25:00,0.546011
2025-01-03 11:30:00,0.545891
2025-01-03 11:35:00,0.53656
2025-01-03 11:40:00,0.542287
2025-01-03 11:45:00,0.535684
2025-01-03 11:50:00,0.534556
2025-01-03 11:55:00,0.537226
2025-01-03 12:00:00,0.526837
2025-01-03 12:05:00,0.532119
2025-01-03 12:10:00,0.532938
2025-01-03 12:15:00,0.536213
2025-01-03 12:20:00,0.534173
2025-01-03 12:25:00,0.533289
2025-01-03 12:30:00,0.533617
2025-01-03 12:35:00,0.536098
2025-01-03 12:40:00,0.54065
2025-01-03 12:45:00,0.537323
2025-01-03 12:50:00,0.535794
2025-01-03 12:55:00,0.533113
2025-01-03 13:00:00,0.539456
2025-01-03 13:05:00,0.539744
2025-01-03 13:10:00,0.530832
2025-01-03 13:15:00,0.522494
2025-01-03 13:20:00,0.527967
2025-01-03 13:25:00,0.541647
2025-01-03 13:30:00,0.537326
2025-01-03 13:35:00,0.531275
2025-01-03 13:40:00,0.520487
2025-01-03 13:45:00,0.536235
2025-01-03 13:50:00,0.537431
2025-01-03 13:55:00,0.530171
2025-01-03 14:00:00,0.528115
2025-01-03 14:05:00,0.531119
2025-01-03 14:10:00,0.52717
2025-01-03 14:15:00,0.527729
2025-01-03 14:20:00,0.531479
2025-01-03 14:25:00,0.517823
2025-01-03 14:30:00,0.52157
2025-01-03 14:35:00,0.520515
2025-01-03 14:40:00,0.521081
2025-01-03 14:45:00,0.525793
2025-01-03 14:50:00,0.533062
2025-01-03 14:55:00,0.512307
2025-01-03 15:00:00,0.519927
2025-01-03 15:05:00,0.527378
2025-01-03 15:10:00,0.518454
2025-01-03 15:15:00,0.518651
2025-01-03 15:20:00,0.523798
2025-01-03 15:25:00,0.518918
2025-01-03 15:30:00,0.53221
2025-01-03 15:35:00,0.529258
2025-01-03 15:40:00,0.513936
2025-01-03 15:45:00,0.5145
2025-01-03 15:50:00,0.520393
2025-01-03 15:55:00,0.5271
2025-01-03 16:00:00,0.529871
2025-01-03 16:05:00,0.511195
2025-01-03 16:10:00,0.515594
2025-01-03 16:15:00,0.520598
2025-01-03 16:20:00,0.507254
2025-01-03 16:25:00,0.513565
2025-01-03 16:30:00,0.523326
2025-01-03 16:35:00,0.518891
2025-01-03 16:40:00,0.511999
2025-01-03 16:45:00,0.510279
2025-01-03 16:50:00,0.517818
2025-01-03 16:55:00,0.519336
2025-01-03 17:00:00,0.506722
2025-01-03 17:05:00,0.500109
2025-01-03 17:10:00,0.517335
2025-01-03 17:15:00,0.509342
2025-01-03 17:20:00,0.517936
2025-01-03 17:25:00,0.516922
2025-01-03 17:30:00,0.511072
2025-01-03 17:35:00,0.514025
2025-01-03 17:40:00,0.513972
2025-01-03 17:45:00,0.511665
2025-01-03 17:50:00,0.512695
2025-01-03 17:55:00,0.515917
2025-01-03 18:00:00,0.509375
2025-01-03 18:05:00,0.508467
2025-01-03 18:10:00,0.507947
2025-01-03 18:15:00,0.509815
2025-01-03 18:20:00,0.515954
2025-01-03 18:25:00,0.513191
2025-01-03 18:30:00,0.505319
2025-01-03 18:35:00,0.499715
2025-01-03 18:40:00,0.503111
2025-01-03 18:45:00,0.515282
2025-01-03 18:50:00,0.495608
2025-01-03 18:55:00,0.499074
2025-01-03 19:00:00,0.495165
2025-01-03 19:05:00,0.503452
2025-01-03 19:10:00,0.500846
2025-01-03 19:15:00,0.498792
2025-01-03 19:20:00,0.509671
2025-01-03 19:25:00,0.501353
2025-01-03 19:30:00,0.508236
2025-01-03 19:35:00,0.516147
2025-01-03 19:40:00,0.498385
2025-01-03 19:45:00,0.500242
2025-01-03 19:50:00,0.500137
2025-01-03 19:55:00,0.506327
2025-01-03 20:00:00,0.504653
2025-01-03 20:05:00,0.499594
2025-01-03 20:10:00,0.505526
2025-01-03 20:15:00,0.496883
2025-01-03 20:20:00,0.512075
2025-01-03 20:25:00,0.50062
2025-01-03 20:30:00,0.502898
2025-01-03 20:35:00,0.51195
2025-01-03 20:40:00,0.503796
2025-01-03 20:45:00,0.498316
2025-01-03 20:50:00,0.501535
2025-01-03 20:55:00,0.507411
2025-01-03 21:00:00,0.500772
2025-01-03 21:05:00,0.50127
2025-01-03 21:10:00,0.504583
2025-01-03 21:15:00,0.499804
2025-01-03 21:20:00,0.49549
2025-01-03 21:25:00,0.505333
2025-01-03 21:30:00,0.504231
2025-01-03 21:35:00,0.492702
2025-01-03 21:40:00,0.50124
2025-01-03 21:45:00,0.497271
2025-01-03 21:50:00,0.49982
2025-01-03 21:55:00,0.50837
2025-01-03 22:00:00,0.511228
2025-01-03 22:05:00,0.505391
2025-01-03 22:10:00,0.49479
2025-01-03 22:15:00,0.496681
2025-01-03 22:20:00,0.498404
2025-01-03 22:25:00,0.505414
2025-01-03 22:30:00,0.500866
2025-01-03 22:35:00,0.50502
2025-01-03 22:40:00,0.497762
2025-01-03 22:45:00,0.50137
2025-01-03 22:50:00,0.503541
2025-01-03 22:55:00,0.492798
2025-01-03 23:00:00,0.506512
2025-01-03 23:05:00,0.502317
2025-01-03 23:10:00,0.507185
2025-01-03 23:15:00,0.502723
2025-01-03 23:20:00,0.504875
2025-01-03 23:25:00,0.501958
2025-01-03 23:30:00,0.50982
2025-01-03 23:35:00,0.494341
2025-01-03 23:40:00,0.502316
2025-01-03 23:45:00,0.495508
2025-01-03 23:50:00,0.501279
2025-01-03 23:55:00,0.504564
2025-01-04 00:00:00,0.497929
2025-01-04 00:05:00,0.501179
2025-01-04 00:10:00,0.500061
2025-01-04 00:15:00,0.505098
2025-01-04 00:20:00,0.49545
2025-01-04 00:25:00,0.506544
2025-01-04 00:30:00,0.502287
2025-01-04 00:35:00,0.505853
2025-01-04 00:40:00,0.507962
2025-01-04 00:45:00,0.503544
2025-01-04 00:50:00,0.503871
2025-01-04 00:55:00,0.505143
2025-01-04 01:00:00,0.510564
2025-01-04 01:05:00,0.500662
2025-01-04 01:10:00,0.493435
2025-01-04 01:15:00,0.50711
2025-01-04 01:20:00,0.50287
2025-01-04 01:25:00,0.499368
2025-01-04 01:30:00,0.502354
2025-01-04 01:35:00,0.506123
2025-01-04 01:40:00,0.49532
2025-01-04 01:45:00,0.514825
2025-01-04 01:50:00,0.512312
2025-01-04 01:55:00,0.518734
2025-01-04 02:00:00,0.508914
2025-01-04 02:05:00,0.508895
2025-01-04 02:10:00,0.515144
2025-01-04 02:15:00,0.507759
2025-01-04 02:20:00,0.503541
2025-01-04 02:25:00,0.514077
2025-01-04 02:30:00,0.512751
2025-01-04 02:35:00,0.511885
2025-01-04 02:40:00,0.518197
2025-01-04 02:45:00,0.515394
2025-01-04 02:50:00,0.514929
2025-01-04 02:55:00,0.520962
2025-01-04 03:00:00,0.513983
2025-01-04 03:05:00,0.5131
2025-01-04 03:10:00,0.514784
2025-01-04 03:15:00,0.503974
2025-01-04 03:20:00,0.520918
2025-01-04 03:25:00,0.517223
2025-01-04 03:30:00,0.523727
2025-01-04 03:35:00,0.517908
2025-01-04 03:40:00,0.520772
2025-01-04 03:45:00,0.518686
2025-01-04 03:50:00,0.525568
2025-01-04 03:55:00,0.51097
2025-01-04 04:00:00,0.522723
2025-01-04 04:05:00,0.5323
2025-01-04 04:10:00,0.512221
2025-01-04 04:15:00,0.519567
2025-01-04 04:20:00,0.517267
2025-01-04 04:25:00,0.520627
2025-01-04 04:30:00,0.521982
2025-01-04 04:35:00,0.523449
2025-01-04 04:40:00,0.525297
2025-01-04 04:45:00,0.526559
2025-01-04 04:50:00,0.524813
2025-01-04 04:55:00,0.525079
2025-01-04 05:00:00,0.533345
2025-01-04 05:05:00,0.528018
2025-01-04 05:10:00,0.522285
2025-01-04 05:15:00,0.533592
2025-01-04 05:20:00,0.530764
2025-01-04 05:25:00,0.521577
2025-01-04 05:30:00,0.529366
2025-01-04 05:35:00,0.527892
2025-01-04 05:40:00,0.525535
2025-01-04 05:45:00,0.530967
2025-01-04 05:50:00,0.52249
2025-01-04 05:55:00,0.532768
2025-01-04 06:00:00,0.523366
2025-01-04 06:05:00,0.537548
2025-01-04 06:10:00,0.534043
2025-01-04 06:15:00,0.535025
2025-01-04 06:20:00,0.535896
2025-01-04 06:25:00,0.53161
2025-01-04 06:30:00,0.522299
2025-01-04 06:35:00,0.532905
2025-01-04 06:40:00,0.538426
2025-01-04 06:45:00,0.538047
2025-01-04 06:50:00,0.535935
2025-01-04 06:55:00,0.541497
2025-01-04 07:00:00,0.533484
2025-01-04 07:05:00,0.533417
2025-01-04 07:10:00,0.535309
2025-01-04 07:15:00,0.533283
2025-01-04 07:20:00,0.534167
2025-01-04 07:25:00,0.531108
2025-01-04 07:30:00,0.536303
2025-01-04 07:35:00,0.546427
2025-01-04 07:40:00,0.544207
2025-01-04 07:45:00,0.528276
2025-01-04 07:50:00,0.539283
2025-01-04 07:55:00,0.535021
2025-01-04 08:00:00,0.549078
2025-01-04 08:05:00,0.53752
2025-01-04 08:10:00,0.538274
2025-01-04 08:15:00,0.535085
2025-01-04 08:20:00,0.535916
2025-01-04 08:25:00,0.53879
2025-01-04 08:30:00,0.541914
2025-01-04 08:35:00,0.537338
2025-01-04 08:40:00,0.537854
2025-01-04 08:45:00,0.545618
2025-01-04 08:50:00,0.540502
2025-01-04 08:55:00,0.546024
2025-01-04 09:00:00,0.527912
2025-01-04 09:05:00,0.537941
2025-01-04 09:10:00,0.541732
2025-01-04 09:15:00,0.538882
2025-01-04 09:20:00,0.550615
2025-01-04 09:25:00,0.537906
2025-01-04 09:30:00,0.541578
2025-01-04 09:35:00,0.535984
2025-01-04 09:40:00,0.53962
2025-01-04 09:45:00,0.535333
2025-01-04 09:50:00,0.550286
2025-01-04 09:55:00,0.539529
2025-01-04 10:00:00,0.538495
2025-01-04 10:05:00,0.535808
2025-01-04 10:10:00,0.536096
2025-01-04 10:15:00,0.526047
2025-01-04 10:20:00,0.541415
2025-01-04 10:25:00,0.534723
2025-01-04 10:30:00,0.538045
2025-01-04 10:35:00,0.536311
2025-01-04 10:40:00,0.541314
2025-01-04 10:45:00,0.540153
2025-01-04 10:50:00,0.542617
2025-01-04 10:55:00,0.53739
2025-01-04 11:00:00,0.542097
2025-01-04 11:05:00,0.53359
2025-01-04 11:10:00,0.528057
2025-01-04 11:15:00,0.543243
2025-01-04 11:20:00,0.546933
2025-01-04 11:25:00,0.540453
2025-01-04 11:30:00,0.536793
2025-01-04 11:35:00,0.541135
2025-01-04 11:40:00,0.527085
2025-01-04 11:45:00,0.543503
2025-01-04 11:50:00,0.541006
2025-01-04 11:55:00,0.539883
2025-01-04 12:00:00,0.5389
2025-01-04 12:05:00,0.538352
2025-01-04 12:10:00,0.534943
2025-01-04 12:15:00,0.537949
2025-01-04 12:20:00,0.535388
2025-01-04 12:25:00,0.537059
2025-01-04 12:30:00,0.534931
2025-01-04 12:35:00,0.541646
2025-01-04 12:40:00,0.534529
2025-01-04 12:45:00,0.535975
2025-01-04 12:50:00,0.53609
2025-01-04 12:55:00,0.525967
2025-01-04 13:00:00,0.532532
2025-01-04 13:05:00,0.531448
2025-01-04 13:10:00,0.54098
2025-01-04 13:15:00,0.545459
2025-01-04 13:20:00,0.530501
2025-01-04 13:25:00,0.53005
2025-01-04 13:30:00,0.537016
2025-01-04 13:35:00,0.527727
2025-01-04 13:40:00,0.538363
2025-01-04 13:45:00,0.535701
2025-01-04 13:50:00,0.529726
2025-01-04 13:55:00,0.534122
2025-01-04 14:00:00,0.52726
2025-01-04 14:05:00,0.528224
2025-01-04 14:10:00,0.52148
2025-01-04 14:15:00,0.525645
2025-01-04 14:20:00,0.532273
2025-01-04 14:25:00,0.531239
2025-01-04 14:30:00,0.533598
2025-01-04 14:35:00,0.522265
2025-01-04 14:40:00,0.527887
2025-01-04 14:45:00,0.530019
2025-01-04 14:50:00,0.517407
2025-01-04 14:55:00,0.530597
2025-01-04 15:00:00,0.529305
2025-01-04 15:05:00,0.524565
2025-01-04 15:10:00,0.520378
2025-01-04 15:15:00,0.518947
2025-01-04 15:20:00,0.524545
2025-01-04 15:25:00,0.520362
2025-01-04 15:30:00,0.524888
2025-01-04 15:35:00,0.520665
2025-01-04 15:40:00,0.522618
2025-01-04 15:45:00,0.522134
2025-01-04 15:50:00,0.51513
2025-01-04 15:55:00,0.517813
2025-01-04 16:00:00,0.521882
2025-01-04 16:05:00,0.527048
2025-01-04 16:10:00,0.50681
2025-01-04 16:15:00,0.520671
2025-01-04 16:20:00,0.507491
2025-01-04 16:25:00,0.515349
2025-01-04 16:30:00,0.521699
2025-01-04 16:35:00,0.510051
2025-01-04 16:40:00,0.513528
2025-01-04 16:45:00,0.507657
2025-01-04 16:50:00,0.516683
2025-01-04 16:55:00,0.517785
2025-01-04 17:00:00,0.510811
2025-01-04 17:05:00,0.513828
2025-01-04 17:10:00,0.509263
2025-01-04 17:15:00,0.51781
2025-01-04 17:20:00,0.51071
2025-01-04 17:25:00,0.510615
2025-01-04 17:30:00,0.507863
2025-01-04 17:35:00,0.514657
2025-01-04 17:40:00,0.511204
2025-01-04 17:45:00,0.513535
2025-01-04 17:50:00,0.513996
2025-01-04 17:55:00,0.511484
2025-01-04 18:00:00,0.514179
2025-01-04 18:05:00,0.512991
2025-01-04 18:10:00,0.504847
2025-01-04 18:15:00,0.510826
2025-01-04 18:20:00,0.507643
2025-01-04 18:25:00,0.514477
2025-01-04 18:30:00,0.505231
2025-01-04 18:35:00,0.511935
2025-01-04 18:40:00,0.505267
2025-01-04 18:45:00,0.510161
2025-01-04 18:50:00,0.508603
2025-01-04 18:55:00,0.506473
2025-01-04 19:00:00,0.509214
2025-01-04 19:05:00,0.506695
2025-01-04 19:10:00,0.502336
2025-01-04 19:15:00,0.500003
2025-01-04 19:20:00,0.500728
2025-01-04 19:25:00,0.501879
2025-01-04 19:30:00,0.501816
2025-01-04 19:35:00,0.502935
2025-01-04 19:40:00,0.51599
2025-01-04 19:45:00,0.494834
2025-01-04 19:50:00,0.50026
2025-01-04 19:55:00,0.501267
2025-01-04 20:00:00,0.505979
2025-01-04 20:05:00,0.489428
2025-01-04 20:10:00,0.489469
2025-01-04 20:15:00,0.501648
2025-01-04 20:20:00,0.505084
2025-01-04 20:25:00,0.498822
2025-01-04 20:30:00,0.498032
2025-01-04 20:35:00,0.509023
2025-01-04 20:40:00,0.501129
2025-01-04 20:45:00,0.50128
2025-01-04 20:50:00,0.502165
2025-01-04 20:55:00,0.511648
2025-01-04 21:00:00,0.498974
2025-01-04 21:05:00,0.500349
2025-01-04 21:10:00,0.504683
2025-01-04 21:15:00,0.504515
2025-01-04 21:20:00,0.496239
2025-01-04 21:25:00,0.489243
2025-01-04 21:30:00,0.498203
2025-01-04 21:35:00,0.510344
2025-01-04 21:40:00,0.490555
2025-01-04 21:45:00,0.509445
2025-01-04 21:50:00,0.500432
2025-01-04 21:55:00,0.502041
2025-01-04 22:00:00,0.498405
2025-01-04 22:05:00,0.507479
2025-01-04 22:10:00,0.508061
2025-01-04 22:15:00,0.503034
2025-01-04 22:20:00,0.499497
2025-01-04 22:25:00,0.503859
2025-01-04 22:30:00,0.501317
2025-01-04 22:35:00,0.49334
2025-01-04 22:40:00,0.502794
2025-01-04 22:45:00,0.495436
2025-01-04 22:50:00,0.491617
2025-01-04 22:55:00,0.499068
2025-01-04 23:00:00,0.497183
2025-01-04 23:05:00,0.497278
2025-01-04 23:10:00,0.491148
2025-01-04 23:15:00,0.511494
2025-01-04 23:20:00,0.49613
2025-01-04 23:25:00,0.495937
2025-01-04 23:30:00,0.495604
2025-01-04 23:35:00,0.500796
2025-01-04 23:40:00,0.503274
2025-01-04 23:45:00,0.497153
2025-01-04 23:50:00,0.499892
2025-01-04 23:55:00,0.502613
2025-01-05 00:00:00,0.500577
2025-01-05 00:05:00,0.504113
2025-01-05 00:10:00,0.507273
2025-01-05 00:15:00,0.50824
2025-01-05 00:20:00,0.505908
2025-01-05 00:25:00,0.506319
2025-01-05 00:30:00,0.495487
2025-01-05 00:35:00,0.507672
2025-01-05 00:40:00,0.504034
2025-01-05 00:45:00,0.497911
2025-01-05 00:50:00,0.501496
2025-01-05 00:55:00,0.502509
2025-01-05 01:00:00,0.51381
2025-01-05 01:05:00,0.512371
2025-01-05 01:10:00,0.505801
2025-01-05 01:15:00,0.501025
2025-01-05 01:20:00,0.509205
2025-01-05 01:25:00,0.510356
2025-01-05 01:30:00,0.503228
2025-01-05 01:35:00,0.503953
2025-01-05 01:40:00,0.506772
2025-01-05 01:45:00,0.50262
2025-01-05 01:50:00,0.505369
2025-01-05 01:55:00,0.508324
2025-01-05 02:00:00,0.504361
2025-01-05 02:05:00,0.511835
2025-01-05 02:10:00,0.514972
2025-01-05 02:15:00,0.513129
2025-01-05 02:20:00,0.505716
2025-01-05 02:25:00,0.51559
2025-01-05 02:30:00,0.507866
2025-01-05 02:35:00,0.513094
2025-01-05 02:40:00,0.512987
2025-01-05 02:45:00,0.518318
2025-01-05 02:50:00,0.509612
2025-01-05 02:55:00,0.50818
2025-01-05 03:00:00,0.50954
2025-01-05 03:05:00,0.515276
2025-01-05 03:10:00,0.517571
2025-01-05 03:15:00,0.514355
2025-01-05 03:20:00,0.509918
2025-01-05 03:25:00,0.509752
2025-01-05 03:30:00,0.519459
2025-01-05 03:35:00,0.514741
2025-01-05 03:40:00,0.517229
2025-01-05 03:45:00,0.514518
2025-01-05 03:50:00,0.518986
2025-01-05 03:55:00,0.525709
2025-01-05 04:00:00,0.521662
2025-01-05 04:05:00,0.522663
2025-01-05 04:10:00,0.52391
2025-01-05 04:15:00,0.524126
2025-01-05 04:20:00,0.522872
2025-01-05 04:25:00,0.51777
2025-01-05 04:30:00,0.523036
2025-01-05 04:35:00,0.523006
2025-01-05 04:40:00,0.524648
2025-01-05 04:45:00,0.531324
2025-01-05 04:50:00,0.515326
2025-01-05 04:55:00,0.526775
2025-01-05 05:00:00,0.525614
2025-01-05 05:05:00,0.51615
2025-01-05 05:10:00,0.524245
2025-01-05 05:15:00,0.524163
2025-01-05 05:20:00,0.529346
2025-01-05 05:25:00,0.528499
2025-01-05 05:30:00,0.518182
2025-01-05 05:35:00,0.523544
2025-01-05 05:40:00,0.527826
2025-01-05 05:45:00,0.529171
2025-01-05 05:50:00,0.525967
2025-01-05 05:55:00,0.525133
2025-01-05 06:00:00,0.531061
2025-01-05 06:05:00,0.523118
2025-01-05 06:10:00,0.529565
2025-01-05 06:15:00,0.533843
2025-01-05 06:20:00,0.530408
2025-01-05 06:25:00,0.532462
2025-01-05 06:30:00,0.530906
2025-01-05 06:35:00,0.517669
2025-01-05 06:40:00,0.535652
2025-01-05 06:45:00,0.53481
2025-01-05 06:50:00,0.533926
2025-01-05 06:55:00,0.534381
2025-01-05 07:00:00,0.536123
2025-01-05 07:05:00,0.53421
2025-01-05 07:10:00,0.538221
2025-01-05 07:15:00,0.529759
2025-01-05 07:20:00,0.526711
2025-01-05 07:25:00,0.546097
2025-01-05 07:30:00,0.539393
2025-01-05 07:35:00,0.545281
2025-01-05 07:40:00,0.543082
2025-01-05 07:45:00,0.545413
2025-01-05 07:50:00,0.541082
2025-01-05 07:55:00,0.53641
2025-01-05 08:00:00,0.537098
2025-01-05 08:05:00,0.537525
2025-01-05 08:10:00,0.531175
2025-01-05 08:15:00,0.539212
2025-01-05 08:20:00,0.530856
2025-01-05 08:25:00,0.536349
2025-01-05 08:30:00,0.542131
2025-01-05 08:35:00,0.532637
2025-01-05 08:40:00,0.534216
2025-01-05 08:45:00,0.540171
2025-01-05 08:50:00,0.534748
2025-01-05 08:55:00,0.540225
2025-01-05 09:00:00,0.548675
2025-01-05 09:05:00,0.537215
2025-01-05 09:10:00,0.533094
2025-01-05 09:15:00,0.533336
2025-01-05 09:20:00,0.544029
2025-01-05 09:25:00,0.536952
2025-01-05 09:30:00,0.527552
2025-01-05 09:35:00,0.537618
2025-01-05 09:40:00,0.537185
2025-01-05 09:45:00,0.542275
2025-01-05 09:50:00,0.539201
2025-01-05 09:55:00,0.547015
2025-01-05 10:00:00,0.540839
2025-01-05 10:05:00,0.537947
2025-01-05 10:10:00,0.545462
2025-01-05 10:15:00,0.55561
2025-01-05 10:20:00,0.5357
2025-01-05 10:25:00,0.53941
2025-01-05 10:30:00,0.539909
2025-01-05 10:35:00,0.542762
2025-01-05 10:40:00,0.544247
2025-01-05 10:45:00,0.529974
2025-01-05 10:50:00,0.543781
2025-01-05 10:55:00,0.547008
2025-01-05 11:00:00,0.530493
2025-01-05 11:05:00,0.538393
2025-01-05 11:10:00,0.54263
2025-01-05 11:15:00,0.545603
2025-01-05 11:20:00,0.531651
2025-01-05 11:25:00,0.545496
2025-01-05 11:30:00,0.545667
2025-01-05 11:35:00,0.538646
2025-01-05 11:40:00,0.536197
2025-01-05 11:45:00,0.528333
2025-01-05 11:50:00,0.532272
2025-01-05 11:55:00,0.536283
2025-01-05 12:00:00,0.545514
2025-01-05 12:05:00,0.537769
2025-01-05 12:10:00,0.537027
2025-01-05 12:15:00,0.538515
2025-01-05 12:20:00,0.532211
2025-01-05 12:25:00,0.537029
2025-01-05 12:30:00,0.536894
2025-01-05 12:35:00,0.537268
2025-01-05 12:40:00,0.535814
2025-01-05 12:45:00,0.535571
2025-01-05 12:50:00,0.538025
2025-01-05 12:55:00,0.529615
2025-01-05 13:00:00,0.528742
2025-01-05 13:05:00,0.527951
2025-01-05 13:10:00,0.531801
2025-01-05 13:15:00,0.524071
2025-01-05 13:20:00,0.529839
2025-01-05 13:25:00,0.533225
2025-01-05 13:30:00,0.534145
2025-01-05 13:35:00,0.526236
2025-01-05 13:40:00,0.527739
2025-01-05 13:45:00,0.540176
2025-01-05 13:50:00,0.526693
2025-01-05 13:55:00,0.52843
2025-01-05 14:00:00,0.534822
2025-01-05 14:05:00,0.525394
2025-01-05 14:10:00,0.523502
2025-01-05 14:15:00,0.529876
2025-01-05 14:20:00,0.534125
2025-01-05 14:25:00,0.521998
2025-01-05 14:30:00,0.522518
2025-01-05 14:35:00,0.525783
2025-01-05 14:40:00,0.538854
2025-01-05 14:45:00,0.531563
2025-01-05 14:50:00,0.519376
2025-01-05 14:55:00,0.524827
2025-01-05 15:00:00,0.520364
2025-01-05 15:05:00,0.520282
2025-01-05 15:10:00,0.52686
2025-01-05 15:15:00,0.513617
2025-01-05 15:20:00,0.525275
2025-01-05 15:25:00,0.523641
2025-01-05 15:30:00,0.518661
2025-01-05 15:35:00,0.513812
2025-01-05 15:40:00,0.526026
2025-01-05 15:45:00,0.526365
2025-01-05 15:50:00,0.521915
2025-01-05 15:55:00,0.520919
2025-01-05 16:00:00,0.517266
2025-01-05 16:05:00,0.523843
2025-01-05 16:10:00,0.518368
2025-01-05 16:15:00,0.515564
2025-01-05 16:20:00,0.521595
2025-01-05 16:25:00,0.516595
2025-01-05 16:30:00,0.51211
2025-01-05 16:35:00,0.510236
2025-01-05 16:40:00,0.514027
2025-01-05 16:45:00,0.519891
2025-01-05 16:50:00,0.516431
2025-01-05 16:55:00,0.517314
2025-01-05 17:00:00,0.512745
2025-01-05 17:05:00,0.518163
2025-01-05 17:10:00,0.514854
2025-01-05 17:15:00,0.510489
2025-01-05 17:20:00,0.506622
2025-01-05 17:25:00,0.520106
2025-01-05 17:30:00,0.507466
2025-01-05 17:35:00,0.51122
2025-01-05 17:40:00,0.518279
2025-01-05 17:45:00,0.509123
2025-01-05 17:50:00,0.512375
2025-01-05 17:55:00,0.509414
2025-01-05 18:00:00,0.510975
2025-01-05 18:05:00,0.506494
2025-01-05 18:10:00,0.511205
2025-01-05 18:15:00,0.506047
2025-01-05 18:20:00,0.510851
2025-01-05 18:25:00,0.500832
2025-01-05 18:30:00,0.508424
2025-01-05 18:35:00,0.498561
2025-01-05 18:40:00,0.513337
2025-01-05 18:45:00,0.50561
2025-01-05 18:50:00,0.496892
2025-01-05 18:55:00,0.501506
2025-01-05 19:00:00,0.511893
2025-01-05 19:05:00,0.507265
2025-01-05 19:10:00,0.50772
2025-01-05 19:15:00,0.501429
2025-01-05 19:20:00,0.508159
2025-01-05 19:25:00,0.49554
2025-01-05 19:30:00,0.502531
2025-01-05 19:35:00,0.504379
2025-01-05 19:40:00,0.502854
2025-01-05 19:45:00,0.510338
2025-01-05 19:50:00,0.504717
2025-01-05 19:55:00,0.509755
2025-01-05 20:00:00,0.509233
2025-01-05 20:05:00,0.508494
2025-01-05 20:10:00,0.497508
2025-01-05 20:15:00,0.497201
2025-01-05 20:20:00,0.495235
2025-01-05 20:25:00,0.492501
2025-01-05 20:30:00,0.500886
2025-01-05 20:35:00,0.501567
2025-01-05 20:40:00,0.499547
2025-01-05 20:45:00,0.495424
2025-01-05 20:50:00,0.490623
2025-01-05 20:55:00,0.503929
2025-01-05 21:00:00,0.499433
2025-01-05 21:05:00,0.499433
2025-01-05 21:10:00,0.492565
2025-01-05 21:15:00,0.500837
2025-01-05 21:20:00,0.504574
2025-01-05 21:25:00,0.505359
2025-01-05 21:30:00,0.507344
2025-01-05 21:35:00,0.504588
2025-01-05 21:40:00,0.502896
2025-01-05 21:45:00,0.504721
2025-01-05 21:50:00,0.495789
2025-01-05 21:55:00,0.489268
2025-01-05 22:00:00,0.492246
2025-01-05 22:05:00,0.499429
2025-01-05 22:10:00,0.497553
2025-01-05 22:15:00,0.49884
2025-01-05 22:20:00,0.50659
2025-01-05 22:25:00,0.496149
2025-01-05 22:30:00,0.490519
2025-01-05 22:35:00,0.504409
2025-01-05 22:40:00,0.498149
2025-01-05 22:45:00,0.50638
2025-01-05 22:50:00,0.507058
2025-01-05 22:55:00,0.493711
2025-01-05 23:00:00,0.499632
2025-01-05 23:05:00,0.508011
2025-01-05 23:10:00,0.496746
2025-01-05 23:15:00,0.506577
2025-01-05 23:20:00,0.501029
2025-01-05 23:25:00,0.501972
2025-01-05 23:30:00,0.509617
2025-01-05 23:35:00,0.510556
2025-01-05 23:40:00,0.498508
2025-01-05 23:45:00,0.502035
2025-01-05 23:50:00,0.508701
2025-01-05 23:55:00,0.497282
2025-01-06 00:00:00,0.498463
2025-01-06 00:05:00,0.501128
2025-01-06 00:10:00,0.501286
2025-01-06 00:15:00,0.503533
2025-01-06 00:20:00,0.502992
2025-01-06 00:25:00,0.506647
2025-01-06 00:30:00,0.512934
2025-01-06 00:35:00,0.507966
2025-01-06 00:40:00,0.502894
2025-01-06 00:45:00,0.501586
2025-01-06 00:50:00,0.497373
2025-01-06 00:55:00,0.510141
2025-01-06 01:00:00,0.521278
2025-01-06 01:05:00,0.510318
2025-01-06 01:10:00,0.511473
2025-01-06 01:15:00,0.508231
2025-01-06 01:20:00,0.514683
2025-01-06 01:25:00,0.506769
2025-01-06 01:30:00,0.504846
2025-01-06 01:35:00,0.514197
2025-01-06 01:40:00,0.508498
2025-01-06 01:45:00,0.504228
2025-01-06 01:50:00,0.51
2025-01-06 01:55:00,0.518421
2025-01-06 02:00:00,0.511911
2025-01-06 02:05:00,0.507251
2025-01-06 02:10:00,0.513241
2025-01-06 02:15:00,0.514322
2025-01-06 02:20:00,0.51249
2025-01-06 02:25:00,0.510433
2025-01-06 02:30:00,0.511514
2025-01-06 02:35:00,0.513273
2025-01-06 02:40:00,0.514777
2025-01-06 02:45:00,0.507643
2025-01-06 02:50:00,0.516635
2025-01-06 02:55:00,0.511564
2025-01-06 03:00:00,0.522379
2025-01-06 03:05:00,0.509725
2025-01-06 03:10:00,0.521861
2025-01-06 03:15:00,0.523074
2025-01-06 03:20:00,0.510797
2025-01-06 03:25:00,0.522057
2025-01-06 03:30:00,0.515957
2025-01-06 03:35:00,0.517223
2025-01-06 03:40:00,0.520866
2025-01-06 03:45:00,0.524011
2025-01-06 03:50:00,0.52666
2025-01-06 03:55:00,0.514182
2025-01-06 04:00:00,0.511347
2025-01-06 04:05:00,0.527921
2025-01-06 04:10:00,0.521027
2025-01-06 04:15:00,0.520254
2025-01-06 04:20:00,0.51815
2025-01-06 04:25:00,0.526335
2025-01-06 04:30:00,0.517948
2025-01-06 04:35:00,0.519802
2025-01-06 04:40:00,0.526029
2025-01-06 04:45:00,0.528967
2025-01-06 04:50:00,0.522058
2025-01-06 04:55:00,0.523245
2025-01-06 05:00:00,0.523253
2025-01-06 05:05:00,0.529263
2025-01-06 05:10:00,0.528052
2025-01-06 05:15:00,0.51937
2025-01-06 05:20:00,0.527904
2025-01-06 05:25:00,0.521283
2025-01-06 05:30:00,0.533363
2025-01-06 05:35:00,0.530687
2025-01-06 05:40:00,0.534786
2025-01-06 05:45:00,0.526494
2025-01-06 05:50:00,0.519325
2025-01-06 05:55:00,0.526004
2025-01-06 06:00:00,0.533737
2025-01-06 06:05:00,0.531419
2025-01-06 06:10:00,0.53136
2025-01-06 06:15:00,0.529595
2025-01-06 06:20:00,0.525423
2025-01-06 06:25:00,0.533498
2025-01-06 06:30:00,0.538917
2025-01-06 06:35:00,0.527032
2025-01-06 06:40:00,0.535227
2025-01-06 06:45:00,0.533799
2025-01-06 06:50:00,0.531993
2025-01-06 06:55:00,0.536239
2025-01-06 07:00:00,0.533706
2025-01-06 07:05:00,0.535827
2025-01-06 07:10:00,0.529706
2025-01-06 07:15:00,0.536518
2025-01-06 07:20:00,0.534263
2025-01-06 07:25:00,0.532921
2025-01-06 07:30:00,0.538624
2025-01-06 07:35:00,0.534526
2025-01-06 07:40:00,0.537632
2025-01-06 07:45:00,0.526937
2025-01-06 07:50:00,0.531338
2025-01-06 07:55:00,0.541461
2025-01-06 08:00:00,0.532804
2025-01-06 08:05:00,0.535804
2025-01-06 08:10:00,0.53694
2025-01-06 08:15:00,0.541077
2025-01-06 08:20:00,0.536747
2025-01-06 08:25:00,0.529941
2025-01-06 08:30:00,0.539786
2025-01-06 08:35:00,0.534354
2025-01-06 08:40:00,0.541363
2025-01-06 08:45:00,0.537591
2025-01-06 08:50:00,0.544927
2025-01-06 08:55:00,0.539771
2025-01-06 09:00:00,0.539714
2025-01-06 09:05:00,0.547974
2025-01-06 09:10:00,0.542273
2025-01-06 09:15:00,0.538689
2025-01-06 09:20:00,0.533549
2025-01-06 09:25:00,0.544148
2025-01-06 09:30:00,0.542734
2025-01-06 09:35:00,0.53848
2025-01-06 09:40:00,0.538653
2025-01-06 09:45:00,0.541582
2025-01-06 09:50:00,0.542975
2025-01-06 09:55:00,0.549268
2025-01-06 10:00:00,0.539613
2025-01-06 10:05:00,0.544078
2025-01-06 10:10:00,0.53237
2025-01-06 10:15:00,0.542337
2025-01-06 10:20:00,0.5428
2025-01-06 10:25:00,0.534462
2025-01-06 10:30:00,0.546157
2025-01-06 10:35:00,0.531156
2025-01-06 10:40:00,0.537983
2025-01-06 10:45:00,0.530681
2025-01-06 10:50:00,0.541359
2025-01-06 10:55:00,0.54297
2025-01-06 11:00:00,0.52976
2025-01-06 11:05:00,0.53321
2025-01-06 11:10:00,0.541449
2025-01-06 11:15:00,0.53828
2025-01-06 11:20:00,0.538608
2025-01-06 11:25:00,0.536893
2025-01-06 11:30:00,0.532692
2025-01-06 11:35:00,0.536794
2025-01-06 11:40:00,0.535548
2025-01-06 11:45:00,0.536609
2025-01-06 11:50:00,0.54129
2025-01-06 11:55:00,0.546596
2025-01-06 12:00:00,0.5309
2025-01-06 12:05:00,0.533322
2025-01-06 12:10:00,0.540791
2025-01-06 12:15:00,0.533764
2025-01-06 12:20:00,0.531506
2025-01-06 12:25:00,0.537584
2025-01-06 12:30:00,0.535496
2025-01-06 12:35:00,0.533671
2025-01-06 12:40:00,0.539376
2025-01-06 12:45:00,0.533674
2025-01-06 12:50:00,0.536917
2025-01-06 12:55:00,0.528668
2025-01-06 13:00:00,0.53778
2025-01-06 13:05:00,0.531653
2025-01-06 13:10:00,0.538978
2025-01-06 13:15:00,0.527201
2025-01-06 13:20:00,0.535453
2025-01-06 13:25:00,0.540357
2025-01-06 13:30:00,0.524942
2025-01-06 13:35:00,0.52729
2025-01-06 13:40:00,0.540578
2025-01-06 13:45:00,0.53754
2025-01-06 13:50:00,0.529065
2025-01-06 13:55:00,0.530567
2025-01-06 14:00:00,0.535165
2025-01-06 14:05:00,0.533706
2025-01-06 14:10:00,0.529711
2025-01-06 14:15:00,0.533072
2025-01-06 14:20:00,0.534559
2025-01-06 14:25:00,0.529143
2025-01-06 14:30:00,0.524699
2025-01-06 14:35:00,0.527023
2025-01-06 14:40:00,0.532539
2025-01-06 14:45:00,0.533115
2025-01-06 14:50:00,0.525894
2025-01-06 14:55:00,0.529566
2025-01-06 15:00:00,0.527961
2025-01-06 15:05:00,0.521504
2025-01-06 15:10:00,0.536926
2025-01-06 15:15:00,0.523697
2025-01-06 15:20:00,0.518088
2025-01-06 15:25:00,0.525729
2025-01-06 15:30:00,0.528582
2025-01-06 15:35:00,0.52838
2025-01-06 15:40:00,0.528725
2025-01-06 15:45:00,0.524098
2025-01-06 15:50:00,0.508483
2025-01-06 15:55:00,0.515597
2025-01-06 16:00:00,0.5182
2025-01-06 16:05:00,0.525516
2025-01-06 16:10:00,0.522891
2025-01-06 16:15:00,0.518948
2025-01-06 16:20:00,0.520351
2025-01-06 16:25:00,0.510835
2025-01-06 16:30:00,0.518392
2025-01-06 16:35:00,0.512634
2025-01-06 16:40:00,0.510096
2025-01-06 16:45:00,0.516112
2025-01-06 16:50:00,0.510905
2025-01-06 16:55:00,0.515505
2025-01-06 17:00:00,0.514047
2025-01-06 17:05:00,0.513767
2025-01-06 17:10:00,0.509593
2025-01-06 17:15:00,0.512919
2025-01-06 17:20:00,0.513189
2025-01-06 17:25:00,0.509126
2025-01-06 17:30:00,0.514008
2025-01-06 17:35:00,0.50791
2025-01-06 17:40:00,0.513205
2025-01-06 17:45:00,0.504896
2025-01-06 17:50:00,0.514043
2025-01-06 17:55:00,0.50841
2025-01-06 18:00:00,0.506115
2025-01-06 18:05:00,0.523433
2025-01-06 18:10:00,0.512238
2025-01-06 18:15:00,0.509193
2025-01-06 18:20:00,0.511637
2025-01-06 18:25:00,0.505753
2025-01-06 18:30:00,0.5002
2025-01-06 18:35:00,0.506384
2025-01-06 18:40:00,0.511973
2025-01-06 18:45:00,0.505667
2025-01-06 18:50:00,0.501215
2025-01-06 18:55:00,0.515031
2025-01-06 19:00:00,0.509283
2025-01-06 19:05:00,0.502286
2025-01-06 19:10:00,0.509151
2025-01-06 19:15:00,0.498851
2025-01-06 19:20:00,0.499901
2025-01-06 19:25:00,0.502242
2025-01-06 19:30:00,0.502045
2025-01-06 19:35:00,0.502767
2025-01-06 19:40:00,0.502115
2025-01-06 19:45:00,0.510159
2025-01-06 19:50:00,0.502109
2025-01-06 19:55:00,0.508203
2025-01-06 20:00:00,0.500456
2025-01-06 20:05:00,0.495393
2025-01-06 20:10:00,0.503574
2025-01-06 20:15:00,0.501184
2025-01-06 20:20:00,0.507623
2025-01-06 20:25:00,0.507357
2025-01-06 20:30:00,0.494137
2025-01-06 20:35:00,0.493589
2025-01-06 20:40:00,0.495848
2025-01-06 20:45:00,0.492759
2025-01-06 20:50:00,0.50344
2025-01-06 20:55:00,0.505946
2025-01-06 21:00:00,0.505036
2025-01-06 21:05:00,0.502595
2025-01-06 21:10:00,0.503499
2025-01-06 21:15:00,0.502592
2025-01-06 21:20:00,0.501133
2025-01-06 21:25:00,0.499883
2025-01-06 21:30:00,0.498594
2025-01-06 21:35:00,0.502042
2025-01-06 21:40:00,0.493915
2025-01-06 21:45:00,0.496952
2025-01-06 21:50:00,0.503358
2025-01-06 21:55:00,0.500795
2025-01-06 22:00:00,0.499063
2025-01-06 22:05:00,0.507776
2025-01-06 22:10:00,0.495068
2025-01-06 22:15:00,0.495959
2025-01-06 22:20:00,0.50596
2025-01-06 22:25:00,0.500764
2025-01-06 22:30:00,0.494392
2025-01-06 22:35:00,0.494247
2025-01-06 22:40:00,0.504353
2025-01-06 22:45:00,0.495539
2025-01-06 22:50:00,0.501214
2025-01-06 22:55:00,0.495054
2025-01-06 23:00:00,0.496584
2025-01-06 23:05:00,0.501401
2025-01-06 23:10:00,0.508137
2025-01-06 23:15:00,0.498286
2025-01-06 23:20:00,0.509352
2025-01-06 23:25:00,0.505041
2025-01-06 23:30:00,0.504858
2025-01-06 23:35:00,0.501859
2025-01-06 23:40:00,0.502109
2025-01-06 23:45:00,0.499471
2025-01-06 23:50:00,0.498349
2025-01-06 23:55:00,0.501402
2025-01-07 00:00:00,0.510768
2025-01-07 00:05:00,0.504686
2025-01-07 00:10:00,0.503731
2025-01-07 00:15:00,0.49189
2025-01-07 00:20:00,0.50526
2025-01-07 00:25:00,0.499275
2025-01-07 00:30:00,0.507406
2025-01-07 00:35:00,0.504264
2025-01-07 00:40:00,0.497675
2025-01-07 00:45:00,0.500602
2025-01-07 00:50:00,0.515999
2025-01-07 00:55:00,0.506559
2025-01-07 01:00:00,0.501052
2025-01-07 01:05:00,0.511238
2025-01-07 01:10:00,0.51197
2025-01-07 01:15:00,0.510223
2025-01-07 01:20:00,0.505115
2025-01-07 01:25:00,0.509113
2025-01-07 01:30:00,0.507659
2025-01-07 01:35:00,0.503218
2025-01-07 01:40:00,0.509485
2025-01-07 01:45:00,0.515065
2025-01-07 01:50:00,0.508646
2025-01-07 01:55:00,0.503925
2025-01-07 02:00:00,0.514027
2025-01-07 02:05:00,0.508177
2025-01-07 02:10:00,0.506955
2025-01-07 02:15:00,0.507649
2025-01-07 02:20:00,0.524756
2025-01-07 02:25:00,0.514092
2025-01-07 02:30:00,0.519541
2025-01-07 02:35:00,0.520174
2025-01-07 02:40:00,0.518786
2025-01-07 02:45:00,0.505675
2025-01-07 02:50:00,0.512847
2025-01-07 02:55:00,0.510183
2025-01-07 03:00:00,0.521751
2025-01-07 03:05:00,0.518198
2025-01-07 03:10:00,0.511464
2025-01-07 03:15:00,0.51278
2025-01-07 03:20:00,0.514785
2025-01-07 03:25:00,0.516875
2025-01-07 03:30:00,0.517118
2025-01-07 03:35:00,0.512871
2025-01-07 03:40:00,0.511921
2025-01-07 03:45:00,0.515987
2025-01-07 03:50:00,0.519313
2025-01-07 03:55:00,0.509925
2025-01-07 04:00:00,0.515121
2025-01-07 04:05:00,0.516648
2025-01-07 04:10:00,0.517513
2025-01-07 04:15:00,0.513502
2025-01-07 04:20:00,0.524628
2025-01-07 04:25:00,0.528611
2025-01-07 04:30:00,0.522842
2025-01-07 04:35:00,0.517897
2025-01-07 04:40:00,0.524943
2025-01-07 04:45:00,0.528225
2025-01-07 04:50:00,0.52833
2025-01-07 04:55:00,0.520386
2025-01-07 05:00:00,0.530881
2025-01-07 05:05:00,0.528572
2025-01-07 05:10:00,0.518973
2025-01-07 05:15:00,0.521408
2025-01-07 05:20:00,0.537098
2025-01-07 05:25:00,0.522072
2025-01-07 05:30:00,0.527695
2025-01-07 05:35:00,0.540073
2025-01-07 05:40:00,0.527056
2025-01-07 05:45:00,0.527718
2025-01-07 05:50:00,0.53308
2025-01-07 05:55:00,0.523036
2025-01-07 06:00:00,0.526655
2025-01-07 06:05:00,0.537539
2025-01-07 06:10:00,0.528799
2025-01-07 06:15:00,0.534363
2025-01-07 06:20:00,0.519068
2025-01-07 06:25:00,0.529141
2025-01-07 06:30:00,0.529576
2025-01-07 06:35:00,0.534493
2025-01-07 06:40:00,0.526845
2025-01-07 06:45:00,0.528707
2025-01-07 06:50:00,0.533398
2025-01-07 06:55:00,0.539522
2025-01-07 07:00:00,0.538035
2025-01-07 07:05:00,0.536077
2025-01-07 07:10:00,0.535964
2025-01-07 07:15:00,0.53422
2025-01-07 07:20:00,0.532357
2025-01-07 07:25:00,0.536175
2025-01-07 07:30:00,0.539255
2025-01-07 07:35:00,0.537869
2025-01-07 07:40:00,0.529969
2025-01-07 07:45:00,0.534017
2025-01-07 07:50:00,0.539601
2025-01-07 07:55:00,0.533959
2025-01-07 08:00:00,0.532995
2025-01-07 08:05:00,0.537465
2025-01-07 08:10:00,0.536419
2025-01-07 08:15:00,0.54055
2025-01-07 08:20:00,0.542446
2025-01-07 08:25:00,0.535388
2025-01-07 08:30:00,0.540877
2025-01-07 08:35:00,0.536998
2025-01-07 08:40:00,0.542731
2025-01-07 08:45:00,0.543801
2025-01-07 08:50:00,0.543594
2025-01-07 08:55:00,0.535934
2025-01-07 09:00:00,0.540739
2025-01-07 09:05:00,0.530337
2025-01-07 09:10:00,0.54232
2025-01-07 09:15:00,0.546696
2025-01-07 09:20:00,0.542625
2025-01-07 09:25:00,0.539176
2025-01-07 09:30:00,0.546417
2025-01-07 09:35:00,0.541266
2025-01-07 09:40:00,0.543522
2025-01-07 09:45:00,0.544695
2025-01-07 09:50:00,0.542309
2025-01-07 09:55:00,0.545742
2025-01-07 10:00:00,0.538914
2025-01-07 10:05:00,0.543295
2025-01-07 10:10:00,0.547467
2025-01-07 10:15:00,0.532933
2025-01-07 10:20:00,0.538168
2025-01-07 10:25:00,0.549569
2025-01-07 10:30:00,0.541066
2025-01-07 10:35:00,0.540978
2025-01-07 10:40:00,0.537481
2025-01-07 10:45:00,0.53541
2025-01-07 10:50:00,0.537171
2025-01-07 10:55:00,0.539398
2025-01-07 11:00:00,0.539378
2025-01-07 11:05:00,0.542859
2025-01-07 11:10:00,0.536579
2025-01-07 11:15:00,0.537829
2025-01-07 11:20:00,0.53525
2025-01-07 11:25:00,0.540546
2025-01-07 11:30:00,0.529661
2025-01-07 11:35:00,0.536614
2025-01-07 11:40:00,0.536895
2025-01-07 11:45:00,0.541035
2025-01-07 11:50:00,0.545553
2025-01-07 11:55:00,0.528388
2025-01-07 12:00:00,0.535912
2025-01-07 12:05:00,0.537261
2025-01-07 12:10:00,0.534482
2025-01-07 12:15:00,0.542379
2025-01-07 12:20:00,0.524598
2025-01-07 12:25:00,0.527503
2025-01-07 12:30:00,0.535464
2025-01-07 12:35:00,0.535867
2025-01-07 12:40:00,0.53912
2025-01-07 12:45:00,0.532619
2025-01-07 12:50:00,0.525484
2025-01-07 12:55:00,0.533
2025-01-07 13:00:00,0.539051
2025-01-07 13:05:00,0.534528
2025-01-07 13:10:00,0.527379
2025-01-07 13:15:00,0.532209
2025-01-07 13:20:00,0.543889
2025-01-07 13:25:00,0.534416
2025-01-07 13:30:00,0.521795
2025-01-07 13:35:00,0.526849
2025-01-07 13:40:00,0.531321
2025-01-07 13:45:00,0.542124
2025-01-07 13:50:00,0.534431
2025-01-07 13:55:00,0.527458
2025-01-07 14:00:00,0.532246
2025-01-07 14:05:00,0.536649
2025-01-07 14:10:00,0.531492
2025-01-07 14:15:00,0.525809
2025-01-07 14:20:00,0.520417
2025-01-07 14:25:00,0.536695
2025-01-07 14:30:00,0.531926
2025-01-07 14:35:00,0.523226
2025-01-07 14:40:00,0.523896
2025-01-07 14:45:00,0.528434
2025-01-07 14:50:00,0.530069
2025-01-07 14:55:00,0.533883
2025-01-07 15:00:00,0.527279
2025-01-07 15:05:00,0.528432
2025-01-07 15:10:00,0.524727
2025-01-07 15:15:00,0.514095
2025-01-07 15:20:00,0.524219
2025-01-07 15:25:00,0.522193
2025-01-07 15:30:00,0.524993
2025-01-07 15:35:00,0.519645
2025-01-07 15:40:00,0.52796
2025-01-07 15:45:00,0.510262
2025-01-07 15:50:00,0.523048
2025-01-07 15:55:00,0.516157
2025-01-07 16:00:00,0.529885
2025-01-07 16:05:00,0.517248
2025-01-07 16:10:00,0.526781
2025-01-07 16:15:00,0.511299
2025-01-07 16:20:00,0.523801
2025-01-07 16:25:00,0.505238
2025-01-07 16:30:00,0.511659
2025-01-07 16:35:00,0.520618
2025-01-07 16:40:00,0.51481
2025-01-07 16:45:00,0.511431
2025-01-07 16:50:00,0.516077
2025-01-07 16:55:00,0.516445
2025-01-07 17:00:00,0.510581
2025-01-07 17:05:00,0.512478
2025-01-07 17:10:00,0.513534
2025-01-07 17:15:00,0.508544
2025-01-07 17:20:00,0.515096
2025-01-07 17:25:00,0.513513
2025-01-07 17:30:00,0.5241
2025-01-07 17:35:00,0.521643
2025-01-07 17:40:00,0.510381
2025-01-07 17:45:00,0.509615
2025-01-07 17:50:00,0.516074
2025-01-07 17:55:00,0.510908
2025-01-07 18:00:00,0.509608
2025-01-07 18:05:00,0.510234
2025-01-07 18:10:00,0.502656
2025-01-07 18:15:00,0.498373
2025-01-07 18:20:00,0.509507
2025-01-07 18:25:00,0.502926
2025-01-07 18:30:00,0.510188
2025-01-07 18:35:00,0.510559
2025-01-07 18:40:00,0.498955
2025-01-07 18:45:00,0.503548
2025-01-07 18:50:00,0.510367
2025-01-07 18:55:00,0.494337
2025-01-07 19:00:00,0.499107
2025-01-07 19:05:00,0.499994
2025-01-07 19:10:00,0.499188
2025-01-07 19:15:00,0.50857
2025-01-07 19:20:00,0.502555
2025-01-07 19:25:00,0.499082
2025-01-07 19:30:00,0.509222
2025-01-07 19:35:00,0.508587
2025-01-07 19:40:00,0.508066
2025-01-07 19:45:00,0.497149
2025-01-07 19:50:00,0.508014
2025-01-07 19:55:00,0.50254
2025-01-07 20:00:00,0.502811
2025-01-07 20:05:00,0.498181
2025-01-07 20:10:00,0.506565
2025-01-07 20:15:00,0.501605
2025-01-07 20:20:00,0.505567
2025-01-07 20:25:00,0.494439
2025-01-07 20:30:00,0.501846
2025-01-07 20:35:00,0.496131
2025-01-07 20:40:00,0.499277
2025-01-07 20:45:00,0.497242
2025-01-07 20:50:00,0.504354
2025-01-07 20:55:00,0.503634
2025-01-07 21:00:00,0.497278
2025-01-07 21:05:00,0.495707
2025-01-07 21:10:00,0.509992
2025-01-07 21:15:00,0.491808
2025-01-07 21:20:00,0.508358
2025-01-07 21:25:00,0.496526
2025-01-07 21:30:00,0.495339
2025-01-07 21:35:00,0.505143
2025-01-07 21:40:00,0.493394
2025-01-07 21:45:00,0.498115
2025-01-07 21:50:00,0.499259
2025-01-07 21:55:00,0.508538
2025-01-07 22:00:00,0.503411
2025-01-07 22:05:00,0.49526
2025-01-07 22:10:00,0.493651
2025-01-07 22:15:00,0.504185
2025-01-07 22:20:00,0.49805
2025-01-07 22:25:00,0.502084
2025-01-07 22:30:00,0.505036
2025-01-07 22:35:00,0.499519
2025-01-07 22:40:00,0.504233
2025-01-07 22:45:00,0.506566
2025-01-07 22:50:00,0.50134
2025-01-07 22:55:00,0.49525
2025-01-07 23:00:00,0.499512
2025-01-07 23:05:00,0.494467
2025-01-07 23:10:00,0.510027
2025-01-07 23:15:00,0.502259
2025-01-07 23:20:00,0.491245
2025-01-07 23:25:00,0.504542
2025-01-07 23:30:00,0.502374
2025-01-07 23:35:00,0.51155
2025-01-07 23:40:00,0.504719
2025-01-07 23:45:00,0.496369
2025-01-07 23:50:00,0.503893
2025-01-07 23:55:00,0.503805
2025-01-08 00:00:00,0.504691
2025-01-08 00:05:00,0.510357
2025-01-08 00:10:00,0.507132
2025-01-08 00:15:00,0.504005
2025-01-08 00:20:00,0.510465
2025-01-08 00:25:00,0.500668
2025-01-08 00:30:00,0.513429
2025-01-08 00:35:00,0.511752
2025-01-08 00:40:00,0.499927
2025-01-08 00:45:00,0.508345
2025-01-08 00:50:00,0.505252
2025-01-08 00:55:00,0.509548
2025-01-08 01:00:00,0.505063
2025-01-08 01:05:00,0.507324
2025-01-08 01:10:00,0.516464
2025-01-08 01:15:00,0.513106
2025-01-08 01:20:00,0.51587
2025-01-08 01:25:00,0.508668
2025-01-08 01:30:00,0.513829
2025-01-08 01:35:00,0.505935
2025-01-08 01:40:00,0.5076
2025-01-08 01:45:00,0.510405
2025-01-08 01:50:00,0.499373
2025-01-08 01:55:00,0.507534
2025-01-08 02:00:00,0.5048
2025-01-08 02:05:00,0.514171
2025-01-08 02:10:00,0.506464
2025-01-08 02:15:00,0.504349
2025-01-08 02:20:00,0.519624
2025-01-08 02:25:00,0.518647
2025-01-08 02:30:00,0.509362
2025-01-08 02:35:00,0.519126
2025-01-08 02:40:00,0.519662
2025-01-08 02:45:00,0.513279
2025-01-08 02:50:00,0.513456
2025-01-08 02:55:00,0.516637
2025-01-08 03:00:00,0.520773
2025-01-08 03:05:00,0.512551
2025-01-08 03:10:00,0.520166
2025-01-08 03:15:00,0.519741
2025-01-08 03:20:00,0.518037
2025-01-08 03:25:00,0.518032
2025-01-08 03:30:00,0.524899
2025-01-08 03:35:00,0.516342
2025-01-08 03:40:00,0.51769
2025-01-08 03:45:00,0.523634
2025-01-08 03:50:00,0.511684
2025-01-08 03:55:00,0.527704
2025-01-08 04:00:00,0.52026
2025-01-08 04:05:00,0.511864
2025-01-08 04:10:00,0.527125
2025-01-08 04:15:00,0.525034
2025-01-08 04:20:00,0.521746
2025-01-08 04:25:00,0.51855
2025-01-08 04:30:00,0.529991
2025-01-08 04:35:00,0.525314
2025-01-08 04:40:00,0.527644
2025-01-08 04:45:00,0.521362
2025-01-08 04:50:00,0.529263
2025-01-08 04:55:00,0.535333
2025-01-08 05:00:00,0.531646
2025-01-08 05:05:00,0.532631
2025-01-08 05:10:00,0.519127
2025-01-08 05:15:00,0.5203
2025-01-08 05:20:00,0.52826
2025-01-08 05:25:00,0.528647
2025-01-08 05:30:00,0.522255
2025-01-08 05:35:00,0.518881
2025-01-08 05:40:00,0.52582
2025-01-08 05:45:00,0.525099
2025-01-08 05:50:00,0.526616
2025-01-08 05:55:00,0.532688
2025-01-08 06:00:00,0.532893
2025-01-08 06:05:00,0.53636
2025-01-08 06:10:00,0.52781
2025-01-08 06:15:00,0.53393
2025-01-08 06:20:00,0.532965
2025-01-08 06:25:00,0.536102
2025-01-08 06:30:00,0.536718
2025-01-08 06:35:00,0.530587
2025-01-08 06:40:00,0.525813
2025-01-08 06:45:00,0.53287
2025-01-08 06:50:00,0.532316
2025-01-08 06:55:00,0.53258
2025-01-08 07:00:00,0.533526
2025-01-08 07:05:00,0.531653
2025-01-08 07:10:00,0.53762
2025-01-08 07:15:00,0.528842
2025-01-08 07:20:00,0.534491
2025-01-08 07:25:00,0.539825
2025-01-08 07:30:00,0.545988
2025-01-08 07:35:00,0.536108
2025-01-08 07:40:00,0.535294
2025-01-08 07:45:00,0.531996
2025-01-08 07:50:00,0.529011
2025-01-08 07:55:00,0.532292
2025-01-08 08:00:00,0.540558
2025-01-08 08:05:00,0.532427
2025-01-08 08:10:00,0.542635
2025-01-08 08:15:00,0.537923
2025-01-08 08:20:00,0.546148
2025-01-08 08:25:00,0.549266
2025-01-08 08:30:00,0.53723
2025-01-08 08:35:00,0.537464
2025-01-08 08:40:00,0.539398
2025-01-08 08:45:00,0.538182
2025-01-08 08:50:00,0.540224
2025-01-08 08:55:00,0.536451
2025-01-08 09:00:00,0.547715
2025-01-08 09:05:00,0.532077
2025-01-08 09:10:00,0.547781
2025-01-08 09:15:00,0.545008
2025-01-08 09:20:00,0.541324
2025-01-08 09:25:00,0.544221
2025-01-08 09:30:00,0.540878
2025-01-08 09:35:00,0.540546
2025-01-08 09:40:00,0.527536
2025-01-08 09:45:00,0.541539
2025-01-08 09:50:00,0.533304
2025-01-08 09:55:00,0.53347
2025-01-08 10:00:00,0.537524
2025-01-08 10:05:00,0.551146
2025-01-08 10:10:00,0.546032
2025-01-08 10:15:00,0.542283
2025-01-08 10:20:00,0.546937
2025-01-08 10:25:00,0.535731
2025-01-08 10:30:00,0.543949
2025-01-08 10:35:00,0.537796
2025-01-08 10:40:00,0.547825
2025-01-08 10:45:00,0.539234
2025-01-08 10:50:00,0.543158
2025-01-08 10:55:00,0.531028
2025-01-08 11:00:00,0.542552
2025-01-08 11:05:00,0.543064
2025-01-08 11:10:00,0.536219
2025-01-08 11:15:00,0.541937
2025-01-08 11:20:00,0.545172
2025-01-08 11:25:00,0.537553
2025-01-08 11:30:00,0.54362
2025-01-08 11:35:00,0.532161
2025-01-08 11:40:00,0.537968
2025-01-08 11:45:00,0.536477
2025-01-08 11:50:00,0.538704
2025-01-08 11:55:00,0.538402
2025-01-08 12:00:00,0.536105
2025-01-08 12:05:00,0.544893
2025-01-08 12:10:00,0.542504
2025-01-08 12:15:00,0.538718
2025-01-08 12:20:00,0.532315
2025-01-08 12:25:00,0.5296
2025-01-08 12:30:00,0.539311
2025-01-08 12:35:00,0.535101
2025-01-08 12:40:00,0.538084
2025-01-08 12:45:00,0.539616
2025-01-08 12:50:00,0.539709
2025-01-08 12:55:00,0.538728
2025-01-08 13:00:00,0.539353
2025-01-08 13:05:00,0.540339
2025-01-08 13:10:00,0.53018
2025-01-08 13:15:00,0.536162
2025-01-08 13:20:00,0.525579
2025-01-08 13:25:00,0.543826
2025-01-08 13:30:00,0.543643
2025-01-08 13:35:00,0.530056
2025-01-08 13:40:00,0.527262
2025-01-08 13:45:00,0.53969
2025-01-08 13:50:00,0.528784
2025-01-08 13:55:00,0.532622
2025-01-08 14:00:00,0.528186
2025-01-08 14:05:00,0.526946
2025-01-08 14:10:00,0.530132
2025-01-08 14:15:00,0.529878
2025-01-08 14:20:00,0.522683
2025-01-08 14:25:00,0.53561
2025-01-08 14:30:00,0.527619
2025-01-08 14:35:00,0.525103
2025-01-08 14:40:00,0.532017
2025-01-08 14:45:00,0.528673
2025-01-08 14:50:00,0.518622
2025-01-08 14:55:00,0.525853
2025-01-08 15:00:00,0.52939
2025-01-08 15:05:00,0.51917
2025-01-08 15:10:00,0.526867
2025-01-08 15:15:00,0.521285
2025-01-08 15:20:00,0.525788
2025-01-08 15:25:00,0.515018
2025-01-08 15:30:00,0.527429
2025-01-08 15:35:00,0.526122
2025-01-08 15:40:00,0.521416
2025-01-08 15:45:00,0.52795
2025-01-08 15:50:00,0.518877
2025-01-08 15:55:00,0.518242
2025-01-08 16:00:00,0.520403
2025-01-08 16:05:00,0.519889
2025-01-08 16:10:00,0.523452
2025-01-08 16:15:00,0.517835
2025-01-08 16:20:00,0.510068
2025-01-08 16:25:00,0.520377
2025-01-08 16:30:00,0.515572
2025-01-08 16:35:00,0.521376
2025-01-08 16:40:00,0.518648
2025-01-08 16:45:00,0.509842
2025-01-08 16:50:00,0.516027
2025-01-08 16:55:00,0.51857
2025-01-08 17:00:00,0.509438
2025-01-08 17:05:00,0.52019
2025-01-08 17:10:00,0.516796
2025-01-08 17:15:00,0.524243
2025-01-08 17:20:00,0.518869
2025-01-08 17:25:00,0.516501
2025-01-08 17:30:00,0.506807
2025-01-08 17:35:00,0.511435
2025-01-08 17:40:00,0.510103
2025-01-08 17:45:00,0.505267
2025-01-08 17:50:00,0.51697
2025-01-08 17:55:00,0.508099
2025-01-08 18:00:00,0.511836
2025-01-08 18:05:00,0.513136
2025-01-08 18:10:00,0.508486
2025-01-08 18:15:00,0.507185
2025-01-08 18:20:00,0.514488
2025-01-08 18:25:00,0.504817
2025-01-08 18:30:00,0.497184
2025-01-08 18:35:00,0.508413
2025-01-08 18:40:00,0.514013
2025-01-08 18:45:00,0.504854
2025-01-08 18:50:00,0.496402
2025-01-08 18:55:00,0.51305
2025-01-08 19:00:00,0.498589
2025-01-08 19:05:00,0.50861
2025-01-08 19:10:00,0.497559
2025-01-08 19:15:00,0.503314
2025-01-08 19:20:00,0.510406
2025-01-08 19:25:00,0.510365
2025-01-08 19:30:00,0.495509
2025-01-08 19:35:00,0.502629
2025-01-08 19:40:00,0.504916
2025-01-08 19:45:00,0.502964
2025-01-08 19:50:00,0.503687
2025-01-08 19:55:00,0.508093
2025-01-08 20:00:00,0.502001
2025-01-08 20:05:00,0.50661
2025-01-08 20:10:00,0.503818
2025-01-08 20:15:00,0.500102
2025-01-08 20:20:00,0.496368
2025-01-08 20:25:00,0.498788
2025-01-08 20:30:00,0.505169
2025-01-08 20:35:00,0.506029
2025-01-08 20:40:00,0.500928
2025-01-08 20:45:00,0.502675
2025-01-08 20:50:00,0.499256
2025-01-08 20:55:00,0.505331
2025-01-08 21:00:00,0.510607
2025-01-08 21:05:00,0.50192
2025-01-08 21:10:00,0.496024
2025-01-08 21:15:00,0.495082
2025-01-08 21:20:00,0.501883
2025-01-08 21:25:00,0.503189
2025-01-08 21:30:00,0.507323
2025-01-08 21:35:00,0.505088
2025-01-08 21:40:00,0.501167
2025-01-08 21:45:00,0.498207
2025-01-08 21:50:00,0.507316
2025-01-08 21:55:00,0.508393
2025-01-08 22:00:00,0.494216
2025-01-08 22:05:00,0.504475
2025-01-08 22:10:00,0.503868
2025-01-08 22:15:00,0.506917
2025-01-08 22:20:00,0.502533
2025-01-08 22:25:00,0.499467
2025-01-08 22:30:00,0.490628
2025-01-08 22:35:00,0.502822
2025-01-08 22:40:00,0.49125
2025-01-08 22:45:00,0.502408
2025-01-08 22:50:00,0.482202
2025-01-08 22:55:00,0.488887
2025-01-08 23:00:00,0.495524
2025-01-08 23:05:00,0.500828
2025-01-08 23:10:00,0.497678
2025-01-08 23:15:00,0.502237
2025-01-08 23:20:00,0.505867
2025-01-08 23:25:00,0.50344
2025-01-08 23:30:00,0.504982
2025-01-08 23:35:00,0.49783
2025-01-08 23:40:00,0.496398
2025-01-08 23:45:00,0.504542
2025-01-08 23:50:00,0.491774
2025-01-08 23:55:00,0.501015
2025-01-09 00:00:00,0.511095
2025-01-09 00:05:00,0.504483
2025-01-09 00:10:00,0.503912
2025-01-09 00:15:00,0.499044
2025-01-09 00:20:00,0.506082
2025-01-09 00:25:00,0.498528
2025-01-09 00:30:00,0.508871
2025-01-09 00:35:00,0.507604
2025-01-09 00:40:00,0.509231
2025-01-09 00:45:00,0.498399
2025-01-09 00:50:00,0.50152
2025-01-09 00:55:00,0.504632
2025-01-09 01:00:00,0.506961
2025-01-09 01:05:00,0.496081
2025-01-09 01:10:00,0.508707
2025-01-09 01:15:00,0.505566
2025-01-09 01:20:00,0.501573
2025-01-09 01:25:00,0.501924
2025-01-09 01:30:00,0.513591
2025-01-09 01:35:00,0.510857
2025-01-09 01:40:00,0.502119
2025-01-09 01:45:00,0.509164
2025-01-09 01:50:00,0.506537
2025-01-09 01:55:00,0.509392
2025-01-09 02:00:00,0.509353
2025-01-09 02:05:00,0.506042
2025-01-09 02:10:00,0.513273
2025-01-09 02:15:00,0.510102
2025-01-09 02:20:00,0.509493
2025-01-09 02:25:00,0.523445
2025-01-09 02:30:00,0.525784
2025-01-09 02:35:00,0.515765
2025-01-09 02:40:00,0.510276
2025-01-09 02:45:00,0.518117
2025-01-09 02:50:00,0.518702
2025-01-09 02:55:00,0.512623
2025-01-09 03:00:00,0.51957
2025-01-09 03:05:00,0.517192
2025-01-09 03:10:00,0.519706
2025-01-09 03:15:00,0.512465
2025-01-09 03:20:00,0.505365
2025-01-09 03:25:00,0.523462
2025-01-09 03:30:00,0.524269
2025-01-09 03:35:00,0.518668
2025-01-09 03:40:00,0.515129
2025-01-09 03:45:00,0.516048
2025-01-09 03:50:00,0.514734
2025-01-09 03:55:00,0.512736
2025-01-09 04:00:00,0.525733
2025-01-09 04:05:00,0.507697
2025-01-09 04:10:00,0.522124
2025-01-09 04:15:00,0.529058
2025-01-09 04:20:00,0.520681
2025-01-09 04:25:00,0.522242
2025-01-09 04:30:00,0.511679
2025-01-09 04:35:00,0.524383
2025-01-09 04:40:00,0.520067
2025-01-09 04:45:00,0.526738
2025-01-09 04:50:00,0.521569
2025-01-09 04:55:00,0.529727
2025-01-09 05:00:00,0.523483
2025-01-09 05:05:00,0.523832
2025-01-09 05:10:00,0.527673
2025-01-09 05:15:00,0.521432
2025-01-09 05:20:00,0.524321
2025-01-09 05:25:00,0.528928
2025-01-09 05:30:00,0.526651
2025-01-09 05:35:00,0.526909
2025-01-09 05:40:00,0.523151
2025-01-09 05:45:00,0.524294
2025-01-09 05:50:00,0.530778
2025-01-09 05:55:00,0.529906
2025-01-09 06:00:00,0.529064
2025-01-09 06:05:00,0.523716
2025-01-09 06:10:00,0.52459
2025-01-09 06:15:00,0.530661
2025-01-09 06:20:00,0.534134
2025-01-09 06:25:00,0.527406
2025-01-09 06:30:00,0.528257
2025-01-09 06:35:00,0.528721
2025-01-09 06:40:00,0.531559
2025-01-09 06:45:00,0.526495
2025-01-09 06:50:00,0.53915
2025-01-09 06:55:00,0.535061
2025-01-09 07:00:00,0.533297
2025-01-09 07:05:00,0.52744
2025-01-09 07:10:00,0.535323
2025-01-09 07:15:00,0.530412
2025-01-09 07:20:00,0.544554
2025-01-09 07:25:00,0.532234
2025-01-09 07:30:00,0.536268
2025-01-09 07:35:00,0.537411
2025-01-09 07:40:00,0.532892
2025-01-09 07:45:00,0.535155
2025-01-09 07:50:00,0.534739
2025-01-09 07:55:00,0.540655
2025-01-09 08:00:00,0.53551
2025-01-09 08:05:00,0.532663
2025-01-09 08:10:00,0.531446
2025-01-09 08:15:00,0.543841
2025-01-09 08:20:00,0.544145
2025-01-09 08:25:00,0.537049
2025-01-09 08:30:00,0.537391
2025-01-09 08:35:00,0.544695
2025-01-09 08:40:00,0.544751
2025-01-09 08:45:00,0.534706
2025-01-09 08:50:00,0.538734
2025-01-09 08:55:00,0.542616
2025-01-09 09:00:00,0.535674
2025-01-09 09:05:00,0.541056
2025-01-09 09:10:00,0.53221
2025-01-09 09:15:00,0.532352
2025-01-09 09:20:00,0.549171
2025-01-09 09:25:00,0.539662
2025-01-09 09:30:00,0.540286
2025-01-09 09:35:00,0.540751
2025-01-09 09:40:00,0.540306
2025-01-09 09:45:00,0.540734
2025-01-09 09:50:00,0.540872
2025-01-09 09:55:00,0.543399
2025-01-09 10:00:00,0.536264
2025-01-09 10:05:00,0.537591
2025-01-09 10:10:00,0.538647
2025-01-09 10:15:00,0.541366
2025-01-09 10:20:00,0.541901
2025-01-09 10:25:00,0.546493
2025-01-09 10:30:00,0.531406
2025-01-09 10:35:00,0.532661
2025-01-09 10:40:00,0.537256
2025-01-09 10:45:00,0.543001
2025-01-09 10:50:00,0.543245
2025-01-09 10:55:00,0.54275
2025-01-09 11:00:00,0.543442
2025-01-09 11:05:00,0.533739
2025-01-09 11:10:00,0.536681
2025-01-09 11:15:00,0.544172
2025-01-09 11:20:00,0.527447
2025-01-09 11:25:00,0.537158
2025-01-09 11:30:00,0.53689
2025-01-09 11:35:00,0.53703
2025-01-09 11:40:00,0.544098
2025-01-09 11:45:00,0.531838
2025-01-09 11:50:00,0.535624
2025-01-09 11:55:00,0.540133
2025-01-09 12:00:00,0.533495
2025-01-09 12:05:00,0.541525
2025-01-09 12:10:00,0.534496
2025-01-09 12:15:00,0.533468
2025-01-09 12:20:00,0.53309
2025-01-09 12:25:00,0.539143
2025-01-09 12:30:00,0.528868
2025-01-09 12:35:00,0.536038
2025-01-09 12:40:00,0.536251
2025-01-09 12:45:00,0.543374
2025-01-09 12:50:00,0.536797
2025-01-09 12:55:00,0.543988
2025-01-09 13:00:00,0.540595
2025-01-09 13:05:00,0.524511
2025-01-09 13:10:00,0.532704
2025-01-09 13:15:00,0.539205
2025-01-09 13:20:00,0.529467
2025-01-09 13:25:00,0.536659
2025-01-09 13:30:00,0.524439
2025-01-09 13:35:00,0.537533
2025-01-09 13:40:00,0.535844
2025-01-09 13:45:00,0.533175
2025-01-09 13:50:00,0.52437
2025-01-09 13:55:00,0.53012
2025-01-09 14:00:00,0.526896
2025-01-09 14:05:00,0.534703
2025-01-09 14:10:00,0.532219
2025-01-09 14:15:00,0.533208
2025-01-09 14:20:00,0.527118
2025-01-09 14:25:00,0.529482
2025-01-09 14:30:00,0.525772
2025-01-09 14:35:00,0.525031
2025-01-09 14:40:00,0.526539
2025-01-09 14:45:00,0.528459
2025-01-09 14:50:00,0.524987
2025-01-09 14:55:00,0.530648
2025-01-09 15:00:00,0.517432
2025-01-09 15:05:00,0.520467
2025-01-09 15:10:00,0.526754
2025-01-09 15:15:00,0.519135
2025-01-09 15:20:00,0.523657
2025-01-09 15:25:00,0.52876
2025-01-09 15:30:00,0.526579
2025-01-09 15:35:00,0.517671
2025-01-09 15:40:00,0.521974
2025-01-09 15:45:00,0.519439
2025-01-09 15:50:00,0.523444
2025-01-09 15:55:00,0.514925
2025-01-09 16:00:00,0.520126
2025-01-09 16:05:00,0.524842
2025-01-09 16:10:00,0.518407
2025-01-09 16:15:00,0.507898
2025-01-09 16:20:00,0.516355
2025-01-09 16:25:00,0.51358
2025-01-09 16:30:00,0.512759
2025-01-09 16:35:00,0.51681
2025-01-09 16:40:00,0.514762
2025-01-09 16:45:00,0.504501
2025-01-09 16:50:00,0.516667
2025-01-09 16:55:00,0.521013
2025-01-09 17:00:00,0.516256
2025-01-09 17:05:00,0.511162
2025-01-09 17:10:00,0.514252
2025-01-09 17:15:00,0.510328
2025-01-09 17:20:00,0.514822
2025-01-09 17:25:00,0.510528
2025-01-09 17:30:00,0.519475
2025-01-09 17:35:00,0.513647
2025-01-09 17:40:00,0.518013
2025-01-09 17:45:00,0.516226
2025-01-09 17:50:00,0.503417
2025-01-09 17:55:00,0.509658
2025-01-09 18:00:00,0.519548
2025-01-09 18:05:00,0.506884
2025-01-09 18:10:00,0.505276
2025-01-09 18:15:00,0.506937
2025-01-09 18:20:00,0.509829
2025-01-09 18:25:00,0.510612
2025-01-09 18:30:00,0.510917
2025-01-09 18:35:00,0.498852
2025-01-09 18:40:00,0.507937
2025-01-09 18:45:00,0.501324
2025-01-09 18:50:00,0.508678
2025-01-09 18:55:00,0.516583
2025-01-09 19:00:00,0.519408
2025-01-09 19:05:00,0.51292
2025-01-09 19:10:00,0.49315
2025-01-09 19:15:00,0.504854
2025-01-09 19:20:00,0.498186
2025-01-09 19:25:00,0.503833
2025-01-09 19:30:00,0.514447
2025-01-09 19:35:00,0.505558
2025-01-09 19:40:00,0.505516
2025-01-09 19:45:00,0.506632
2025-01-09 19:50:00,0.509609
2025-01-09 19:55:00,0.502756
2025-01-09 20:00:00,0.506378
2025-01-09 20:05:00,0.506488
2025-01-09 20:10:00,0.505031
2025-01-09 20:15:00,0.498966
2025-01-09 20:20:00,0.500004
2025-01-09 20:25:00,0.506383
2025-01-09 20:30:00,0.502767
2025-01-09 20:35:00,0.511575
2025-01-09 20:40:00,0.510001
2025-01-09 20:45:00,0.499292
2025-01-09 20:50:00,0.497502
2025-01-09 20:55:00,0.505255
2025-01-09 21:00:00,0.496358
2025-01-09 21:05:00,0.505168
2025-01-09 21:10:00,0.501176
2025-01-09 21:15:00,0.50084
2025-01-09 21:20:00,0.506465
2025-01-09 21:25:00,0.497018
2025-01-09 21:30:00,0.492726
2025-01-09 21:35:00,0.497326
2025-01-09 21:40:00,0.501954
2025-01-09 21:45:00,0.50521
2025-01-09 21:50:00,0.491425
2025-01-09 21:55:00,0.503891
2025-01-09 22:00:00,0.506401
2025-01-09 22:05:00,0.508836
2025-01-09 22:10:00,0.501127
2025-01-09 22:15:00,0.502367
2025-01-09 22:20:00,0.498202
2025-01-09 22:25:00,0.501717
2025-01-09 22:30:00,0.513879
2025-01-09 22:35:00,0.501563
2025-01-09 22:40:00,0.496703
2025-01-09 22:45:00,0.505167
2025-01-09 22:50:00,0.50373
2025-01-09 22:55:00,0.511242
2025-01-09 23:00:00,0.501648
2025-01-09 23:05:00,0.508135
2025-01-09 23:10:00,0.501286
2025-01-09 23:15:00,0.502116
2025-01-09 23:20:00,0.484593
2025-01-09 23:25:00,0.512757
2025-01-09 23:30:00,0.496487
2025-01-09 23:35:00,0.501389
2025-01-09 23:40:00,0.506778
2025-01-09 23:45:00,0.497895
2025-01-09 23:50:00,0.51488
2025-01-09 23:55:00,0.497467
2025-01-10 00:00:00,0.510147
2025-01-10 00:05:00,0.504695
2025-01-10 00:10:00,0.511022
2025-01-10 00:15:00,0.500166
2025-01-10 00:20:00,0.495702
2025-01-10 00:25:00,0.509788
2025-01-10 00:30:00,0.497831
2025-01-10 00:35:00,0.506076
2025-01-10 00:40:00,0.515264
2025-01-10 00:45:00,0.506525
2025-01-10 00:50:00,0.508312
2025-01-10 00:55:00,0.507905
2025-01-10 01:00:00,0.504765
2025-01-10 01:05:00,0.50333
2025-01-10 01:10:00,0.505522
2025-01-10 01:15:00,0.500692
2025-01-10 01:20:00,0.511458
2025-01-10 01:25:00,0.506215
2025-01-10 01:30:00,0.502695
2025-01-10 01:35:00,0.504949
2025-01-10 01:40:00,0.512849
2025-01-10 01:45:00,0.516076
2025-01-10 01:50:00,0.510964
2025-01-10 01:55:00,0.504012
2025-01-10 02:00:00,0.509112
2025-01-10 02:05:00,0.506101
2025-01-10 02:10:00,0.511268
2025-01-10 02:15:00,0.50683
2025-01-10 02:20:00,0.510382
2025-01-10 02:25:00,0.529054
2025-01-10 02:30:00,0.514163
2025-01-10 02:35:00,0.519105
2025-01-10 02:40:00,0.513811
2025-01-10 02:45:00,0.508871
2025-01-10 02:50:00,0.524483
2025-01-10 02:55:00,0.519684
2025-01-10 03:00:00,0.51335
2025-01-10 03:05:00,0.519745
2025-01-10 03:10:00,0.512175
2025-01-10 03:15:00,0.513454
2025-01-10 03:20:00,0.517265
2025-01-10 03:25:00,0.51993
2025-01-10 03:30:00,0.519886
2025-01-10 03:35:00,0.52152
2025-01-10 03:40:00,0.520441
2025-01-10 03:45:00,0.523728
2025-01-10 03:50:00,0.513949
2025-01-10 03:55:00,0.520513
2025-01-10 04:00:00,0.518504
2025-01-10 04:05:00,0.526735
2025-01-10 04:10:00,0.529922
2025-01-10 04:15:00,0.525933
2025-01-10 04:20:00,0.530576
2025-01-10 04:25:00,0.525689
2025-01-10 04:30:00,0.532076
2025-01-10 04:35:00,0.526345
2025-01-10 04:40:00,0.514887
2025-01-10 04:45:00,0.524342
2025-01-10 04:50:00,0.51957
2025-01-10 04:55:00,0.525819
2025-01-10 05:00:00,0.53056
2025-01-10 05:05:00,0.527059
2025-01-10 05:10:00,0.527604
2025-01-10 05:15:00,0.525267
2025-01-10 05:20:00,0.52057
2025-01-10 05:25:00,0.524488
2025-01-10 05:30:00,0.535036
2025-01-10 05:35:00,0.517366
2025-01-10 05:40:00,0.527145
2025-01-10 05:45:00,0.527096
2025-01-10 05:50:00,0.528074
2025-01-10 05:55:00,0.536204
2025-01-10 06:00:00,0.5247
2025-01-10 06:05:00,0.52596
2025-01-10 06:10:00,0.52998
2025-01-10 06:15:00,0.527813
2025-01-10 06:20:00,0.528744
2025-01-10 06:25:00,0.523312
2025-01-10 06:30:00,0.52194
2025-01-10 06:35:00,0.530223
2025-01-10 06:40:00,0.529192
2025-01-10 06:45:00,0.532997
2025-01-10 06:50:00,0.525454
2025-01-10 06:55:00,0.538013
2025-01-10 07:00:00,0.541139
2025-01-10 07:05:00,0.532313
2025-01-10 07:10:00,0.541013
2025-01-10 07:15:00,0.535371
2025-01-10 07:20:00,0.536451
2025-01-10 07:25:00,0.530725
2025-01-10 07:30:00,0.53941
2025-01-10 07:35:00,0.538855
2025-01-10 07:40:00,0.531628
2025-01-10 07:45:00,0.540402
2025-01-10 07:50:00,0.532155
2025-01-10 07:55:00,0.542753
2025-01-10 08:00:00,0.549409
2025-01-10 08:05:00,0.53699
2025-01-10 08:10:00,0.536368
2025-01-10 08:15:00,0.548998
2025-01-10 08:20:00,0.526866
2025-01-10 08:25:00,0.531063
2025-01-10 08:30:00,0.536263
2025-01-10 08:35:00,0.528644
2025-01-10 08:40:00,0.541497
2025-01-10 08:45:00,0.541772
2025-01-10 08:50:00,0.54591
2025-01-10 08:55:00,0.540497
2025-01-10 09:00:00,0.539006
2025-01-10 09:05:00,0.53982
2025-01-10 09:10:00,0.541797
2025-01-10 09:15:00,0.538153
2025-01-10 09:20:00,0.534048
2025-01-10 09:25:00,0.537981
2025-01-10 09:30:00,0.541394
2025-01-10 09:35:00,0.53686
2025-01-10 09:40:00,0.528471
2025-01-10 09:45:00,0.538116
2025-01-10 09:50:00,0.545224
2025-01-10 09:55:00,0.540897
2025-01-10 10:00:00,0.536632
2025-01-10 10:05:00,0.542201
2025-01-10 10:10:00,0.548961
2025-01-10 10:15:00,0.532214
2025-01-10 10:20:00,0.539816
2025-01-10 10:25:00,0.539445
2025-01-10 10:30:00,0.539998
2025-01-10 10:35:00,0.536323
2025-01-10 10:40:00,0.544165
2025-01-10 10:45:00,0.540238
2025-01-10 10:50:00,0.544836
2025-01-10 10:55:00,0.539452
2025-01-10 11:00:00,0.542377
2025-01-10 11:05:00,0.542155
2025-01-10 11:10:00,0.542325
2025-01-10 11:15:00,0.529095
2025-01-10 11:20:00,0.529316
2025-01-10 11:25:00,0.53783
2025-01-10 11:30:00,0.54636
2025-01-10 11:35:00,0.536254
2025-01-10 11:40:00,0.537992
2025-01-10 11:45:00,0.534659
2025-01-10 11:50:00,0.543283
2025-01-10 11:55:00,0.530536
2025-01-10 12:00:00,0.527065
2025-01-10 12:05:00,0.535288
2025-01-10 12:10:00,0.544005
2025-01-10 12:15:00,0.537664
2025-01-10 12:20:00,0.541151
2025-01-10 12:25:00,0.545153
2025-01-10 12:30:00,0.534234
2025-01-10 12:35:00,0.523633
2025-01-10 12:40:00,0.543944
2025-01-10 12:45:00,0.534561
2025-01-10 12:50:00,0.539922
2025-01-10 12:55:00,0.537288
2025-01-10 13:00:00,0.537793
2025-01-10 13:05:00,0.532056
2025-01-10 13:10:00,0.528828
2025-01-10 13:15:00,0.542592
2025-01-10 13:20:00,0.531412
2025-01-10 13:25:00,0.529527
2025-01-10 13:30:00,0.534247
2025-01-10 13:35:00,0.527738
2025-01-10 13:40:00,0.536718
2025-01-10 13:45:00,0.527592
2025-01-10 13:50:00,0.530814
2025-01-10 13:55:00,0.538025
2025-01-10 14:00:00,0.530482
2025-01-10 14:05:00,0.536918
2025-01-10 14:10:00,0.535749
2025-01-10 14:15:00,0.532336
2025-01-10 14:20:00,0.525359
2025-01-10 14:25:00,0.521177
2025-01-10 14:30:00,0.532588
2025-01-10 14:35:00,0.523733
2025-01-10 14:40:00,0.522585
2025-01-10 14:45:00,0.531125
2025-01-10 14:50:00,0.532648
2025-01-10 14:55:00,0.520728
2025-01-10 15:00:00,0.528659
2025-01-10 15:05:00,0.52819
2025-01-10 15:10:00,0.524979
2025-01-10 15:15:00,0.528023
2025-01-10 15:20:00,0.514631
2025-01-10 15:25:00,0.520238
2025-01-10 15:30:00,0.520993
2025-01-10 15:35:00,0.523118
2025-01-10 15:40:00,0.528062
2025-01-10 15:45:00,0.527143
2025-01-10 15:50:00,0.529701
2025-01-10 15:55:00,0.523639
2025-01-10 16:00:00,0.523891
2025-01-10 16:05:00,0.518141
2025-01-10 16:10:00,0.528248
2025-01-10 16:15:00,0.51639
2025-01-10 16:20:00,0.509084
2025-01-10 16:25:00,0.518549
2025-01-10 16:30:00,0.512117
2025-01-10 16:35:00,0.508394
2025-01-10 16:40:00,0.51377
2025-01-10 16:45:00,0.518074
2025-01-10 16:50:00,0.513505
2025-01-10 16:55:00,0.512628
2025-01-10 17:00:00,0.511141
2025-01-10 17:05:00,0.515803
2025-01-10 17:10:00,0.505336
2025-01-10 17:15:00,0.516074
2025-01-10 17:20:00,0.506579
2025-01-10 17:25:00,0.50909
2025-01-10 17:30:00,0.512143
2025-01-10 17:35:00,0.51657
2025-01-10 17:40:00,0.511219
2025-01-10 17:45:00,0.512657
2025-01-10 17:50:00,0.513473
2025-01-10 17:55:00,0.507231
2025-01-10 18:00:00,0.515952
2025-01-10 18:05:00,0.513343
2025-01-10 18:10:00,0.517452
2025-01-10 18:15:00,0.506197
2025-01-10 18:20:00,0.509691
2025-01-10 18:25:00,0.502188
2025-01-10 18:30:00,0.503589
2025-01-10 18:35:00,0.507034
2025-01-10 18:40:00,0.50566
2025-01-10 18:45:00,0.507618
2025-01-10 18:50:00,0.50142
2025-01-10 18:55:00,0.511121
2025-01-10 19:00:00,0.506147
2025-01-10 19:05:00,0.503594
2025-01-10 19:10:00,0.506506
2025-01-10 19:15:00,0.512383
2025-01-10 19:20:00,0.505267
2025-01-10 19:25:00,0.511484
2025-01-10 19:30:00,0.506669
2025-01-10 19:35:00,0.507881
2025-01-10 19:40:00,0.504119
2025-01-10 19:45:00,0.506226
2025-01-10 19:50:00,0.504526
2025-01-10 19:55:00,0.499827
2025-01-10 20:00:00,0.494481
2025-01-10 20:05:00,0.506161
2025-01-10 20:10:00,0.496244
2025-01-10 20:15:00,0.494331
2025-01-10 20:20:00,0.501803
2025-01-10 20:25:00,0.507091
2025-01-10 20:30:00,0.493614
2025-01-10 20:35:00,0.502832
2025-01-10 20:40:00,0.506147
2025-01-10 20:45:00,0.498698
2025-01-10 20:50:00,0.503636
2025-01-10 20:55:00,0.50496
2025-01-10 21:00:00,0.495195
2025-01-10 21:05:00,0.49179
2025-01-10 21:10:00,0.50543
2025-01-10 21:15:00,0.494121
2025-01-10 21:20:00,0.502346
2025-01-10 21:25:00,0.495408
2025-01-10 21:30:00,0.504484
2025-01-10 21:35:00,0.4975
2025-01-10 21:40:00,0.493424
2025-01-10 21:45:00,0.498104
2025-01-10 21:50:00,0.500585
2025-01-10 21:55:00,0.493363
2025-01-10 22:00:00,0.493798
2025-01-10 22:05:00,0.508521
2025-01-10 22:10:00,0.504226
2025-01-10 22:15:00,0.504018
2025-01-10 22:20:00,0.498525
2025-01-10 22:25:00,0.505559
2025-01-10 22:30:00,0.496794
2025-01-10 22:35:00,0.504229
2025-01-10 22:40:00,0.499733
2025-01-10 22:45:00,0.506029
2025-01-10 22:50:00,0.50105
2025-01-10 22:55:00,0.50505
2025-01-10 23:00:00,0.503742
2025-01-10 23:05:00,0.505368
2025-01-10 23:10:00,0.507092
2025-01-10 23:15:00,0.501245
2025-01-10 23:20:00,0.499447
2025-01-10 23:25:00,0.505945
2025-01-10 23:30:00,0.502279
2025-01-10 23:35:00,0.503579
2025-01-10 23:40:00,0.506083
2025-01-10 23:45:00,0.496021
2025-01-10 23:50:00,0.493821
2025-01-10 23:55:00,0.501936
