timestamp,price_yuan_per_kwh
2025-01-01 00:00:00,0.606573
2025-01-01 00:05:00,0.592206
2025-01-01 00:10:00,0.601197
2025-01-01 00:15:00,0.602912
2025-01-01 00:20:00,0.605922
2025-01-01 00:25:00,0.592839
2025-01-01 00:30:00,0.603435
2025-01-01 00:35:00,0.59851
2025-01-01 00:40:00,0.600795
2025-01-01 00:45:00,0.582357
2025-01-01 00:50:00,0.599552
2025-01-01 00:55:00,0.593983
2025-01-01 01:00:00,0.586476
2025-01-01 01:05:00,0.592664
2025-01-01 01:10:00,0.595183
2025-01-01 01:15:00,0.597603
2025-01-01 01:20:00,0.603433
2025-01-01 01:25:00,0.589993
2025-01-01 01:30:00,0.575306
2025-01-01 01:35:00,0.590009
2025-01-01 01:40:00,0.605574
2025-01-01 01:45:00,0.605124
2025-01-01 01:50:00,0.612568
2025-01-01 01:55:00,0.606835
2025-01-01 02:00:00,0.592496
2025-01-01 02:05:00,0.600649
2025-01-01 02:10:00,0.609041
2025-01-01 02:15:00,0.610732
2025-01-01 02:20:00,0.600936
2025-01-01 02:25:00,0.603451
2025-01-01 02:30:00,0.617618
2025-01-01 02:35:00,0.609863
2025-01-01 02:40:00,0.578449
2025-01-01 02:45:00,0.588238
2025-01-01 02:50:00,0.601454
2025-01-01 02:55:00,0.603022
2025-01-01 03:00:00,0.622094
2025-01-01 03:05:00,0.616657
2025-01-01 03:10:00,0.596241
2025-01-01 03:15:00,0.597902
2025-01-01 03:20:00,0.606067
2025-01-01 03:25:00,0.600434
2025-01-01 03:30:00,0.611702
2025-01-01 03:35:00,0.591696
2025-01-01 03:40:00,0.598818
2025-01-01 03:45:00,0.598127
2025-01-01 03:50:00,0.59032
2025-01-01 03:55:00,0.585656
2025-01-01 04:00:00,0.595419
2025-01-01 04:05:00,0.603304
2025-01-01 04:10:00,0.604983
2025-01-01 04:15:00,0.607039
2025-01-01 04:20:00,0.602
2025-01-01 04:25:00,0.608346
2025-01-01 04:30:00,0.567141
2025-01-01 04:35:00,0.604603
2025-01-01 04:40:00,0.606053
2025-01-01 04:45:00,0.60205
2025-01-01 04:50:00,0.59644
2025-01-01 04:55:00,0.612078
2025-01-01 05:00:00,0.604774
2025-01-01 05:05:00,0.605024
2025-01-01 05:10:00,0.600672
2025-01-01 05:15:00,0.609599
2025-01-01 05:20:00,0.596733
2025-01-01 05:25:00,0.606644
2025-01-01 05:30:00,0.599381
2025-01-01 05:35:00,0.603738
2025-01-01 05:40:00,0.605537
2025-01-01 05:45:00,0.592042
2025-01-01 05:50:00,0.606555
2025-01-01 05:55:00,0.579688
2025-01-01 06:00:00,0.795382
2025-01-01 06:05:00,0.794777
2025-01-01 06:10:00,0.800892
2025-01-01 06:15:00,0.803082
2025-01-01 06:20:00,0.792887
2025-01-01 06:25:00,0.806225
2025-01-01 06:30:00,0.794155
2025-01-01 06:35:00,0.794074
2025-01-01 06:40:00,0.806747
2025-01-01 06:45:00,0.798812
2025-01-01 06:50:00,0.785549
2025-01-01 06:55:00,0.80538
2025-01-01 07:00:00,0.796878
2025-01-01 07:05:00,0.774747
2025-01-01 07:10:00,0.80403
2025-01-01 07:15:00,0.801386
2025-01-01 07:20:00,0.814864
2025-01-01 07:25:00,0.805475
2025-01-01 07:30:00,0.80011
2025-01-01 07:35:00,0.788624
2025-01-01 07:40:00,0.813237
2025-01-01 07:45:00,0.808535
2025-01-01 07:50:00,0.799325
2025-01-01 07:55:00,0.81785
2025-01-01 08:00:00,0.797645
2025-01-01 08:05:00,0.807069
2025-01-01 08:10:00,0.787119
2025-01-01 08:15:00,0.776964
2025-01-01 08:20:00,0.809519
2025-01-01 08:25:00,0.784986
2025-01-01 08:30:00,0.802271
2025-01-01 08:35:00,0.795119
2025-01-01 08:40:00,0.790847
2025-01-01 08:45:00,0.790935
2025-01-01 08:50:00,0.795685
2025-01-01 08:55:00,0.783509
2025-01-01 09:00:00,1.201098
2025-01-01 09:05:00,1.198696
2025-01-01 09:10:00,1.208522
2025-01-01 09:15:00,1.206729
2025-01-01 09:20:00,1.201318
2025-01-01 09:25:00,1.191845
2025-01-01 09:30:00,1.225407
2025-01-01 09:35:00,1.200527
2025-01-01 09:40:00,1.179221
2025-01-01 09:45:00,1.215688
2025-01-01 09:50:00,1.194006
2025-01-01 09:55:00,1.214441
2025-01-01 10:00:00,1.212473
2025-01-01 10:05:00,1.212648
2025-01-01 10:10:00,1.204131
2025-01-01 10:15:00,1.203843
2025-01-01 10:20:00,1.197549
2025-01-01 10:25:00,1.20911
2025-01-01 10:30:00,1.193307
2025-01-01 10:35:00,1.187364
2025-01-01 10:40:00,1.198536
2025-01-01 10:45:00,1.208722
2025-01-01 10:50:00,1.200421
2025-01-01 10:55:00,1.206837
2025-01-01 11:00:00,1.19927
2025-01-01 11:05:00,1.201762
2025-01-01 11:10:00,1.194447
2025-01-01 11:15:00,1.199903
2025-01-01 11:20:00,1.201158
2025-01-01 11:25:00,1.205444
2025-01-01 11:30:00,1.200249
2025-01-01 11:35:00,1.20179
2025-01-01 11:40:00,1.224402
2025-01-01 11:45:00,1.205673
2025-01-01 11:50:00,1.211555
2025-01-01 11:55:00,1.215613
2025-01-01 12:00:00,0.782028
2025-01-01 12:05:00,0.794981
2025-01-01 12:10:00,0.791837
2025-01-01 12:15:00,0.792325
2025-01-01 12:20:00,0.793694
2025-01-01 12:25:00,0.801959
2025-01-01 12:30:00,0.798385
2025-01-01 12:35:00,0.806285
2025-01-01 12:40:00,0.806436
2025-01-01 12:45:00,0.797359
2025-01-01 12:50:00,0.798768
2025-01-01 12:55:00,0.81565
2025-01-01 13:00:00,0.803179
2025-01-01 13:05:00,0.799725
2025-01-01 13:10:00,0.795995
2025-01-01 13:15:00,0.804599
2025-01-01 13:20:00,0.794893
2025-01-01 13:25:00,0.782899
2025-01-01 13:30:00,0.791433
2025-01-01 13:35:00,0.793794
2025-01-01 13:40:00,0.792196
2025-01-01 13:45:00,0.798474
2025-01-01 13:50:00,0.801827
2025-01-01 13:55:00,0.801941
2025-01-01 14:00:00,0.79412
2025-01-01 14:05:00,0.807721
2025-01-01 14:10:00,0.803694
2025-01-01 14:15:00,0.806328
2025-01-01 14:20:00,0.810722
2025-01-01 14:25:00,0.799604
2025-01-01 14:30:00,0.789216
2025-01-01 14:35:00,0.794233
2025-01-01 14:40:00,0.805658
2025-01-01 14:45:00,0.81748
2025-01-01 14:50:00,0.810652
2025-01-01 14:55:00,0.800334
2025-01-01 15:00:00,0.79287
2025-01-01 15:05:00,0.810182
2025-01-01 15:10:00,0.805193
2025-01-01 15:15:00,0.792804
2025-01-01 15:20:00,0.774162
2025-01-01 15:25:00,0.809931
2025-01-01 15:30:00,0.824059
2025-01-01 15:35:00,0.806908
2025-01-01 15:40:00,0.802416
2025-01-01 15:45:00,0.802257
2025-01-01 15:50:00,0.816395
2025-01-01 15:55:00,0.805371
2025-01-01 16:00:00,0.787182
2025-01-01 16:05:00,0.819173
2025-01-01 16:10:00,0.80712
2025-01-01 16:15:00,0.801404
2025-01-01 16:20:00,0.793803
2025-01-01 16:25:00,0.805419
2025-01-01 16:30:00,0.816563
2025-01-01 16:35:00,0.784915
2025-01-01 16:40:00,0.801493
2025-01-01 16:45:00,0.794
2025-01-01 16:50:00,0.807696
2025-01-01 16:55:00,0.799564
2025-01-01 17:00:00,0.800176
2025-01-01 17:05:00,0.801788
2025-01-01 17:10:00,0.816279
2025-01-01 17:15:00,0.793605
2025-01-01 17:20:00,0.806283
2025-01-01 17:25:00,0.790784
2025-01-01 17:30:00,0.80135
2025-01-01 17:35:00,0.788529
2025-01-01 17:40:00,0.812338
2025-01-01 17:45:00,0.812177
2025-01-01 17:50:00,0.795294
2025-01-01 17:55:00,0.797325
2025-01-01 18:00:00,1.200451
2025-01-01 18:05:00,1.187647
2025-01-01 18:10:00,1.199552
2025-01-01 18:15:00,1.201017
2025-01-01 18:20:00,1.186779
2025-01-01 18:25:00,1.172822
2025-01-01 18:30:00,1.20773
2025-01-01 18:35:00,1.186142
2025-01-01 18:40:00,1.209181
2025-01-01 18:45:00,1.191107
2025-01-01 18:50:00,1.205902
2025-01-01 18:55:00,1.210328
2025-01-01 19:00:00,1.193232
2025-01-01 19:05:00,1.203331
2025-01-01 19:10:00,1.178897
2025-01-01 19:15:00,1.20169
2025-01-01 19:20:00,1.200495
2025-01-01 19:25:00,1.221031
2025-01-01 19:30:00,1.207573
2025-01-01 19:35:00,1.207585
2025-01-01 19:40:00,1.197524
2025-01-01 19:45:00,1.209913
2025-01-01 19:50:00,1.210335
2025-01-01 19:55:00,1.197409
2025-01-01 20:00:00,1.195026
2025-01-01 20:05:00,1.18669
2025-01-01 20:10:00,1.18859
2025-01-01 20:15:00,1.21858
2025-01-01 20:20:00,1.169402
2025-01-01 20:25:00,1.199456
2025-01-01 20:30:00,1.198498
2025-01-01 20:35:00,1.204448
2025-01-01 20:40:00,1.187522
2025-01-01 20:45:00,1.185732
2025-01-01 20:50:00,1.202016
2025-01-01 20:55:00,1.194792
2025-01-01 21:00:00,0.817416
2025-01-01 21:05:00,0.77467
2025-01-01 21:10:00,0.807917
2025-01-01 21:15:00,0.8055
2025-01-01 21:20:00,0.796664
2025-01-01 21:25:00,0.821865
2025-01-01 21:30:00,0.797616
2025-01-01 21:35:00,0.808398
2025-01-01 21:40:00,0.806019
2025-01-01 21:45:00,0.778761
2025-01-01 21:50:00,0.801688
2025-01-01 21:55:00,0.788028
2025-01-01 22:00:00,0.797139
2025-01-01 22:05:00,0.793136
2025-01-01 22:10:00,0.797376
2025-01-01 22:15:00,0.779461
2025-01-01 22:20:00,0.776146
2025-01-01 22:25:00,0.791636
2025-01-01 22:30:00,0.795851
2025-01-01 22:35:00,0.811899
2025-01-01 22:40:00,0.804402
2025-01-01 22:45:00,0.811475
2025-01-01 22:50:00,0.787646
2025-01-01 22:55:00,0.781827
2025-01-01 23:00:00,0.792946
2025-01-01 23:05:00,0.807922
2025-01-01 23:10:00,0.80212
2025-01-01 23:15:00,0.80881
2025-01-01 23:20:00,0.815412
2025-01-01 23:25:00,0.795549
2025-01-01 23:30:00,0.804019
2025-01-01 23:35:00,0.798588
2025-01-01 23:40:00,0.815945
2025-01-01 23:45:00,0.824721
2025-01-01 23:50:00,0.804401
2025-01-01 23:55:00,0.796863
2025-01-02 00:00:00,0.60793
2025-01-02 00:05:00,0.606943
2025-01-02 00:10:00,0.611873
2025-01-02 00:15:00,0.612075
2025-01-02 00:20:00,0.609118
2025-01-02 00:25:00,0.594968
2025-01-02 00:30:00,0.568354
2025-01-02 00:35:00,0.59926
2025-01-02 00:40:00,0.61498
2025-01-02 00:45:00,0.594759
2025-01-02 00:50:00,0.596025
2025-01-02 00:55:00,0.601898
2025-01-02 01:00:00,0.590898
2025-01-02 01:05:00,0.614695
2025-01-02 01:10:00,0.584533
2025-01-02 01:15:00,0.613322
2025-01-02 01:20:00,0.607328
2025-01-02 01:25:00,0.601461
2025-01-02 01:30:00,0.575546
2025-01-02 01:35:00,0.596081
2025-01-02 01:40:00,0.619733
2025-01-02 01:45:00,0.611127
2025-01-02 01:50:00,0.598377
2025-01-02 01:55:00,0.591832
2025-01-02 02:00:00,0.594523
2025-01-02 02:05:00,0.615422
2025-01-02 02:10:00,0.596461
2025-01-02 02:15:00,0.601999
2025-01-02 02:20:00,0.606264
2025-01-02 02:25:00,0.611852
2025-01-02 02:30:00,0.59948
2025-01-02 02:35:00,0.589843
2025-01-02 02:40:00,0.600071
2025-01-02 02:45:00,0.600001
2025-01-02 02:50:00,0.608933
2025-01-02 02:55:00,0.604974
2025-01-02 03:00:00,0.601753
2025-01-02 03:05:00,0.60564
2025-01-02 03:10:00,0.586581
2025-01-02 03:15:00,0.588188
2025-01-02 03:20:00,0.603062
2025-01-02 03:25:00,0.600014
2025-01-02 03:30:00,0.604926
2025-01-02 03:35:00,0.60092
2025-01-02 03:40:00,0.60508
2025-01-02 03:45:00,0.594947
2025-01-02 03:50:00,0.600128
2025-01-02 03:55:00,0.621189
2025-01-02 04:00:00,0.596665
2025-01-02 04:05:00,0.604775
2025-01-02 04:10:00,0.592082
2025-01-02 04:15:00,0.592371
2025-01-02 04:20:00,0.60184
2025-01-02 04:25:00,0.592022
2025-01-02 04:30:00,0.619843
2025-01-02 04:35:00,0.606668
2025-01-02 04:40:00,0.604956
2025-01-02 04:45:00,0.601628
2025-01-02 04:50:00,0.595439
2025-01-02 04:55:00,0.584875
2025-01-02 05:00:00,0.581639
2025-01-02 05:05:00,0.590024
2025-01-02 05:10:00,0.603408
2025-01-02 05:15:00,0.601683
2025-01-02 05:20:00,0.602769
2025-01-02 05:25:00,0.599537
2025-01-02 05:30:00,0.592891
2025-01-02 05:35:00,0.615002
2025-01-02 05:40:00,0.579534
2025-01-02 05:45:00,0.5965
2025-01-02 05:50:00,0.601681
2025-01-02 05:55:00,0.602428
2025-01-02 06:00:00,0.796827
2025-01-02 06:05:00,0.778999
2025-01-02 06:10:00,0.814815
2025-01-02 06:15:00,0.791317
2025-01-02 06:20:00,0.802484
2025-01-02 06:25:00,0.79467
2025-01-02 06:30:00,0.812888
2025-01-02 06:35:00,0.81151
2025-01-02 06:40:00,0.799754
2025-01-02 06:45:00,0.798392
2025-01-02 06:50:00,0.808176
2025-01-02 06:55:00,0.793307
2025-01-02 07:00:00,0.804487
2025-01-02 07:05:00,0.796402
2025-01-02 07:10:00,0.787528
2025-01-02 07:15:00,0.783075
2025-01-02 07:20:00,0.79082
2025-01-02 07:25:00,0.792109
2025-01-02 07:30:00,0.803331
2025-01-02 07:35:00,0.801778
2025-01-02 07:40:00,0.801166
2025-01-02 07:45:00,0.77968
2025-01-02 07:50:00,0.792549
2025-01-02 07:55:00,0.797242
2025-01-02 08:00:00,0.803735
2025-01-02 08:05:00,0.791997
2025-01-02 08:10:00,0.797082
2025-01-02 08:15:00,0.794769
2025-01-02 08:20:00,0.785295
2025-01-02 08:25:00,0.800744
2025-01-02 08:30:00,0.787349
2025-01-02 08:35:00,0.784831
2025-01-02 08:40:00,0.816488
2025-01-02 08:45:00,0.798471
2025-01-02 08:50:00,0.784465
2025-01-02 08:55:00,0.803513
2025-01-02 09:00:00,1.203819
2025-01-02 09:05:00,1.193801
2025-01-02 09:10:00,1.201107
2025-01-02 09:15:00,1.197822
2025-01-02 09:20:00,1.21354
2025-01-02 09:25:00,1.204365
2025-01-02 09:30:00,1.196564
2025-01-02 09:35:00,1.196879
2025-01-02 09:40:00,1.196046
2025-01-02 09:45:00,1.215264
2025-01-02 09:50:00,1.201872
2025-01-02 09:55:00,1.214062
2025-01-02 10:00:00,1.199591
2025-01-02 10:05:00,1.220134
2025-01-02 10:10:00,1.207151
2025-01-02 10:15:00,1.206465
2025-01-02 10:20:00,1.21276
2025-01-02 10:25:00,1.191775
2025-01-02 10:30:00,1.195141
2025-01-02 10:35:00,1.204666
2025-01-02 10:40:00,1.196034
2025-01-02 10:45:00,1.218611
2025-01-02 10:50:00,1.187055
2025-01-02 10:55:00,1.198764
2025-01-02 11:00:00,1.208522
2025-01-02 11:05:00,1.182357
2025-01-02 11:10:00,1.202637
2025-01-02 11:15:00,1.201887
2025-01-02 11:20:00,1.196656
2025-01-02 11:25:00,1.196737
2025-01-02 11:30:00,1.211798
2025-01-02 11:35:00,1.201407
2025-01-02 11:40:00,1.19612
2025-01-02 11:45:00,1.200569
2025-01-02 11:50:00,1.214698
2025-01-02 11:55:00,1.20569
2025-01-02 12:00:00,0.809116
2025-01-02 12:05:00,0.784131
2025-01-02 12:10:00,0.788514
2025-01-02 12:15:00,0.813261
2025-01-02 12:20:00,0.818126
2025-01-02 12:25:00,0.815223
2025-01-02 12:30:00,0.802676
2025-01-02 12:35:00,0.802478
2025-01-02 12:40:00,0.80358
2025-01-02 12:45:00,0.789433
2025-01-02 12:50:00,0.797299
2025-01-02 12:55:00,0.805653
2025-01-02 13:00:00,0.79279
2025-01-02 13:05:00,0.786499
2025-01-02 13:10:00,0.787193
2025-01-02 13:15:00,0.808075
2025-01-02 13:20:00,0.803893
2025-01-02 13:25:00,0.800732
2025-01-02 13:30:00,0.805031
2025-01-02 13:35:00,0.795856
2025-01-02 13:40:00,0.805526
2025-01-02 13:45:00,0.782681
2025-01-02 13:50:00,0.797171
2025-01-02 13:55:00,0.789115
2025-01-02 14:00:00,0.798095
2025-01-02 14:05:00,0.802972
2025-01-02 14:10:00,0.812394
2025-01-02 14:15:00,0.781929
2025-01-02 14:20:00,0.799887
2025-01-02 14:25:00,0.803843
2025-01-02 14:30:00,0.817534
2025-01-02 14:35:00,0.821851
2025-01-02 14:40:00,0.801871
2025-01-02 14:45:00,0.824774
2025-01-02 14:50:00,0.785389
2025-01-02 14:55:00,0.786784
2025-01-02 15:00:00,0.805586
2025-01-02 15:05:00,0.776435
2025-01-02 15:10:00,0.785883
2025-01-02 15:15:00,0.790965
2025-01-02 15:20:00,0.810952
2025-01-02 15:25:00,0.792303
2025-01-02 15:30:00,0.807072
2025-01-02 15:35:00,0.80044
2025-01-02 15:40:00,0.812541
2025-01-02 15:45:00,0.809724
2025-01-02 15:50:00,0.800839
2025-01-02 15:55:00,0.805016
2025-01-02 16:00:00,0.804605
2025-01-02 16:05:00,0.783224
2025-01-02 16:10:00,0.802676
2025-01-02 16:15:00,0.789581
2025-01-02 16:20:00,0.795891
2025-01-02 16:25:00,0.80576
2025-01-02 16:30:00,0.804365
2025-01-02 16:35:00,0.804724
2025-01-02 16:40:00,0.776957
2025-01-02 16:45:00,0.790609
2025-01-02 16:50:00,0.803455
2025-01-02 16:55:00,0.807228
2025-01-02 17:00:00,0.809187
2025-01-02 17:05:00,0.768825
2025-01-02 17:10:00,0.786559
2025-01-02 17:15:00,0.79979
2025-01-02 17:20:00,0.824574
2025-01-02 17:25:00,0.814924
2025-01-02 17:30:00,0.809069
2025-01-02 17:35:00,0.796692
2025-01-02 17:40:00,0.786726
2025-01-02 17:45:00,0.804832
2025-01-02 17:50:00,0.78823
2025-01-02 17:55:00,0.787543
2025-01-02 18:00:00,1.203425
2025-01-02 18:05:00,1.195677
2025-01-02 18:10:00,1.194256
2025-01-02 18:15:00,1.202349
2025-01-02 18:20:00,1.205443
2025-01-02 18:25:00,1.205724
2025-01-02 18:30:00,1.213982
2025-01-02 18:35:00,1.196093
2025-01-02 18:40:00,1.220249
2025-01-02 18:45:00,1.198859
2025-01-02 18:50:00,1.198297
2025-01-02 18:55:00,1.205701
2025-01-02 19:00:00,1.193609
2025-01-02 19:05:00,1.185322
2025-01-02 19:10:00,1.199712
2025-01-02 19:15:00,1.198848
2025-01-02 19:20:00,1.200005
2025-01-02 19:25:00,1.202789
2025-01-02 19:30:00,1.19179
2025-01-02 19:35:00,1.208409
2025-01-02 19:40:00,1.194031
2025-01-02 19:45:00,1.183339
2025-01-02 19:50:00,1.196713
2025-01-02 19:55:00,1.185553
2025-01-02 20:00:00,1.206032
2025-01-02 20:05:00,1.185654
2025-01-02 20:10:00,1.195333
2025-01-02 20:15:00,1.200037
2025-01-02 20:20:00,1.208371
2025-01-02 20:25:00,1.196853
2025-01-02 20:30:00,1.199545
2025-01-02 20:35:00,1.203895
2025-01-02 20:40:00,1.210748
2025-01-02 20:45:00,1.197773
2025-01-02 20:50:00,1.195044
2025-01-02 20:55:00,1.207852
2025-01-02 21:00:00,0.80103
2025-01-02 21:05:00,0.790699
2025-01-02 21:10:00,0.794247
2025-01-02 21:15:00,0.798454
2025-01-02 21:20:00,0.812471
2025-01-02 21:25:00,0.777028
2025-01-02 21:30:00,0.818027
2025-01-02 21:35:00,0.799763
2025-01-02 21:40:00,0.807783
2025-01-02 21:45:00,0.794845
2025-01-02 21:50:00,0.782268
2025-01-02 21:55:00,0.806042
2025-01-02 22:00:00,0.799667
2025-01-02 22:05:00,0.81636
2025-01-02 22:10:00,0.779143
2025-01-02 22:15:00,0.807656
2025-01-02 22:20:00,0.803726
2025-01-02 22:25:00,0.783505
2025-01-02 22:30:00,0.795407
2025-01-02 22:35:00,0.795771
2025-01-02 22:40:00,0.804084
2025-01-02 22:45:00,0.809498
2025-01-02 22:50:00,0.804299
2025-01-02 22:55:00,0.789439
2025-01-02 23:00:00,0.799804
2025-01-02 23:05:00,0.819685
2025-01-02 23:10:00,0.799842
2025-01-02 23:15:00,0.810373
2025-01-02 23:20:00,0.795165
2025-01-02 23:25:00,0.792335
2025-01-02 23:30:00,0.796763
2025-01-02 23:35:00,0.801385
2025-01-02 23:40:00,0.80048
2025-01-02 23:45:00,0.781557
2025-01-02 23:50:00,0.790161
2025-01-02 23:55:00,0.801473
2025-01-03 00:00:00,0.591883
2025-01-03 00:05:00,0.60981
2025-01-03 00:10:00,0.594646
2025-01-03 00:15:00,0.58428
2025-01-03 00:20:00,0.617752
2025-01-03 00:25:00,0.609297
2025-01-03 00:30:00,0.581304
2025-01-03 00:35:00,0.595248
2025-01-03 00:40:00,0.599978
2025-01-03 00:45:00,0.59013
2025-01-03 00:50:00,0.587099
2025-01-03 00:55:00,0.623034
2025-01-03 01:00:00,0.59818
2025-01-03 01:05:00,0.614001
2025-01-03 01:10:00,0.60595
2025-01-03 01:15:00,0.604742
2025-01-03 01:20:00,0.603281
2025-01-03 01:25:00,0.593234
2025-01-03 01:30:00,0.599179
2025-01-03 01:35:00,0.607094
2025-01-03 01:40:00,0.604689
2025-01-03 01:45:00,0.592325
2025-01-03 01:50:00,0.597139
2025-01-03 01:55:00,0.596318
2025-01-03 02:00:00,0.602513
2025-01-03 02:05:00,0.598966
2025-01-03 02:10:00,0.60569
2025-01-03 02:15:00,0.593875
2025-01-03 02:20:00,0.595638
2025-01-03 02:25:00,0.596314
2025-01-03 02:30:00,0.593843
2025-01-03 02:35:00,0.606832
2025-01-03 02:40:00,0.601193
2025-01-03 02:45:00,0.595553
2025-01-03 02:50:00,0.593202
2025-01-03 02:55:00,0.605105
2025-01-03 03:00:00,0.601139
2025-01-03 03:05:00,0.596909
2025-01-03 03:10:00,0.606038
2025-01-03 03:15:00,0.610215
2025-01-03 03:20:00,0.591166
2025-01-03 03:25:00,0.608961
2025-01-03 03:30:00,0.601101
2025-01-03 03:35:00,0.615774
2025-01-03 03:40:00,0.608417
2025-01-03 03:45:00,0.627432
2025-01-03 03:50:00,0.610217
2025-01-03 03:55:00,0.594147
2025-01-03 04:00:00,0.588587
2025-01-03 04:05:00,0.602933
2025-01-03 04:10:00,0.590727
2025-01-03 04:15:00,0.585398
2025-01-03 04:20:00,0.585206
2025-01-03 04:25:00,0.596253
2025-01-03 04:30:00,0.603151
2025-01-03 04:35:00,0.609873
2025-01-03 04:40:00,0.599352
2025-01-03 04:45:00,0.59929
2025-01-03 04:50:00,0.605546
2025-01-03 04:55:00,0.582535
2025-01-03 05:00:00,0.597987
2025-01-03 05:05:00,0.591893
2025-01-03 05:10:00,0.600091
2025-01-03 05:15:00,0.589094
2025-01-03 05:20:00,0.596821
2025-01-03 05:25:00,0.583332
2025-01-03 05:30:00,0.606879
2025-01-03 05:35:00,0.60965
2025-01-03 05:40:00,0.604967
2025-01-03 05:45:00,0.594694
2025-01-03 05:50:00,0.600571
2025-01-03 05:55:00,0.590598
2025-01-03 06:00:00,0.789926
2025-01-03 06:05:00,0.799777
2025-01-03 06:10:00,0.80518
2025-01-03 06:15:00,0.81214
2025-01-03 06:20:00,0.805935
2025-01-03 06:25:00,0.802587
2025-01-03 06:30:00,0.790778
2025-01-03 06:35:00,0.802449
2025-01-03 06:40:00,0.793643
2025-01-03 06:45:00,0.805401
2025-01-03 06:50:00,0.80604
2025-01-03 06:55:00,0.804508
2025-01-03 07:00:00,0.795885
2025-01-03 07:05:00,0.807157
2025-01-03 07:10:00,0.79303
2025-01-03 07:15:00,0.804687
2025-01-03 07:20:00,0.786716
2025-01-03 07:25:00,0.810507
2025-01-03 07:30:00,0.793049
2025-01-03 07:35:00,0.802236
2025-01-03 07:40:00,0.799389
2025-01-03 07:45:00,0.788995
2025-01-03 07:50:00,0.780573
2025-01-03 07:55:00,0.822326
2025-01-03 08:00:00,0.810274
2025-01-03 08:05:00,0.803673
2025-01-03 08:10:00,0.79435
2025-01-03 08:15:00,0.809138
2025-01-03 08:20:00,0.8089
2025-01-03 08:25:00,0.79163
2025-01-03 08:30:00,0.800913
2025-01-03 08:35:00,0.799737
2025-01-03 08:40:00,0.795018
2025-01-03 08:45:00,0.814579
2025-01-03 08:50:00,0.805145
2025-01-03 08:55:00,0.812046
2025-01-03 09:00:00,1.184936
2025-01-03 09:05:00,1.177551
2025-01-03 09:10:00,1.21266
2025-01-03 09:15:00,1.195739
2025-01-03 09:20:00,1.200731
2025-01-03 09:25:00,1.220808
2025-01-03 09:30:00,1.189343
2025-01-03 09:35:00,1.197507
2025-01-03 09:40:00,1.182638
2025-01-03 09:45:00,1.207159
2025-01-03 09:50:00,1.225685
2025-01-03 09:55:00,1.217433
2025-01-03 10:00:00,1.206398
2025-01-03 10:05:00,1.215722
2025-01-03 10:10:00,1.198257
2025-01-03 10:15:00,1.196659
2025-01-03 10:20:00,1.215523
2025-01-03 10:25:00,1.190137
2025-01-03 10:30:00,1.195781
2025-01-03 10:35:00,1.194732
2025-01-03 10:40:00,1.214757
2025-01-03 10:45:00,1.191691
2025-01-03 10:50:00,1.20199
2025-01-03 10:55:00,1.214725
2025-01-03 11:00:00,1.184752
2025-01-03 11:05:00,1.193961
2025-01-03 11:10:00,1.192552
2025-01-03 11:15:00,1.174896
2025-01-03 11:20:00,1.203727
2025-01-03 11:25:00,1.20059
2025-01-03 11:30:00,1.200623
2025-01-03 11:35:00,1.200229
2025-01-03 11:40:00,1.218309
2025-01-03 11:45:00,1.218683
2025-01-03 11:50:00,1.190371
2025-01-03 11:55:00,1.186915
2025-01-03 12:00:00,0.805104
2025-01-03 12:05:00,0.791782
2025-01-03 12:10:00,0.800057
2025-01-03 12:15:00,0.800806
2025-01-03 12:20:00,0.813733
2025-01-03 12:25:00,0.799899
2025-01-03 12:30:00,0.801346
2025-01-03 12:35:00,0.794421
2025-01-03 12:40:00,0.80386
2025-01-03 12:45:00,0.802196
2025-01-03 12:50:00,0.805333
2025-01-03 12:55:00,0.804521
2025-01-03 13:00:00,0.8049
2025-01-03 13:05:00,0.798248
2025-01-03 13:10:00,0.791311
2025-01-03 13:15:00,0.790611
2025-01-03 13:20:00,0.811194
2025-01-03 13:25:00,0.807958
2025-01-03 13:30:00,0.816018
2025-01-03 13:35:00,0.790705
2025-01-03 13:40:00,0.787678
2025-01-03 13:45:00,0.805682
2025-01-03 13:50:00,0.803086
2025-01-03 13:55:00,0.798943
2025-01-03 14:00:00,0.811773
2025-01-03 14:05:00,0.781242
2025-01-03 14:10:00,0.786355
2025-01-03 14:15:00,0.809653
2025-01-03 14:20:00,0.787144
2025-01-03 14:25:00,0.7851
2025-01-03 14:30:00,0.80958
2025-01-03 14:35:00,0.801075
2025-01-03 14:40:00,0.810569
2025-01-03 14:45:00,0.792978
2025-01-03 14:50:00,0.789713
2025-01-03 14:55:00,0.774612
2025-01-03 15:00:00,0.80535
2025-01-03 15:05:00,0.793941
2025-01-03 15:10:00,0.797176
2025-01-03 15:15:00,0.783887
2025-01-03 15:20:00,0.798132
2025-01-03 15:25:00,0.784544
2025-01-03 15:30:00,0.787781
2025-01-03 15:35:00,0.795187
2025-01-03 15:40:00,0.799479
2025-01-03 15:45:00,0.806582
2025-01-03 15:50:00,0.794369
2025-01-03 15:55:00,0.822453
2025-01-03 16:00:00,0.811841
2025-01-03 16:05:00,0.800618
2025-01-03 16:10:00,0.805656
2025-01-03 16:15:00,0.801513
2025-01-03 16:20:00,0.815484
2025-01-03 16:25:00,0.790442
2025-01-03 16:30:00,0.802648
2025-01-03 16:35:00,0.81219
2025-01-03 16:40:00,0.803955
2025-01-03 16:45:00,0.786415
2025-01-03 16:50:00,0.797959
2025-01-03 16:55:00,0.7977
2025-01-03 17:00:00,0.791808
2025-01-03 17:05:00,0.796648
2025-01-03 17:10:00,0.805411
2025-01-03 17:15:00,0.805895
2025-01-03 17:20:00,0.821906
2025-01-03 17:25:00,0.805286
2025-01-03 17:30:00,0.803595
2025-01-03 17:35:00,0.785788
2025-01-03 17:40:00,0.7888
2025-01-03 17:45:00,0.780204
2025-01-03 17:50:00,0.800554
2025-01-03 17:55:00,0.822452
2025-01-03 18:00:00,1.20332
2025-01-03 18:05:00,1.196017
2025-01-03 18:10:00,1.193321
2025-01-03 18:15:00,1.222413
2025-01-03 18:20:00,1.199779
2025-01-03 18:25:00,1.209447
2025-01-03 18:30:00,1.189387
2025-01-03 18:35:00,1.183038
2025-01-03 18:40:00,1.210132
2025-01-03 18:45:00,1.204358
2025-01-03 18:50:00,1.177605
2025-01-03 18:55:00,1.189239
2025-01-03 19:00:00,1.195632
2025-01-03 19:05:00,1.189689
2025-01-03 19:10:00,1.194272
2025-01-03 19:15:00,1.197119
2025-01-03 19:20:00,1.204197
2025-01-03 19:25:00,1.215235
2025-01-03 19:30:00,1.206856
2025-01-03 19:35:00,1.209402
2025-01-03 19:40:00,1.204411
2025-01-03 19:45:00,1.193592
2025-01-03 19:50:00,1.20097
2025-01-03 19:55:00,1.205211
2025-01-03 20:00:00,1.185933
2025-01-03 20:05:00,1.212899
2025-01-03 20:10:00,1.195093
2025-01-03 20:15:00,1.22482
2025-01-03 20:20:00,1.214398
2025-01-03 20:25:00,1.190893
2025-01-03 20:30:00,1.203021
2025-01-03 20:35:00,1.19077
2025-01-03 20:40:00,1.19795
2025-01-03 20:45:00,1.208062
2025-01-03 20:50:00,1.203062
2025-01-03 20:55:00,1.20296
2025-01-03 21:00:00,0.795957
2025-01-03 21:05:00,0.78687
2025-01-03 21:10:00,0.798714
2025-01-03 21:15:00,0.805153
2025-01-03 21:20:00,0.795704
2025-01-03 21:25:00,0.79481
2025-01-03 21:30:00,0.799774
2025-01-03 21:35:00,0.805477
2025-01-03 21:40:00,0.794104
2025-01-03 21:45:00,0.82073
2025-01-03 21:50:00,0.804433
2025-01-03 21:55:00,0.798716
2025-01-03 22:00:00,0.809419
2025-01-03 22:05:00,0.801664
2025-01-03 22:10:00,0.797402
2025-01-03 22:15:00,0.78691
2025-01-03 22:20:00,0.791423
2025-01-03 22:25:00,0.803089
2025-01-03 22:30:00,0.792846
2025-01-03 22:35:00,0.810115
2025-01-03 22:40:00,0.794859
2025-01-03 22:45:00,0.78882
2025-01-03 22:50:00,0.795062
2025-01-03 22:55:00,0.793332
2025-01-03 23:00:00,0.786222
2025-01-03 23:05:00,0.806652
2025-01-03 23:10:00,0.82393
2025-01-03 23:15:00,0.783815
2025-01-03 23:20:00,0.796935
2025-01-03 23:25:00,0.806729
2025-01-03 23:30:00,0.789282
2025-01-03 23:35:00,0.790154
2025-01-03 23:40:00,0.818762
2025-01-03 23:45:00,0.795674
2025-01-03 23:50:00,0.798592
2025-01-03 23:55:00,0.792478
2025-01-04 00:00:00,0.574147
2025-01-04 00:05:00,0.579412
2025-01-04 00:10:00,0.584001
2025-01-04 00:15:00,0.584877
2025-01-04 00:20:00,0.578039
2025-01-04 00:25:00,0.596542
2025-01-04 00:30:00,0.578378
2025-01-04 00:35:00,0.592672
2025-01-04 00:40:00,0.595869
2025-01-04 00:45:00,0.587958
2025-01-04 00:50:00,0.584886
2025-01-04 00:55:00,0.583121
2025-01-04 01:00:00,0.573449
2025-01-04 01:05:00,0.578397
2025-01-04 01:10:00,0.579801
2025-01-04 01:15:00,0.580148
2025-01-04 01:20:00,0.580089
2025-01-04 01:25:00,0.565269
2025-01-04 01:30:00,0.592028
2025-01-04 01:35:00,0.577246
2025-01-04 01:40:00,0.574403
2025-01-04 01:45:00,0.588536
2025-01-04 01:50:00,0.592264
2025-01-04 01:55:00,0.6046
2025-01-04 02:00:00,0.568018
2025-01-04 02:05:00,0.56868
2025-01-04 02:10:00,0.561288
2025-01-04 02:15:00,0.573266
2025-01-04 02:20:00,0.583311
2025-01-04 02:25:00,0.577814
2025-01-04 02:30:00,0.571899
2025-01-04 02:35:00,0.589245
2025-01-04 02:40:00,0.57838
2025-01-04 02:45:00,0.597674
2025-01-04 02:50:00,0.575509
2025-01-04 02:55:00,0.594386
2025-01-04 03:00:00,0.582634
2025-01-04 03:05:00,0.57966
2025-01-04 03:10:00,0.563248
2025-01-04 03:15:00,0.579689
2025-01-04 03:20:00,0.565767
2025-01-04 03:25:00,0.598754
2025-01-04 03:30:00,0.573749
2025-01-04 03:35:00,0.576915
2025-01-04 03:40:00,0.583983
2025-01-04 03:45:00,0.585749
2025-01-04 03:50:00,0.584212
2025-01-04 03:55:00,0.574308
2025-01-04 04:00:00,0.58988
2025-01-04 04:05:00,0.583071
2025-01-04 04:10:00,0.570911
2025-01-04 04:15:00,0.576561
2025-01-04 04:20:00,0.586296
2025-01-04 04:25:00,0.587178
2025-01-04 04:30:00,0.594658
2025-01-04 04:35:00,0.563963
2025-01-04 04:40:00,0.60324
2025-01-04 04:45:00,0.568577
2025-01-04 04:50:00,0.580452
2025-01-04 04:55:00,0.580389
2025-01-04 05:00:00,0.584137
2025-01-04 05:05:00,0.566015
2025-01-04 05:10:00,0.588078
2025-01-04 05:15:00,0.60848
2025-01-04 05:20:00,0.584328
2025-01-04 05:25:00,0.579812
2025-01-04 05:30:00,0.59621
2025-01-04 05:35:00,0.58095
2025-01-04 05:40:00,0.580704
2025-01-04 05:45:00,0.584375
2025-01-04 05:50:00,0.576862
2025-01-04 05:55:00,0.589658
2025-01-04 06:00:00,0.772784
2025-01-04 06:05:00,0.78724
2025-01-04 06:10:00,0.789153
2025-01-04 06:15:00,0.767106
2025-01-04 06:20:00,0.748863
2025-01-04 06:25:00,0.780062
2025-01-04 06:30:00,0.781177
2025-01-04 06:35:00,0.774105
2025-01-04 06:40:00,0.784299
2025-01-04 06:45:00,0.775824
2025-01-04 06:50:00,0.793307
2025-01-04 06:55:00,0.757191
2025-01-04 07:00:00,0.767865
2025-01-04 07:05:00,0.774769
2025-01-04 07:10:00,0.763075
2025-01-04 07:15:00,0.784727
2025-01-04 07:20:00,0.790178
2025-01-04 07:25:00,0.769706
2025-01-04 07:30:00,0.768507
2025-01-04 07:35:00,0.776577
2025-01-04 07:40:00,0.784058
2025-01-04 07:45:00,0.786988
2025-01-04 07:50:00,0.781406
2025-01-04 07:55:00,0.766227
2025-01-04 08:00:00,0.76808
2025-01-04 08:05:00,0.768958
2025-01-04 08:10:00,0.766198
2025-01-04 08:15:00,0.777316
2025-01-04 08:20:00,0.765129
2025-01-04 08:25:00,0.785903
2025-01-04 08:30:00,0.787332
2025-01-04 08:35:00,0.772926
2025-01-04 08:40:00,0.789617
2025-01-04 08:45:00,0.781874
2025-01-04 08:50:00,0.781919
2025-01-04 08:55:00,0.778692
2025-01-04 09:00:00,1.162422
2025-01-04 09:05:00,1.162665
2025-01-04 09:10:00,1.153949
2025-01-04 09:15:00,1.157213
2025-01-04 09:20:00,1.164713
2025-01-04 09:25:00,1.146901
2025-01-04 09:30:00,1.148384
2025-01-04 09:35:00,1.170136
2025-01-04 09:40:00,1.168504
2025-01-04 09:45:00,1.168082
2025-01-04 09:50:00,1.156362
2025-01-04 09:55:00,1.158012
2025-01-04 10:00:00,1.168041
2025-01-04 10:05:00,1.171616
2025-01-04 10:10:00,1.16737
2025-01-04 10:15:00,1.166106
2025-01-04 10:20:00,1.173613
2025-01-04 10:25:00,1.15734
2025-01-04 10:30:00,1.159611
2025-01-04 10:35:00,1.168274
2025-01-04 10:40:00,1.166626
2025-01-04 10:45:00,1.161577
2025-01-04 10:50:00,1.170778
2025-01-04 10:55:00,1.157276
2025-01-04 11:00:00,1.153052
2025-01-04 11:05:00,1.164678
2025-01-04 11:10:00,1.173852
2025-01-04 11:15:00,1.169086
2025-01-04 11:20:00,1.166718
2025-01-04 11:25:00,1.169289
2025-01-04 11:30:00,1.167766
2025-01-04 11:35:00,1.166228
2025-01-04 11:40:00,1.157947
2025-01-04 11:45:00,1.174662
2025-01-04 11:50:00,1.166971
2025-01-04 11:55:00,1.161035
2025-01-04 12:00:00,0.780094
2025-01-04 12:05:00,0.777373
2025-01-04 12:10:00,0.78489
2025-01-04 12:15:00,0.776157
2025-01-04 12:20:00,0.783608
2025-01-04 12:25:00,0.765577
2025-01-04 12:30:00,0.76751
2025-01-04 12:35:00,0.786736
2025-01-04 12:40:00,0.774292
2025-01-04 12:45:00,0.77133
2025-01-04 12:50:00,0.775409
2025-01-04 12:55:00,0.782649
2025-01-04 13:00:00,0.786991
2025-01-04 13:05:00,0.785227
2025-01-04 13:10:00,0.785879
2025-01-04 13:15:00,0.772769
2025-01-04 13:20:00,0.778987
2025-01-04 13:25:00,0.773608
2025-01-04 13:30:00,0.777612
2025-01-04 13:35:00,0.778705
2025-01-04 13:40:00,0.774702
2025-01-04 13:45:00,0.773541
2025-01-04 13:50:00,0.768819
2025-01-04 13:55:00,0.781511
2025-01-04 14:00:00,0.77092
2025-01-04 14:05:00,0.793
2025-01-04 14:10:00,0.778027
2025-01-04 14:15:00,0.782561
2025-01-04 14:20:00,0.794082
2025-01-04 14:25:00,0.780282
2025-01-04 14:30:00,0.784481
2025-01-04 14:35:00,0.78157
2025-01-04 14:40:00,0.797205
2025-01-04 14:45:00,0.765514
2025-01-04 14:50:00,0.761256
2025-01-04 14:55:00,0.79132
2025-01-04 15:00:00,0.777903
2025-01-04 15:05:00,0.776099
2025-01-04 15:10:00,0.781069
2025-01-04 15:15:00,0.775759
2025-01-04 15:20:00,0.773707
2025-01-04 15:25:00,0.760069
2025-01-04 15:30:00,0.782146
2025-01-04 15:35:00,0.787633
2025-01-04 15:40:00,0.761226
2025-01-04 15:45:00,0.771961
2025-01-04 15:50:00,0.778331
2025-01-04 15:55:00,0.780869
2025-01-04 16:00:00,0.764979
2025-01-04 16:05:00,0.772509
2025-01-04 16:10:00,0.767624
2025-01-04 16:15:00,0.785605
2025-01-04 16:20:00,0.776534
2025-01-04 16:25:00,0.797044
2025-01-04 16:30:00,0.776206
2025-01-04 16:35:00,0.767934
2025-01-04 16:40:00,0.789091
2025-01-04 16:45:00,0.786287
2025-01-04 16:50:00,0.78156
2025-01-04 16:55:00,0.768029
2025-01-04 17:00:00,0.774912
2025-01-04 17:05:00,0.770481
2025-01-04 17:10:00,0.783013
2025-01-04 17:15:00,0.765042
2025-01-04 17:20:00,0.781627
2025-01-04 17:25:00,0.780241
2025-01-04 17:30:00,0.781012
2025-01-04 17:35:00,0.778283
2025-01-04 17:40:00,0.783977
2025-01-04 17:45:00,0.782077
2025-01-04 17:50:00,0.797302
2025-01-04 17:55:00,0.783531
2025-01-04 18:00:00,1.173888
2025-01-04 18:05:00,1.166838
2025-01-04 18:10:00,1.157385
2025-01-04 18:15:00,1.165538
2025-01-04 18:20:00,1.169283
2025-01-04 18:25:00,1.145142
2025-01-04 18:30:00,1.156521
2025-01-04 18:35:00,1.166437
2025-01-04 18:40:00,1.160128
2025-01-04 18:45:00,1.152048
2025-01-04 18:50:00,1.152738
2025-01-04 18:55:00,1.163644
2025-01-04 19:00:00,1.161365
2025-01-04 19:05:00,1.164161
2025-01-04 19:10:00,1.167459
2025-01-04 19:15:00,1.150809
2025-01-04 19:20:00,1.181872
2025-01-04 19:25:00,1.147043
2025-01-04 19:30:00,1.166455
2025-01-04 19:35:00,1.151917
2025-01-04 19:40:00,1.17042
2025-01-04 19:45:00,1.168643
2025-01-04 19:50:00,1.16243
2025-01-04 19:55:00,1.161113
2025-01-04 20:00:00,1.161664
2025-01-04 20:05:00,1.170034
2025-01-04 20:10:00,1.150316
2025-01-04 20:15:00,1.1676
2025-01-04 20:20:00,1.153164
2025-01-04 20:25:00,1.148266
2025-01-04 20:30:00,1.172774
2025-01-04 20:35:00,1.163864
2025-01-04 20:40:00,1.162266
2025-01-04 20:45:00,1.138991
2025-01-04 20:50:00,1.165162
2025-01-04 20:55:00,1.172997
2025-01-04 21:00:00,0.792567
2025-01-04 21:05:00,0.782404
2025-01-04 21:10:00,0.780828
2025-01-04 21:15:00,0.78227
2025-01-04 21:20:00,0.745679
2025-01-04 21:25:00,0.788361
2025-01-04 21:30:00,0.756483
2025-01-04 21:35:00,0.77272
2025-01-04 21:40:00,0.777005
2025-01-04 21:45:00,0.782172
2025-01-04 21:50:00,0.772705
2025-01-04 21:55:00,0.783325
2025-01-04 22:00:00,0.770671
2025-01-04 22:05:00,0.778592
2025-01-04 22:10:00,0.766849
2025-01-04 22:15:00,0.779771
2025-01-04 22:20:00,0.765486
2025-01-04 22:25:00,0.791113
2025-01-04 22:30:00,0.784016
2025-01-04 22:35:00,0.76007
2025-01-04 22:40:00,0.777705
2025-01-04 22:45:00,0.766188
2025-01-04 22:50:00,0.781128
2025-01-04 22:55:00,0.77036
2025-01-04 23:00:00,0.766535
2025-01-04 23:05:00,0.770697
2025-01-04 23:10:00,0.774163
2025-01-04 23:15:00,0.772405
2025-01-04 23:20:00,0.775401
2025-01-04 23:25:00,0.770779
2025-01-04 23:30:00,0.786771
2025-01-04 23:35:00,0.778908
2025-01-04 23:40:00,0.77865
2025-01-04 23:45:00,0.781934
2025-01-04 23:50:00,0.773784
2025-01-04 23:55:00,0.763911
2025-01-05 00:00:00,0.571059
2025-01-05 00:05:00,0.582347
2025-01-05 00:10:00,0.583278
2025-01-05 00:15:00,0.564387
2025-01-05 00:20:00,0.575096
2025-01-05 00:25:00,0.575372
2025-01-05 00:30:00,0.605538
2025-01-05 00:35:00,0.598912
2025-01-05 00:40:00,0.572202
2025-01-05 00:45:00,0.575564
2025-01-05 00:50:00,0.585121
2025-01-05 00:55:00,0.584432
2025-01-05 01:00:00,0.587967
2025-01-05 01:05:00,0.582519
2025-01-05 01:10:00,0.57115
2025-01-05 01:15:00,0.589217
2025-01-05 01:20:00,0.579608
2025-01-05 01:25:00,0.567087
2025-01-05 01:30:00,0.589688
2025-01-05 01:35:00,0.573533
2025-01-05 01:40:00,0.563716
2025-01-05 01:45:00,0.5918
2025-01-05 01:50:00,0.577394
2025-01-05 01:55:00,0.599303
2025-01-05 02:00:00,0.582717
2025-01-05 02:05:00,0.588232
2025-01-05 02:10:00,0.587595
2025-01-05 02:15:00,0.578666
2025-01-05 02:20:00,0.572586
2025-01-05 02:25:00,0.584202
2025-01-05 02:30:00,0.56783
2025-01-05 02:35:00,0.57191
2025-01-05 02:40:00,0.588789
2025-01-05 02:45:00,0.585933
2025-01-05 02:50:00,0.590712
2025-01-05 02:55:00,0.58615
2025-01-05 03:00:00,0.579327
2025-01-05 03:05:00,0.564567
2025-01-05 03:10:00,0.576914
2025-01-05 03:15:00,0.586226
2025-01-05 03:20:00,0.585763
2025-01-05 03:25:00,0.597832
2025-01-05 03:30:00,0.589484
2025-01-05 03:35:00,0.573251
2025-01-05 03:40:00,0.569836
2025-01-05 03:45:00,0.595688
2025-01-05 03:50:00,0.567394
2025-01-05 03:55:00,0.582676
2025-01-05 04:00:00,0.582889
2025-01-05 04:05:00,0.581273
2025-01-05 04:10:00,0.587921
2025-01-05 04:15:00,0.58636
2025-01-05 04:20:00,0.591145
2025-01-05 04:25:00,0.593388
2025-01-05 04:30:00,0.566587
2025-01-05 04:35:00,0.577118
2025-01-05 04:40:00,0.59662
2025-01-05 04:45:00,0.596436
2025-01-05 04:50:00,0.579564
2025-01-05 04:55:00,0.576938
2025-01-05 05:00:00,0.579968
2025-01-05 05:05:00,0.586414
2025-01-05 05:10:00,0.579328
2025-01-05 05:15:00,0.596583
2025-01-05 05:20:00,0.580418
2025-01-05 05:25:00,0.586935
2025-01-05 05:30:00,0.567905
2025-01-05 05:35:00,0.586404
2025-01-05 05:40:00,0.596026
2025-01-05 05:45:00,0.586406
2025-01-05 05:50:00,0.574062
2025-01-05 05:55:00,0.583606
2025-01-05 06:00:00,0.799779
2025-01-05 06:05:00,0.793215
2025-01-05 06:10:00,0.77522
2025-01-05 06:15:00,0.78946
2025-01-05 06:20:00,0.782575
2025-01-05 06:25:00,0.774245
2025-01-05 06:30:00,0.777764
2025-01-05 06:35:00,0.779839
2025-01-05 06:40:00,0.784677
2025-01-05 06:45:00,0.767426
2025-01-05 06:50:00,0.785337
2025-01-05 06:55:00,0.788559
2025-01-05 07:00:00,0.784469
2025-01-05 07:05:00,0.786199
2025-01-05 07:10:00,0.779101
2025-01-05 07:15:00,0.785709
2025-01-05 07:20:00,0.772066
2025-01-05 07:25:00,0.752849
2025-01-05 07:30:00,0.776678
2025-01-05 07:35:00,0.772056
2025-01-05 07:40:00,0.767492
2025-01-05 07:45:00,0.774716
2025-01-05 07:50:00,0.780765
2025-01-05 07:55:00,0.77704
2025-01-05 08:00:00,0.790777
2025-01-05 08:05:00,0.793663
2025-01-05 08:10:00,0.76445
2025-01-05 08:15:00,0.782693
2025-01-05 08:20:00,0.778277
2025-01-05 08:25:00,0.776879
2025-01-05 08:30:00,0.781632
2025-01-05 08:35:00,0.783292
2025-01-05 08:40:00,0.782701
2025-01-05 08:45:00,0.784847
2025-01-05 08:50:00,0.772134
2025-01-05 08:55:00,0.771809
2025-01-05 09:00:00,1.169524
2025-01-05 09:05:00,1.169875
2025-01-05 09:10:00,1.164735
2025-01-05 09:15:00,1.148054
2025-01-05 09:20:00,1.179343
2025-01-05 09:25:00,1.181029
2025-01-05 09:30:00,1.161458
2025-01-05 09:35:00,1.172939
2025-01-05 09:40:00,1.17243
2025-01-05 09:45:00,1.167107
2025-01-05 09:50:00,1.180953
2025-01-05 09:55:00,1.165289
2025-01-05 10:00:00,1.163106
2025-01-05 10:05:00,1.169267
2025-01-05 10:10:00,1.173878
2025-01-05 10:15:00,1.147629
2025-01-05 10:20:00,1.169828
2025-01-05 10:25:00,1.174701
2025-01-05 10:30:00,1.156359
2025-01-05 10:35:00,1.163703
2025-01-05 10:40:00,1.147438
2025-01-05 10:45:00,1.160619
2025-01-05 10:50:00,1.17301
2025-01-05 10:55:00,1.152419
2025-01-05 11:00:00,1.145467
2025-01-05 11:05:00,1.171052
2025-01-05 11:10:00,1.182012
2025-01-05 11:15:00,1.179666
2025-01-05 11:20:00,1.167257
2025-01-05 11:25:00,1.146573
2025-01-05 11:30:00,1.167243
2025-01-05 11:35:00,1.158627
2025-01-05 11:40:00,1.168653
2025-01-05 11:45:00,1.160292
2025-01-05 11:50:00,1.159046
2025-01-05 11:55:00,1.163987
2025-01-05 12:00:00,0.768973
2025-01-05 12:05:00,0.773505
2025-01-05 12:10:00,0.775614
2025-01-05 12:15:00,0.784805
2025-01-05 12:20:00,0.790996
2025-01-05 12:25:00,0.768451
2025-01-05 12:30:00,0.763471
2025-01-05 12:35:00,0.788346
2025-01-05 12:40:00,0.764966
2025-01-05 12:45:00,0.768976
2025-01-05 12:50:00,0.788706
2025-01-05 12:55:00,0.783871
2025-01-05 13:00:00,0.776844
2025-01-05 13:05:00,0.778044
2025-01-05 13:10:00,0.769583
2025-01-05 13:15:00,0.788899
2025-01-05 13:20:00,0.797934
2025-01-05 13:25:00,0.78007
2025-01-05 13:30:00,0.779496
2025-01-05 13:35:00,0.785922
2025-01-05 13:40:00,0.789613
2025-01-05 13:45:00,0.760883
2025-01-05 13:50:00,0.773792
2025-01-05 13:55:00,0.776183
2025-01-05 14:00:00,0.776236
2025-01-05 14:05:00,0.783978
2025-01-05 14:10:00,0.777191
2025-01-05 14:15:00,0.782066
2025-01-05 14:20:00,0.778477
2025-01-05 14:25:00,0.781038
2025-01-05 14:30:00,0.760654
2025-01-05 14:35:00,0.779878
2025-01-05 14:40:00,0.767449
2025-01-05 14:45:00,0.78039
2025-01-05 14:50:00,0.783055
2025-01-05 14:55:00,0.777052
2025-01-05 15:00:00,0.780892
2025-01-05 15:05:00,0.786847
2025-01-05 15:10:00,0.793018
2025-01-05 15:15:00,0.761637
2025-01-05 15:20:00,0.760691
2025-01-05 15:25:00,0.790078
2025-01-05 15:30:00,0.773961
2025-01-05 15:35:00,0.768655
2025-01-05 15:40:00,0.776202
2025-01-05 15:45:00,0.769643
2025-01-05 15:50:00,0.781148
2025-01-05 15:55:00,0.782124
2025-01-05 16:00:00,0.792763
2025-01-05 16:05:00,0.773012
2025-01-05 16:10:00,0.790078
2025-01-05 16:15:00,0.785655
2025-01-05 16:20:00,0.775022
2025-01-05 16:25:00,0.785416
2025-01-05 16:30:00,0.781154
2025-01-05 16:35:00,0.792279
2025-01-05 16:40:00,0.768252
2025-01-05 16:45:00,0.771803
2025-01-05 16:50:00,0.778419
2025-01-05 16:55:00,0.777194
2025-01-05 17:00:00,0.792309
2025-01-05 17:05:00,0.762042
2025-01-05 17:10:00,0.770406
2025-01-05 17:15:00,0.780678
2025-01-05 17:20:00,0.773775
2025-01-05 17:25:00,0.774618
2025-01-05 17:30:00,0.776824
2025-01-05 17:35:00,0.794811
2025-01-05 17:40:00,0.7596
2025-01-05 17:45:00,0.768917
2025-01-05 17:50:00,0.779125
2025-01-05 17:55:00,0.785844
2025-01-05 18:00:00,1.174769
2025-01-05 18:05:00,1.162277
2025-01-05 18:10:00,1.17486
2025-01-05 18:15:00,1.158384
2025-01-05 18:20:00,1.15955
2025-01-05 18:25:00,1.167049
2025-01-05 18:30:00,1.169564
2025-01-05 18:35:00,1.171373
2025-01-05 18:40:00,1.161147
2025-01-05 18:45:00,1.147772
2025-01-05 18:50:00,1.155248
2025-01-05 18:55:00,1.148138
2025-01-05 19:00:00,1.169122
2025-01-05 19:05:00,1.165416
2025-01-05 19:10:00,1.154739
2025-01-05 19:15:00,1.15604
2025-01-05 19:20:00,1.155689
2025-01-05 19:25:00,1.166053
2025-01-05 19:30:00,1.167662
2025-01-05 19:35:00,1.166351
2025-01-05 19:40:00,1.16006
2025-01-05 19:45:00,1.157558
2025-01-05 19:50:00,1.175469
2025-01-05 19:55:00,1.157121
2025-01-05 20:00:00,1.166683
2025-01-05 20:05:00,1.171593
2025-01-05 20:10:00,1.167725
2025-01-05 20:15:00,1.172681
2025-01-05 20:20:00,1.16222
2025-01-05 20:25:00,1.142489
2025-01-05 20:30:00,1.162926
2025-01-05 20:35:00,1.170096
2025-01-05 20:40:00,1.180708
2025-01-05 20:45:00,1.166354
2025-01-05 20:50:00,1.164694
2025-01-05 20:55:00,1.171637
2025-01-05 21:00:00,0.767877
2025-01-05 21:05:00,0.757443
2025-01-05 21:10:00,0.771851
2025-01-05 21:15:00,0.780644
2025-01-05 21:20:00,0.773471
2025-01-05 21:25:00,0.77526
2025-01-05 21:30:00,0.76567
2025-01-05 21:35:00,0.790261
2025-01-05 21:40:00,0.794051
2025-01-05 21:45:00,0.773141
2025-01-05 21:50:00,0.76591
2025-01-05 21:55:00,0.758769
2025-01-05 22:00:00,0.769425
2025-01-05 22:05:00,0.785133
2025-01-05 22:10:00,0.765324
2025-01-05 22:15:00,0.776123
2025-01-05 22:20:00,0.78359
2025-01-05 22:25:00,0.773504
2025-01-05 22:30:00,0.763121
2025-01-05 22:35:00,0.775097
2025-01-05 22:40:00,0.785597
2025-01-05 22:45:00,0.772666
2025-01-05 22:50:00,0.77731
2025-01-05 22:55:00,0.769122
2025-01-05 23:00:00,0.77652
2025-01-05 23:05:00,0.774116
2025-01-05 23:10:00,0.786692
2025-01-05 23:15:00,0.752263
2025-01-05 23:20:00,0.771416
2025-01-05 23:25:00,0.777297
2025-01-05 23:30:00,0.776948
2025-01-05 23:35:00,0.771885
2025-01-05 23:40:00,0.769473
2025-01-05 23:45:00,0.794379
2025-01-05 23:50:00,0.769169
2025-01-05 23:55:00,0.772133
2025-01-06 00:00:00,0.60579
2025-01-06 00:05:00,0.599841
2025-01-06 00:10:00,0.607988
2025-01-06 00:15:00,0.593045
2025-01-06 00:20:00,0.592977
2025-01-06 00:25:00,0.597106
2025-01-06 00:30:00,0.600941
2025-01-06 00:35:00,0.590387
2025-01-06 00:40:00,0.614987
2025-01-06 00:45:00,0.592409
2025-01-06 00:50:00,0.594003
2025-01-06 00:55:00,0.600553
2025-01-06 01:00:00,0.605333
2025-01-06 01:05:00,0.608359
2025-01-06 01:10:00,0.588626
2025-01-06 01:15:00,0.594191
2025-01-06 01:20:00,0.595097
2025-01-06 01:25:00,0.594011
2025-01-06 01:30:00,0.622384
2025-01-06 01:35:00,0.58531
2025-01-06 01:40:00,0.604171
2025-01-06 01:45:00,0.59019
2025-01-06 01:50:00,0.609599
2025-01-06 01:55:00,0.595599
2025-01-06 02:00:00,0.597293
2025-01-06 02:05:00,0.6041
2025-01-06 02:10:00,0.593581
2025-01-06 02:15:00,0.605424
2025-01-06 02:20:00,0.607879
2025-01-06 02:25:00,0.604311
2025-01-06 02:30:00,0.61694
2025-01-06 02:35:00,0.597045
2025-01-06 02:40:00,0.610036
2025-01-06 02:45:00,0.59402
2025-01-06 02:50:00,0.6019
2025-01-06 02:55:00,0.612849
2025-01-06 03:00:00,0.603345
2025-01-06 03:05:00,0.611058
2025-01-06 03:10:00,0.606351
2025-01-06 03:15:00,0.611994
2025-01-06 03:20:00,0.597576
2025-01-06 03:25:00,0.610187
2025-01-06 03:30:00,0.620067
2025-01-06 03:35:00,0.597037
2025-01-06 03:40:00,0.602065
2025-01-06 03:45:00,0.594066
2025-01-06 03:50:00,0.587475
2025-01-06 03:55:00,0.609649
2025-01-06 04:00:00,0.604203
2025-01-06 04:05:00,0.604718
2025-01-06 04:10:00,0.596388
2025-01-06 04:15:00,0.614673
2025-01-06 04:20:00,0.597469
2025-01-06 04:25:00,0.609561
2025-01-06 04:30:00,0.588005
2025-01-06 04:35:00,0.594108
2025-01-06 04:40:00,0.602336
2025-01-06 04:45:00,0.592879
2025-01-06 04:50:00,0.60437
2025-01-06 04:55:00,0.613142
2025-01-06 05:00:00,0.606168
2025-01-06 05:05:00,0.616728
2025-01-06 05:10:00,0.601766
2025-01-06 05:15:00,0.600199
2025-01-06 05:20:00,0.610488
2025-01-06 05:25:00,0.597433
2025-01-06 05:30:00,0.585229
2025-01-06 05:35:00,0.607598
2025-01-06 05:40:00,0.605333
2025-01-06 05:45:00,0.618411
2025-01-06 05:50:00,0.59028
2025-01-06 05:55:00,0.599644
2025-01-06 06:00:00,0.821973
2025-01-06 06:05:00,0.805595
2025-01-06 06:10:00,0.801679
2025-01-06 06:15:00,0.819211
2025-01-06 06:20:00,0.808527
2025-01-06 06:25:00,0.794553
2025-01-06 06:30:00,0.786044
2025-01-06 06:35:00,0.792167
2025-01-06 06:40:00,0.81382
2025-01-06 06:45:00,0.785918
2025-01-06 06:50:00,0.787509
2025-01-06 06:55:00,0.780992
2025-01-06 07:00:00,0.791913
2025-01-06 07:05:00,0.786987
2025-01-06 07:10:00,0.796723
2025-01-06 07:15:00,0.80849
2025-01-06 07:20:00,0.800504
2025-01-06 07:25:00,0.789372
2025-01-06 07:30:00,0.784277
2025-01-06 07:35:00,0.813629
2025-01-06 07:40:00,0.795111
2025-01-06 07:45:00,0.804044
2025-01-06 07:50:00,0.820977
2025-01-06 07:55:00,0.811206
2025-01-06 08:00:00,0.806351
2025-01-06 08:05:00,0.811671
2025-01-06 08:10:00,0.831693
2025-01-06 08:15:00,0.812209
2025-01-06 08:20:00,0.828414
2025-01-06 08:25:00,0.79817
2025-01-06 08:30:00,0.811578
2025-01-06 08:35:00,0.82125
2025-01-06 08:40:00,0.805113
2025-01-06 08:45:00,0.792492
2025-01-06 08:50:00,0.794834
2025-01-06 08:55:00,0.804431
2025-01-06 09:00:00,1.206583
2025-01-06 09:05:00,1.208929
2025-01-06 09:10:00,1.192059
2025-01-06 09:15:00,1.189384
2025-01-06 09:20:00,1.213538
2025-01-06 09:25:00,1.197611
2025-01-06 09:30:00,1.19503
2025-01-06 09:35:00,1.221369
2025-01-06 09:40:00,1.194704
2025-01-06 09:45:00,1.210845
2025-01-06 09:50:00,1.188371
2025-01-06 09:55:00,1.201358
2025-01-06 10:00:00,1.203112
2025-01-06 10:05:00,1.199015
2025-01-06 10:10:00,1.198197
2025-01-06 10:15:00,1.197039
2025-01-06 10:20:00,1.205512
2025-01-06 10:25:00,1.206044
2025-01-06 10:30:00,1.200538
2025-01-06 10:35:00,1.186659
2025-01-06 10:40:00,1.212218
2025-01-06 10:45:00,1.199238
2025-01-06 10:50:00,1.198892
2025-01-06 10:55:00,1.207398
2025-01-06 11:00:00,1.198725
2025-01-06 11:05:00,1.195944
2025-01-06 11:10:00,1.21186
2025-01-06 11:15:00,1.204036
2025-01-06 11:20:00,1.20595
2025-01-06 11:25:00,1.198158
2025-01-06 11:30:00,1.203614
2025-01-06 11:35:00,1.199812
2025-01-06 11:40:00,1.182192
2025-01-06 11:45:00,1.206021
2025-01-06 11:50:00,1.180217
2025-01-06 11:55:00,1.195047
2025-01-06 12:00:00,0.793825
2025-01-06 12:05:00,0.803471
2025-01-06 12:10:00,0.788061
2025-01-06 12:15:00,0.800938
2025-01-06 12:20:00,0.809453
2025-01-06 12:25:00,0.79738
2025-01-06 12:30:00,0.791882
2025-01-06 12:35:00,0.822031
2025-01-06 12:40:00,0.798321
2025-01-06 12:45:00,0.791535
2025-01-06 12:50:00,0.803039
2025-01-06 12:55:00,0.78291
2025-01-06 13:00:00,0.806194
2025-01-06 13:05:00,0.80707
2025-01-06 13:10:00,0.799883
2025-01-06 13:15:00,0.794219
2025-01-06 13:20:00,0.815348
2025-01-06 13:25:00,0.800042
2025-01-06 13:30:00,0.810014
2025-01-06 13:35:00,0.813221
2025-01-06 13:40:00,0.778717
2025-01-06 13:45:00,0.776515
2025-01-06 13:50:00,0.822076
2025-01-06 13:55:00,0.813822
2025-01-06 14:00:00,0.795445
2025-01-06 14:05:00,0.796458
2025-01-06 14:10:00,0.792877
2025-01-06 14:15:00,0.81003
2025-01-06 14:20:00,0.806936
2025-01-06 14:25:00,0.807473
2025-01-06 14:30:00,0.796087
2025-01-06 14:35:00,0.785879
2025-01-06 14:40:00,0.809826
2025-01-06 14:45:00,0.816747
2025-01-06 14:50:00,0.801729
2025-01-06 14:55:00,0.809114
2025-01-06 15:00:00,0.797138
2025-01-06 15:05:00,0.78207
2025-01-06 15:10:00,0.813922
2025-01-06 15:15:00,0.79161
2025-01-06 15:20:00,0.796355
2025-01-06 15:25:00,0.817591
2025-01-06 15:30:00,0.807789
2025-01-06 15:35:00,0.77933
2025-01-06 15:40:00,0.806129
2025-01-06 15:45:00,0.805245
2025-01-06 15:50:00,0.797725
2025-01-06 15:55:00,0.798283
2025-01-06 16:00:00,0.815122
2025-01-06 16:05:00,0.794434
2025-01-06 16:10:00,0.794243
2025-01-06 16:15:00,0.800684
2025-01-06 16:20:00,0.806791
2025-01-06 16:25:00,0.79739
2025-01-06 16:30:00,0.813112
2025-01-06 16:35:00,0.815656
2025-01-06 16:40:00,0.802202
2025-01-06 16:45:00,0.80233
2025-01-06 16:50:00,0.816099
2025-01-06 16:55:00,0.79892
2025-01-06 17:00:00,0.795914
2025-01-06 17:05:00,0.808191
2025-01-06 17:10:00,0.784553
2025-01-06 17:15:00,0.799398
2025-01-06 17:20:00,0.800874
2025-01-06 17:25:00,0.807052
2025-01-06 17:30:00,0.799763
2025-01-06 17:35:00,0.806279
2025-01-06 17:40:00,0.793332
2025-01-06 17:45:00,0.808023
2025-01-06 17:50:00,0.812358
2025-01-06 17:55:00,0.804807
2025-01-06 18:00:00,1.198535
2025-01-06 18:05:00,1.186487
2025-01-06 18:10:00,1.208333
2025-01-06 18:15:00,1.200689
2025-01-06 18:20:00,1.198229
2025-01-06 18:25:00,1.191456
2025-01-06 18:30:00,1.192994
2025-01-06 18:35:00,1.207381
2025-01-06 18:40:00,1.199754
2025-01-06 18:45:00,1.209267
2025-01-06 18:50:00,1.199021
2025-01-06 18:55:00,1.188251
2025-01-06 19:00:00,1.192851
2025-01-06 19:05:00,1.209565
2025-01-06 19:10:00,1.18514
2025-01-06 19:15:00,1.219403
2025-01-06 19:20:00,1.191504
2025-01-06 19:25:00,1.184704
2025-01-06 19:30:00,1.208368
2025-01-06 19:35:00,1.180305
2025-01-06 19:40:00,1.212495
2025-01-06 19:45:00,1.202989
2025-01-06 19:50:00,1.203577
2025-01-06 19:55:00,1.195904
2025-01-06 20:00:00,1.195505
2025-01-06 20:05:00,1.194422
2025-01-06 20:10:00,1.190822
2025-01-06 20:15:00,1.194819
2025-01-06 20:20:00,1.2142
2025-01-06 20:25:00,1.204258
2025-01-06 20:30:00,1.212823
2025-01-06 20:35:00,1.196016
2025-01-06 20:40:00,1.177759
2025-01-06 20:45:00,1.197854
2025-01-06 20:50:00,1.204934
2025-01-06 20:55:00,1.205206
2025-01-06 21:00:00,0.823316
2025-01-06 21:05:00,0.783407
2025-01-06 21:10:00,0.783541
2025-01-06 21:15:00,0.80616
2025-01-06 21:20:00,0.789023
2025-01-06 21:25:00,0.800717
2025-01-06 21:30:00,0.804337
2025-01-06 21:35:00,0.804188
2025-01-06 21:40:00,0.784834
2025-01-06 21:45:00,0.806896
2025-01-06 21:50:00,0.782623
2025-01-06 21:55:00,0.817926
2025-01-06 22:00:00,0.808861
2025-01-06 22:05:00,0.798333
2025-01-06 22:10:00,0.791949
2025-01-06 22:15:00,0.789979
2025-01-06 22:20:00,0.799863
2025-01-06 22:25:00,0.802122
2025-01-06 22:30:00,0.785586
2025-01-06 22:35:00,0.80237
2025-01-06 22:40:00,0.803174
2025-01-06 22:45:00,0.793998
2025-01-06 22:50:00,0.799198
2025-01-06 22:55:00,0.792613
2025-01-06 23:00:00,0.807076
2025-01-06 23:05:00,0.789734
2025-01-06 23:10:00,0.79234
2025-01-06 23:15:00,0.803857
2025-01-06 23:20:00,0.805771
2025-01-06 23:25:00,0.793143
2025-01-06 23:30:00,0.784817
2025-01-06 23:35:00,0.792813
2025-01-06 23:40:00,0.802672
2025-01-06 23:45:00,0.787768
2025-01-06 23:50:00,0.798339
2025-01-06 23:55:00,0.80558
2025-01-07 00:00:00,0.574254
2025-01-07 00:05:00,0.616265
2025-01-07 00:10:00,0.608173
2025-01-07 00:15:00,0.608736
2025-01-07 00:20:00,0.59189
2025-01-07 00:25:00,0.59273
2025-01-07 00:30:00,0.612039
2025-01-07 00:35:00,0.60932
2025-01-07 00:40:00,0.594589
2025-01-07 00:45:00,0.613588
2025-01-07 00:50:00,0.588007
2025-01-07 00:55:00,0.594798
2025-01-07 01:00:00,0.60769
2025-01-07 01:05:00,0.609782
2025-01-07 01:10:00,0.597977
2025-01-07 01:15:00,0.584818
2025-01-07 01:20:00,0.595703
2025-01-07 01:25:00,0.601013
2025-01-07 01:30:00,0.610669
2025-01-07 01:35:00,0.612373
2025-01-07 01:40:00,0.60916
2025-01-07 01:45:00,0.604986
2025-01-07 01:50:00,0.589252
2025-01-07 01:55:00,0.586151
2025-01-07 02:00:00,0.596566
2025-01-07 02:05:00,0.60921
2025-01-07 02:10:00,0.592608
2025-01-07 02:15:00,0.602905
2025-01-07 02:20:00,0.604148
2025-01-07 02:25:00,0.610652
2025-01-07 02:30:00,0.590377
2025-01-07 02:35:00,0.603766
2025-01-07 02:40:00,0.589791
2025-01-07 02:45:00,0.610962
2025-01-07 02:50:00,0.607192
2025-01-07 02:55:00,0.603003
2025-01-07 03:00:00,0.604275
2025-01-07 03:05:00,0.609513
2025-01-07 03:10:00,0.615875
2025-01-07 03:15:00,0.594732
2025-01-07 03:20:00,0.613162
2025-01-07 03:25:00,0.61577
2025-01-07 03:30:00,0.600499
2025-01-07 03:35:00,0.597844
2025-01-07 03:40:00,0.610594
2025-01-07 03:45:00,0.619276
2025-01-07 03:50:00,0.587196
2025-01-07 03:55:00,0.597815
2025-01-07 04:00:00,0.602774
2025-01-07 04:05:00,0.605129
2025-01-07 04:10:00,0.595361
2025-01-07 04:15:00,0.607533
2025-01-07 04:20:00,0.590841
2025-01-07 04:25:00,0.594596
2025-01-07 04:30:00,0.594143
2025-01-07 04:35:00,0.593066
2025-01-07 04:40:00,0.613878
2025-01-07 04:45:00,0.605417
2025-01-07 04:50:00,0.599667
2025-01-07 04:55:00,0.586332
2025-01-07 05:00:00,0.616126
2025-01-07 05:05:00,0.609429
2025-01-07 05:10:00,0.600491
2025-01-07 05:15:00,0.611471
2025-01-07 05:20:00,0.601251
2025-01-07 05:25:00,0.603517
2025-01-07 05:30:00,0.580877
2025-01-07 05:35:00,0.594403
2025-01-07 05:40:00,0.585473
2025-01-07 05:45:00,0.60109
2025-01-07 05:50:00,0.591942
2025-01-07 05:55:00,0.584232
2025-01-07 06:00:00,0.806579
2025-01-07 06:05:00,0.816217
2025-01-07 06:10:00,0.794026
2025-01-07 06:15:00,0.807112
2025-01-07 06:20:00,0.813622
2025-01-07 06:25:00,0.793839
2025-01-07 06:30:00,0.800969
2025-01-07 06:35:00,0.819572
2025-01-07 06:40:00,0.808869
2025-01-07 06:45:00,0.787745
2025-01-07 06:50:00,0.80914
2025-01-07 06:55:00,0.803402
2025-01-07 07:00:00,0.797312
2025-01-07 07:05:00,0.784121
2025-01-07 07:10:00,0.79471
2025-01-07 07:15:00,0.795217
2025-01-07 07:20:00,0.79166
2025-01-07 07:25:00,0.810982
2025-01-07 07:30:00,0.79933
2025-01-07 07:35:00,0.794762
2025-01-07 07:40:00,0.80648
2025-01-07 07:45:00,0.817835
2025-01-07 07:50:00,0.787646
2025-01-07 07:55:00,0.792926
2025-01-07 08:00:00,0.784358
2025-01-07 08:05:00,0.78957
2025-01-07 08:10:00,0.786237
2025-01-07 08:15:00,0.807668
2025-01-07 08:20:00,0.794431
2025-01-07 08:25:00,0.811445
2025-01-07 08:30:00,0.795671
2025-01-07 08:35:00,0.789114
2025-01-07 08:40:00,0.811386
2025-01-07 08:45:00,0.815816
2025-01-07 08:50:00,0.796856
2025-01-07 08:55:00,0.79127
2025-01-07 09:00:00,1.211797
2025-01-07 09:05:00,1.193821
2025-01-07 09:10:00,1.209929
2025-01-07 09:15:00,1.220633
2025-01-07 09:20:00,1.194612
2025-01-07 09:25:00,1.198655
2025-01-07 09:30:00,1.212122
2025-01-07 09:35:00,1.192339
2025-01-07 09:40:00,1.198911
2025-01-07 09:45:00,1.19631
2025-01-07 09:50:00,1.209279
2025-01-07 09:55:00,1.190299
2025-01-07 10:00:00,1.201835
2025-01-07 10:05:00,1.201323
2025-01-07 10:10:00,1.207135
2025-01-07 10:15:00,1.1857
2025-01-07 10:20:00,1.199576
2025-01-07 10:25:00,1.191835
2025-01-07 10:30:00,1.2025
2025-01-07 10:35:00,1.192641
2025-01-07 10:40:00,1.188089
2025-01-07 10:45:00,1.202169
2025-01-07 10:50:00,1.206279
2025-01-07 10:55:00,1.196376
2025-01-07 11:00:00,1.207829
2025-01-07 11:05:00,1.201872
2025-01-07 11:10:00,1.203224
2025-01-07 11:15:00,1.197974
2025-01-07 11:20:00,1.198394
2025-01-07 11:25:00,1.196496
2025-01-07 11:30:00,1.202368
2025-01-07 11:35:00,1.192149
2025-01-07 11:40:00,1.19542
2025-01-07 11:45:00,1.200415
2025-01-07 11:50:00,1.19817
2025-01-07 11:55:00,1.196358
2025-01-07 12:00:00,0.798103
2025-01-07 12:05:00,0.795877
2025-01-07 12:10:00,0.805454
2025-01-07 12:15:00,0.794156
2025-01-07 12:20:00,0.798827
2025-01-07 12:25:00,0.795204
2025-01-07 12:30:00,0.799114
2025-01-07 12:35:00,0.804899
2025-01-07 12:40:00,0.804335
2025-01-07 12:45:00,0.770054
2025-01-07 12:50:00,0.810605
2025-01-07 12:55:00,0.795148
2025-01-07 13:00:00,0.81123
2025-01-07 13:05:00,0.800405
2025-01-07 13:10:00,0.772757
2025-01-07 13:15:00,0.785508
2025-01-07 13:20:00,0.792603
2025-01-07 13:25:00,0.813768
2025-01-07 13:30:00,0.792069
2025-01-07 13:35:00,0.815226
2025-01-07 13:40:00,0.791578
2025-01-07 13:45:00,0.784489
2025-01-07 13:50:00,0.801913
2025-01-07 13:55:00,0.805403
2025-01-07 14:00:00,0.81454
2025-01-07 14:05:00,0.792828
2025-01-07 14:10:00,0.800323
2025-01-07 14:15:00,0.77654
2025-01-07 14:20:00,0.80488
2025-01-07 14:25:00,0.78868
2025-01-07 14:30:00,0.807797
2025-01-07 14:35:00,0.809272
2025-01-07 14:40:00,0.795778
2025-01-07 14:45:00,0.807544
2025-01-07 14:50:00,0.80296
2025-01-07 14:55:00,0.791945
2025-01-07 15:00:00,0.783701
2025-01-07 15:05:00,0.80586
2025-01-07 15:10:00,0.808212
2025-01-07 15:15:00,0.793405
2025-01-07 15:20:00,0.789274
2025-01-07 15:25:00,0.801084
2025-01-07 15:30:00,0.79835
2025-01-07 15:35:00,0.797077
2025-01-07 15:40:00,0.815015
2025-01-07 15:45:00,0.79354
2025-01-07 15:50:00,0.798496
2025-01-07 15:55:00,0.803059
2025-01-07 16:00:00,0.822117
2025-01-07 16:05:00,0.807953
2025-01-07 16:10:00,0.787393
2025-01-07 16:15:00,0.798501
2025-01-07 16:20:00,0.799365
2025-01-07 16:25:00,0.816038
2025-01-07 16:30:00,0.810575
2025-01-07 16:35:00,0.799329
2025-01-07 16:40:00,0.784999
2025-01-07 16:45:00,0.801559
2025-01-07 16:50:00,0.808986
2025-01-07 16:55:00,0.821667
2025-01-07 17:00:00,0.793878
2025-01-07 17:05:00,0.822362
2025-01-07 17:10:00,0.81406
2025-01-07 17:15:00,0.783804
2025-01-07 17:20:00,0.797888
2025-01-07 17:25:00,0.800819
2025-01-07 17:30:00,0.805967
2025-01-07 17:35:00,0.790705
2025-01-07 17:40:00,0.806356
2025-01-07 17:45:00,0.813166
2025-01-07 17:50:00,0.815405
2025-01-07 17:55:00,0.79548
2025-01-07 18:00:00,1.199828
2025-01-07 18:05:00,1.2114
2025-01-07 18:10:00,1.177014
2025-01-07 18:15:00,1.187296
2025-01-07 18:20:00,1.208585
2025-01-07 18:25:00,1.206276
2025-01-07 18:30:00,1.208856
2025-01-07 18:35:00,1.200403
2025-01-07 18:40:00,1.205736
2025-01-07 18:45:00,1.18493
2025-01-07 18:50:00,1.202186
2025-01-07 18:55:00,1.213309
2025-01-07 19:00:00,1.195828
2025-01-07 19:05:00,1.211526
2025-01-07 19:10:00,1.189557
2025-01-07 19:15:00,1.222785
2025-01-07 19:20:00,1.179308
2025-01-07 19:25:00,1.203348
2025-01-07 19:30:00,1.204616
2025-01-07 19:35:00,1.207067
2025-01-07 19:40:00,1.196692
2025-01-07 19:45:00,1.215936
2025-01-07 19:50:00,1.21626
2025-01-07 19:55:00,1.206817
2025-01-07 20:00:00,1.195402
2025-01-07 20:05:00,1.215967
2025-01-07 20:10:00,1.203221
2025-01-07 20:15:00,1.190672
2025-01-07 20:20:00,1.203392
2025-01-07 20:25:00,1.215953
2025-01-07 20:30:00,1.193384
2025-01-07 20:35:00,1.206056
2025-01-07 20:40:00,1.1936
2025-01-07 20:45:00,1.182459
2025-01-07 20:50:00,1.196619
2025-01-07 20:55:00,1.200654
2025-01-07 21:00:00,0.79941
2025-01-07 21:05:00,0.79927
2025-01-07 21:10:00,0.797488
2025-01-07 21:15:00,0.787733
2025-01-07 21:20:00,0.803526
2025-01-07 21:25:00,0.799765
2025-01-07 21:30:00,0.81081
2025-01-07 21:35:00,0.79689
2025-01-07 21:40:00,0.813924
2025-01-07 21:45:00,0.813494
2025-01-07 21:50:00,0.80123
2025-01-07 21:55:00,0.802965
2025-01-07 22:00:00,0.785738
2025-01-07 22:05:00,0.796904
2025-01-07 22:10:00,0.803988
2025-01-07 22:15:00,0.782786
2025-01-07 22:20:00,0.79978
2025-01-07 22:25:00,0.795508
2025-01-07 22:30:00,0.812758
2025-01-07 22:35:00,0.807423
2025-01-07 22:40:00,0.804848
2025-01-07 22:45:00,0.788384
2025-01-07 22:50:00,0.803603
2025-01-07 22:55:00,0.814419
2025-01-07 23:00:00,0.774616
2025-01-07 23:05:00,0.798562
2025-01-07 23:10:00,0.806016
2025-01-07 23:15:00,0.803169
2025-01-07 23:20:00,0.78583
2025-01-07 23:25:00,0.80584
2025-01-07 23:30:00,0.795476
2025-01-07 23:35:00,0.785821
2025-01-07 23:40:00,0.806409
2025-01-07 23:45:00,0.791004
2025-01-07 23:50:00,0.78243
2025-01-07 23:55:00,0.804203
2025-01-08 00:00:00,0.611568
2025-01-08 00:05:00,0.600809
2025-01-08 00:10:00,0.605258
2025-01-08 00:15:00,0.593388
2025-01-08 00:20:00,0.60439
2025-01-08 00:25:00,0.596302
2025-01-08 00:30:00,0.610483
2025-01-08 00:35:00,0.586156
2025-01-08 00:40:00,0.588443
2025-01-08 00:45:00,0.58845
2025-01-08 00:50:00,0.597241
2025-01-08 00:55:00,0.613379
2025-01-08 01:00:00,0.595262
2025-01-08 01:05:00,0.598779
2025-01-08 01:10:00,0.596186
2025-01-08 01:15:00,0.600381
2025-01-08 01:20:00,0.586949
2025-01-08 01:25:00,0.589139
2025-01-08 01:30:00,0.610051
2025-01-08 01:35:00,0.595888
2025-01-08 01:40:00,0.599354
2025-01-08 01:45:00,0.590576
2025-01-08 01:50:00,0.602225
2025-01-08 01:55:00,0.598813
2025-01-08 02:00:00,0.601409
2025-01-08 02:05:00,0.611344
2025-01-08 02:10:00,0.601802
2025-01-08 02:15:00,0.618954
2025-01-08 02:20:00,0.598668
2025-01-08 02:25:00,0.597737
2025-01-08 02:30:00,0.584793
2025-01-08 02:35:00,0.599952
2025-01-08 02:40:00,0.608001
2025-01-08 02:45:00,0.592936
2025-01-08 02:50:00,0.601575
2025-01-08 02:55:00,0.587616
2025-01-08 03:00:00,0.594694
2025-01-08 03:05:00,0.603684
2025-01-08 03:10:00,0.611374
2025-01-08 03:15:00,0.583698
2025-01-08 03:20:00,0.621886
2025-01-08 03:25:00,0.604151
2025-01-08 03:30:00,0.614627
2025-01-08 03:35:00,0.603227
2025-01-08 03:40:00,0.594465
2025-01-08 03:45:00,0.60148
2025-01-08 03:50:00,0.599006
2025-01-08 03:55:00,0.600882
2025-01-08 04:00:00,0.585759
2025-01-08 04:05:00,0.605047
2025-01-08 04:10:00,0.59096
2025-01-08 04:15:00,0.610629
2025-01-08 04:20:00,0.59886
2025-01-08 04:25:00,0.590666
2025-01-08 04:30:00,0.590825
2025-01-08 04:35:00,0.588929
2025-01-08 04:40:00,0.600769
2025-01-08 04:45:00,0.590157
2025-01-08 04:50:00,0.58896
2025-01-08 04:55:00,0.608313
2025-01-08 05:00:00,0.580675
2025-01-08 05:05:00,0.590499
2025-01-08 05:10:00,0.576444
2025-01-08 05:15:00,0.617807
2025-01-08 05:20:00,0.607765
2025-01-08 05:25:00,0.607648
2025-01-08 05:30:00,0.602056
2025-01-08 05:35:00,0.605684
2025-01-08 05:40:00,0.61609
2025-01-08 05:45:00,0.587131
2025-01-08 05:50:00,0.586428
2025-01-08 05:55:00,0.6038
2025-01-08 06:00:00,0.799338
2025-01-08 06:05:00,0.791477
2025-01-08 06:10:00,0.783842
2025-01-08 06:15:00,0.796137
2025-01-08 06:20:00,0.783804
2025-01-08 06:25:00,0.777269
2025-01-08 06:30:00,0.819769
2025-01-08 06:35:00,0.804095
2025-01-08 06:40:00,0.799775
2025-01-08 06:45:00,0.784312
2025-01-08 06:50:00,0.798727
2025-01-08 06:55:00,0.800801
2025-01-08 07:00:00,0.786171
2025-01-08 07:05:00,0.795846
2025-01-08 07:10:00,0.785229
2025-01-08 07:15:00,0.783999
2025-01-08 07:20:00,0.811465
2025-01-08 07:25:00,0.80964
2025-01-08 07:30:00,0.796608
2025-01-08 07:35:00,0.801536
2025-01-08 07:40:00,0.803791
2025-01-08 07:45:00,0.816007
2025-01-08 07:50:00,0.802057
2025-01-08 07:55:00,0.797832
2025-01-08 08:00:00,0.814392
2025-01-08 08:05:00,0.781485
2025-01-08 08:10:00,0.805022
2025-01-08 08:15:00,0.802054
2025-01-08 08:20:00,0.799925
2025-01-08 08:25:00,0.807912
2025-01-08 08:30:00,0.77818
2025-01-08 08:35:00,0.805667
2025-01-08 08:40:00,0.794001
2025-01-08 08:45:00,0.805975
2025-01-08 08:50:00,0.811614
2025-01-08 08:55:00,0.793181
2025-01-08 09:00:00,1.203646
2025-01-08 09:05:00,1.212465
2025-01-08 09:10:00,1.219977
2025-01-08 09:15:00,1.219633
2025-01-08 09:20:00,1.19908
2025-01-08 09:25:00,1.213436
2025-01-08 09:30:00,1.204423
2025-01-08 09:35:00,1.199299
2025-01-08 09:40:00,1.195246
2025-01-08 09:45:00,1.199187
2025-01-08 09:50:00,1.185028
2025-01-08 09:55:00,1.199179
2025-01-08 10:00:00,1.20731
2025-01-08 10:05:00,1.216344
2025-01-08 10:10:00,1.193214
2025-01-08 10:15:00,1.200901
2025-01-08 10:20:00,1.207898
2025-01-08 10:25:00,1.204725
2025-01-08 10:30:00,1.196391
2025-01-08 10:35:00,1.199894
2025-01-08 10:40:00,1.204119
2025-01-08 10:45:00,1.211907
2025-01-08 10:50:00,1.193798
2025-01-08 10:55:00,1.192279
2025-01-08 11:00:00,1.195315
2025-01-08 11:05:00,1.180755
2025-01-08 11:10:00,1.213823
2025-01-08 11:15:00,1.201487
2025-01-08 11:20:00,1.206504
2025-01-08 11:25:00,1.210065
2025-01-08 11:30:00,1.195623
2025-01-08 11:35:00,1.198941
2025-01-08 11:40:00,1.195768
2025-01-08 11:45:00,1.196423
2025-01-08 11:50:00,1.197165
2025-01-08 11:55:00,1.199926
2025-01-08 12:00:00,0.798883
2025-01-08 12:05:00,0.80012
2025-01-08 12:10:00,0.786618
2025-01-08 12:15:00,0.80382
2025-01-08 12:20:00,0.778759
2025-01-08 12:25:00,0.796381
2025-01-08 12:30:00,0.80202
2025-01-08 12:35:00,0.81145
2025-01-08 12:40:00,0.785432
2025-01-08 12:45:00,0.811705
2025-01-08 12:50:00,0.826805
2025-01-08 12:55:00,0.795035
2025-01-08 13:00:00,0.796553
2025-01-08 13:05:00,0.81498
2025-01-08 13:10:00,0.803692
2025-01-08 13:15:00,0.796657
2025-01-08 13:20:00,0.809582
2025-01-08 13:25:00,0.799339
2025-01-08 13:30:00,0.802667
2025-01-08 13:35:00,0.813775
2025-01-08 13:40:00,0.808149
2025-01-08 13:45:00,0.816544
2025-01-08 13:50:00,0.815956
2025-01-08 13:55:00,0.812232
2025-01-08 14:00:00,0.815236
2025-01-08 14:05:00,0.80898
2025-01-08 14:10:00,0.789723
2025-01-08 14:15:00,0.810696
2025-01-08 14:20:00,0.797504
2025-01-08 14:25:00,0.803466
2025-01-08 14:30:00,0.809009
2025-01-08 14:35:00,0.798577
2025-01-08 14:40:00,0.806162
2025-01-08 14:45:00,0.802661
2025-01-08 14:50:00,0.806545
2025-01-08 14:55:00,0.80144
2025-01-08 15:00:00,0.812964
2025-01-08 15:05:00,0.790609
2025-01-08 15:10:00,0.785704
2025-01-08 15:15:00,0.781316
2025-01-08 15:20:00,0.796642
2025-01-08 15:25:00,0.8133
2025-01-08 15:30:00,0.808831
2025-01-08 15:35:00,0.788327
2025-01-08 15:40:00,0.813725
2025-01-08 15:45:00,0.810692
2025-01-08 15:50:00,0.795525
2025-01-08 15:55:00,0.812779
2025-01-08 16:00:00,0.806264
2025-01-08 16:05:00,0.797289
2025-01-08 16:10:00,0.800096
2025-01-08 16:15:00,0.795774
2025-01-08 16:20:00,0.814789
2025-01-08 16:25:00,0.805261
2025-01-08 16:30:00,0.811107
2025-01-08 16:35:00,0.803008
2025-01-08 16:40:00,0.79355
2025-01-08 16:45:00,0.803051
2025-01-08 16:50:00,0.802817
2025-01-08 16:55:00,0.809635
2025-01-08 17:00:00,0.806268
2025-01-08 17:05:00,0.823499
2025-01-08 17:10:00,0.79907
2025-01-08 17:15:00,0.804797
2025-01-08 17:20:00,0.783979
2025-01-08 17:25:00,0.810607
2025-01-08 17:30:00,0.798926
2025-01-08 17:35:00,0.816149
2025-01-08 17:40:00,0.791729
2025-01-08 17:45:00,0.793161
2025-01-08 17:50:00,0.798023
2025-01-08 17:55:00,0.793948
2025-01-08 18:00:00,1.194767
2025-01-08 18:05:00,1.185691
2025-01-08 18:10:00,1.193873
2025-01-08 18:15:00,1.192963
2025-01-08 18:20:00,1.209055
2025-01-08 18:25:00,1.195504
2025-01-08 18:30:00,1.201207
2025-01-08 18:35:00,1.191273
2025-01-08 18:40:00,1.198218
2025-01-08 18:45:00,1.184183
2025-01-08 18:50:00,1.205279
2025-01-08 18:55:00,1.201214
2025-01-08 19:00:00,1.206146
2025-01-08 19:05:00,1.20643
2025-01-08 19:10:00,1.195406
2025-01-08 19:15:00,1.199798
2025-01-08 19:20:00,1.199811
2025-01-08 19:25:00,1.206796
2025-01-08 19:30:00,1.19929
2025-01-08 19:35:00,1.200839
2025-01-08 19:40:00,1.202159
2025-01-08 19:45:00,1.209832
2025-01-08 19:50:00,1.19371
2025-01-08 19:55:00,1.196744
2025-01-08 20:00:00,1.192687
2025-01-08 20:05:00,1.184827
2025-01-08 20:10:00,1.195255
2025-01-08 20:15:00,1.193224
2025-01-08 20:20:00,1.194505
2025-01-08 20:25:00,1.205597
2025-01-08 20:30:00,1.208432
2025-01-08 20:35:00,1.197993
2025-01-08 20:40:00,1.207694
2025-01-08 20:45:00,1.206276
2025-01-08 20:50:00,1.177457
2025-01-08 20:55:00,1.217214
2025-01-08 21:00:00,0.804621
2025-01-08 21:05:00,0.796328
2025-01-08 21:10:00,0.783694
2025-01-08 21:15:00,0.789434
2025-01-08 21:20:00,0.812085
2025-01-08 21:25:00,0.810038
2025-01-08 21:30:00,0.802377
2025-01-08 21:35:00,0.797678
2025-01-08 21:40:00,0.794876
2025-01-08 21:45:00,0.791835
2025-01-08 21:50:00,0.801641
2025-01-08 21:55:00,0.804982
2025-01-08 22:00:00,0.822142
2025-01-08 22:05:00,0.795258
2025-01-08 22:10:00,0.816301
2025-01-08 22:15:00,0.802575
2025-01-08 22:20:00,0.792726
2025-01-08 22:25:00,0.788011
2025-01-08 22:30:00,0.799921
2025-01-08 22:35:00,0.810579
2025-01-08 22:40:00,0.799106
2025-01-08 22:45:00,0.810671
2025-01-08 22:50:00,0.790936
2025-01-08 22:55:00,0.789465
2025-01-08 23:00:00,0.811802
2025-01-08 23:05:00,0.800219
2025-01-08 23:10:00,0.795352
2025-01-08 23:15:00,0.816724
2025-01-08 23:20:00,0.807654
2025-01-08 23:25:00,0.795755
2025-01-08 23:30:00,0.802483
2025-01-08 23:35:00,0.795115
2025-01-08 23:40:00,0.792072
2025-01-08 23:45:00,0.804629
2025-01-08 23:50:00,0.80022
2025-01-08 23:55:00,0.804998
2025-01-09 00:00:00,0.609404
2025-01-09 00:05:00,0.594761
2025-01-09 00:10:00,0.613256
2025-01-09 00:15:00,0.592432
2025-01-09 00:20:00,0.585004
2025-01-09 00:25:00,0.589042
2025-01-09 00:30:00,0.608547
2025-01-09 00:35:00,0.596721
2025-01-09 00:40:00,0.584975
2025-01-09 00:45:00,0.584252
2025-01-09 00:50:00,0.614865
2025-01-09 00:55:00,0.592002
2025-01-09 01:00:00,0.593481
2025-01-09 01:05:00,0.597534
2025-01-09 01:10:00,0.603818
2025-01-09 01:15:00,0.579841
2025-01-09 01:20:00,0.604448
2025-01-09 01:25:00,0.607437
2025-01-09 01:30:00,0.58923
2025-01-09 01:35:00,0.603984
2025-01-09 01:40:00,0.597329
2025-01-09 01:45:00,0.598547
2025-01-09 01:50:00,0.592263
2025-01-09 01:55:00,0.594811
2025-01-09 02:00:00,0.597668
2025-01-09 02:05:00,0.600125
2025-01-09 02:10:00,0.602753
2025-01-09 02:15:00,0.593719
2025-01-09 02:20:00,0.590341
2025-01-09 02:25:00,0.599961
2025-01-09 02:30:00,0.603334
2025-01-09 02:35:00,0.612948
2025-01-09 02:40:00,0.597064
2025-01-09 02:45:00,0.585505
2025-01-09 02:50:00,0.591203
2025-01-09 02:55:00,0.597717
2025-01-09 03:00:00,0.592716
2025-01-09 03:05:00,0.596636
2025-01-09 03:10:00,0.600139
2025-01-09 03:15:00,0.604888
2025-01-09 03:20:00,0.613734
2025-01-09 03:25:00,0.61175
2025-01-09 03:30:00,0.601755
2025-01-09 03:35:00,0.595831
2025-01-09 03:40:00,0.584667
2025-01-09 03:45:00,0.603201
2025-01-09 03:50:00,0.598266
2025-01-09 03:55:00,0.58981
2025-01-09 04:00:00,0.592141
2025-01-09 04:05:00,0.603552
2025-01-09 04:10:00,0.600173
2025-01-09 04:15:00,0.601694
2025-01-09 04:20:00,0.602939
2025-01-09 04:25:00,0.599231
2025-01-09 04:30:00,0.577524
2025-01-09 04:35:00,0.595601
2025-01-09 04:40:00,0.585448
2025-01-09 04:45:00,0.611613
2025-01-09 04:50:00,0.596029
2025-01-09 04:55:00,0.619244
2025-01-09 05:00:00,0.59952
2025-01-09 05:05:00,0.586719
2025-01-09 05:10:00,0.597517
2025-01-09 05:15:00,0.612419
2025-01-09 05:20:00,0.61972
2025-01-09 05:25:00,0.594388
2025-01-09 05:30:00,0.613221
2025-01-09 05:35:00,0.596834
2025-01-09 05:40:00,0.589768
2025-01-09 05:45:00,0.598076
2025-01-09 05:50:00,0.598306
2025-01-09 05:55:00,0.590097
2025-01-09 06:00:00,0.791617
2025-01-09 06:05:00,0.809154
2025-01-09 06:10:00,0.787755
2025-01-09 06:15:00,0.7984
2025-01-09 06:20:00,0.799039
2025-01-09 06:25:00,0.794701
2025-01-09 06:30:00,0.818136
2025-01-09 06:35:00,0.824799
2025-01-09 06:40:00,0.788344
2025-01-09 06:45:00,0.802331
2025-01-09 06:50:00,0.814744
2025-01-09 06:55:00,0.792152
2025-01-09 07:00:00,0.787412
2025-01-09 07:05:00,0.807083
2025-01-09 07:10:00,0.788052
2025-01-09 07:15:00,0.789794
2025-01-09 07:20:00,0.800979
2025-01-09 07:25:00,0.79454
2025-01-09 07:30:00,0.797056
2025-01-09 07:35:00,0.801439
2025-01-09 07:40:00,0.81897
2025-01-09 07:45:00,0.807096
2025-01-09 07:50:00,0.815148
2025-01-09 07:55:00,0.804354
2025-01-09 08:00:00,0.806776
2025-01-09 08:05:00,0.793138
2025-01-09 08:10:00,0.790204
2025-01-09 08:15:00,0.798711
2025-01-09 08:20:00,0.814946
2025-01-09 08:25:00,0.799895
2025-01-09 08:30:00,0.791989
2025-01-09 08:35:00,0.789812
2025-01-09 08:40:00,0.807344
2025-01-09 08:45:00,0.79062
2025-01-09 08:50:00,0.812689
2025-01-09 08:55:00,0.810493
2025-01-09 09:00:00,1.209437
2025-01-09 09:05:00,1.202578
2025-01-09 09:10:00,1.186803
2025-01-09 09:15:00,1.202618
2025-01-09 09:20:00,1.202877
2025-01-09 09:25:00,1.214477
2025-01-09 09:30:00,1.198281
2025-01-09 09:35:00,1.180476
2025-01-09 09:40:00,1.189675
2025-01-09 09:45:00,1.196753
2025-01-09 09:50:00,1.206759
2025-01-09 09:55:00,1.21046
2025-01-09 10:00:00,1.181432
2025-01-09 10:05:00,1.200277
2025-01-09 10:10:00,1.196368
2025-01-09 10:15:00,1.197694
2025-01-09 10:20:00,1.203441
2025-01-09 10:25:00,1.200114
2025-01-09 10:30:00,1.198842
2025-01-09 10:35:00,1.193323
2025-01-09 10:40:00,1.194013
2025-01-09 10:45:00,1.211262
2025-01-09 10:50:00,1.202963
2025-01-09 10:55:00,1.20531
2025-01-09 11:00:00,1.205129
2025-01-09 11:05:00,1.208399
2025-01-09 11:10:00,1.193714
2025-01-09 11:15:00,1.198176
2025-01-09 11:20:00,1.197401
2025-01-09 11:25:00,1.191979
2025-01-09 11:30:00,1.18468
2025-01-09 11:35:00,1.19337
2025-01-09 11:40:00,1.194025
2025-01-09 11:45:00,1.193956
2025-01-09 11:50:00,1.184301
2025-01-09 11:55:00,1.196554
2025-01-09 12:00:00,0.795483
2025-01-09 12:05:00,0.810543
2025-01-09 12:10:00,0.79896
2025-01-09 12:15:00,0.79283
2025-01-09 12:20:00,0.80143
2025-01-09 12:25:00,0.807119
2025-01-09 12:30:00,0.799097
2025-01-09 12:35:00,0.794742
2025-01-09 12:40:00,0.801346
2025-01-09 12:45:00,0.798092
2025-01-09 12:50:00,0.820774
2025-01-09 12:55:00,0.809258
2025-01-09 13:00:00,0.803305
2025-01-09 13:05:00,0.799056
2025-01-09 13:10:00,0.791456
2025-01-09 13:15:00,0.809385
2025-01-09 13:20:00,0.807345
2025-01-09 13:25:00,0.813765
2025-01-09 13:30:00,0.77993
2025-01-09 13:35:00,0.805208
2025-01-09 13:40:00,0.791556
2025-01-09 13:45:00,0.798214
2025-01-09 13:50:00,0.788632
2025-01-09 13:55:00,0.806323
2025-01-09 14:00:00,0.801403
2025-01-09 14:05:00,0.799843
2025-01-09 14:10:00,0.788329
2025-01-09 14:15:00,0.783232
2025-01-09 14:20:00,0.804621
2025-01-09 14:25:00,0.802728
2025-01-09 14:30:00,0.793655
2025-01-09 14:35:00,0.79179
2025-01-09 14:40:00,0.790086
2025-01-09 14:45:00,0.798121
2025-01-09 14:50:00,0.794098
2025-01-09 14:55:00,0.800478
2025-01-09 15:00:00,0.787051
2025-01-09 15:05:00,0.807094
2025-01-09 15:10:00,0.806419
2025-01-09 15:15:00,0.786472
2025-01-09 15:20:00,0.791125
2025-01-09 15:25:00,0.776683
2025-01-09 15:30:00,0.797711
2025-01-09 15:35:00,0.790982
2025-01-09 15:40:00,0.795518
2025-01-09 15:45:00,0.799392
2025-01-09 15:50:00,0.807628
2025-01-09 15:55:00,0.793726
2025-01-09 16:00:00,0.800961
2025-01-09 16:05:00,0.802281
2025-01-09 16:10:00,0.783601
2025-01-09 16:15:00,0.815825
2025-01-09 16:20:00,0.797717
2025-01-09 16:25:00,0.793757
2025-01-09 16:30:00,0.796
2025-01-09 16:35:00,0.784172
2025-01-09 16:40:00,0.826859
2025-01-09 16:45:00,0.815915
2025-01-09 16:50:00,0.784838
2025-01-09 16:55:00,0.797184
2025-01-09 17:00:00,0.802798
2025-01-09 17:05:00,0.818232
2025-01-09 17:10:00,0.793
2025-01-09 17:15:00,0.805015
2025-01-09 17:20:00,0.81246
2025-01-09 17:25:00,0.810025
2025-01-09 17:30:00,0.807647
2025-01-09 17:35:00,0.801886
2025-01-09 17:40:00,0.795253
2025-01-09 17:45:00,0.801468
2025-01-09 17:50:00,0.820176
2025-01-09 17:55:00,0.782735
2025-01-09 18:00:00,1.193231
2025-01-09 18:05:00,1.194251
2025-01-09 18:10:00,1.187483
2025-01-09 18:15:00,1.200265
2025-01-09 18:20:00,1.184115
2025-01-09 18:25:00,1.188787
2025-01-09 18:30:00,1.194843
2025-01-09 18:35:00,1.192402
2025-01-09 18:40:00,1.192353
2025-01-09 18:45:00,1.203557
2025-01-09 18:50:00,1.201551
2025-01-09 18:55:00,1.208504
2025-01-09 19:00:00,1.195757
2025-01-09 19:05:00,1.211435
2025-01-09 19:10:00,1.194189
2025-01-09 19:15:00,1.199854
2025-01-09 19:20:00,1.203808
2025-01-09 19:25:00,1.195602
2025-01-09 19:30:00,1.184181
2025-01-09 19:35:00,1.188381
2025-01-09 19:40:00,1.19778
2025-01-09 19:45:00,1.200107
2025-01-09 19:50:00,1.19534
2025-01-09 19:55:00,1.203084
2025-01-09 20:00:00,1.19651
2025-01-09 20:05:00,1.196447
2025-01-09 20:10:00,1.180097
2025-01-09 20:15:00,1.196451
2025-01-09 20:20:00,1.200004
2025-01-09 20:25:00,1.207103
2025-01-09 20:30:00,1.186234
2025-01-09 20:35:00,1.190818
2025-01-09 20:40:00,1.203617
2025-01-09 20:45:00,1.187003
2025-01-09 20:50:00,1.207443
2025-01-09 20:55:00,1.209617
2025-01-09 21:00:00,0.803202
2025-01-09 21:05:00,0.823962
2025-01-09 21:10:00,0.790648
2025-01-09 21:15:00,0.800873
2025-01-09 21:20:00,0.802795
2025-01-09 21:25:00,0.788328
2025-01-09 21:30:00,0.801891
2025-01-09 21:35:00,0.792936
2025-01-09 21:40:00,0.783532
2025-01-09 21:45:00,0.807689
2025-01-09 21:50:00,0.80693
2025-01-09 21:55:00,0.795878
2025-01-09 22:00:00,0.815318
2025-01-09 22:05:00,0.804674
2025-01-09 22:10:00,0.804989
2025-01-09 22:15:00,0.803763
2025-01-09 22:20:00,0.798532
2025-01-09 22:25:00,0.7927
2025-01-09 22:30:00,0.80003
2025-01-09 22:35:00,0.788455
2025-01-09 22:40:00,0.799559
2025-01-09 22:45:00,0.79778
2025-01-09 22:50:00,0.807368
2025-01-09 22:55:00,0.812086
2025-01-09 23:00:00,0.80597
2025-01-09 23:05:00,0.823491
2025-01-09 23:10:00,0.807976
2025-01-09 23:15:00,0.803658
2025-01-09 23:20:00,0.803794
2025-01-09 23:25:00,0.800751
2025-01-09 23:30:00,0.791166
2025-01-09 23:35:00,0.795718
2025-01-09 23:40:00,0.800406
2025-01-09 23:45:00,0.800311
2025-01-09 23:50:00,0.793706
2025-01-09 23:55:00,0.799923
2025-01-10 00:00:00,0.603575
2025-01-10 00:05:00,0.613904
2025-01-10 00:10:00,0.585057
2025-01-10 00:15:00,0.606959
2025-01-10 00:20:00,0.606009
2025-01-10 00:25:00,0.602608
2025-01-10 00:30:00,0.59895
2025-01-10 00:35:00,0.596496
2025-01-10 00:40:00,0.606043
2025-01-10 00:45:00,0.59358
2025-01-10 00:50:00,0.601059
2025-01-10 00:55:00,0.619031
2025-01-10 01:00:00,0.609621
2025-01-10 01:05:00,0.603957
2025-01-10 01:10:00,0.598955
2025-01-10 01:15:00,0.592818
2025-01-10 01:20:00,0.597545
2025-01-10 01:25:00,0.586423
2025-01-10 01:30:00,0.59623
2025-01-10 01:35:00,0.615232
2025-01-10 01:40:00,0.607147
2025-01-10 01:45:00,0.613572
2025-01-10 01:50:00,0.61174
2025-01-10 01:55:00,0.593037
2025-01-10 02:00:00,0.610747
2025-01-10 02:05:00,0.602831
2025-01-10 02:10:00,0.583304
2025-01-10 02:15:00,0.591626
2025-01-10 02:20:00,0.608029
2025-01-10 02:25:00,0.597898
2025-01-10 02:30:00,0.606528
2025-01-10 02:35:00,0.603728
2025-01-10 02:40:00,0.584691
2025-01-10 02:45:00,0.614364
2025-01-10 02:50:00,0.589353
2025-01-10 02:55:00,0.589287
2025-01-10 03:00:00,0.593394
2025-01-10 03:05:00,0.587563
2025-01-10 03:10:00,0.584904
2025-01-10 03:15:00,0.599462
2025-01-10 03:20:00,0.594649
2025-01-10 03:25:00,0.601464
2025-01-10 03:30:00,0.60263
2025-01-10 03:35:00,0.591152
2025-01-10 03:40:00,0.597913
2025-01-10 03:45:00,0.597003
2025-01-10 03:50:00,0.614203
2025-01-10 03:55:00,0.616362
2025-01-10 04:00:00,0.611874
2025-01-10 04:05:00,0.607656
2025-01-10 04:10:00,0.604335
2025-01-10 04:15:00,0.598687
2025-01-10 04:20:00,0.607882
2025-01-10 04:25:00,0.592988
2025-01-10 04:30:00,0.600011
2025-01-10 04:35:00,0.604311
2025-01-10 04:40:00,0.595931
2025-01-10 04:45:00,0.599775
2025-01-10 04:50:00,0.600807
2025-01-10 04:55:00,0.607312
2025-01-10 05:00:00,0.59949
2025-01-10 05:05:00,0.60747
2025-01-10 05:10:00,0.597015
2025-01-10 05:15:00,0.591497
2025-01-10 05:20:00,0.613925
2025-01-10 05:25:00,0.595408
2025-01-10 05:30:00,0.60634
2025-01-10 05:35:00,0.604279
2025-01-10 05:40:00,0.584818
2025-01-10 05:45:00,0.596771
2025-01-10 05:50:00,0.601026
2025-01-10 05:55:00,0.596204
2025-01-10 06:00:00,0.807362
2025-01-10 06:05:00,0.77587
2025-01-10 06:10:00,0.783475
2025-01-10 06:15:00,0.79952
2025-01-10 06:20:00,0.803138
2025-01-10 06:25:00,0.802396
2025-01-10 06:30:00,0.796198
2025-01-10 06:35:00,0.804827
2025-01-10 06:40:00,0.788876
2025-01-10 06:45:00,0.81599
2025-01-10 06:50:00,0.797932
2025-01-10 06:55:00,0.798293
2025-01-10 07:00:00,0.818128
2025-01-10 07:05:00,0.797946
2025-01-10 07:10:00,0.79377
2025-01-10 07:15:00,0.794762
2025-01-10 07:20:00,0.776584
2025-01-10 07:25:00,0.796901
2025-01-10 07:30:00,0.801188
2025-01-10 07:35:00,0.818278
2025-01-10 07:40:00,0.799012
2025-01-10 07:45:00,0.789948
2025-01-10 07:50:00,0.791102
2025-01-10 07:55:00,0.800166
2025-01-10 08:00:00,0.801522
2025-01-10 08:05:00,0.813946
2025-01-10 08:10:00,0.785964
2025-01-10 08:15:00,0.776673
2025-01-10 08:20:00,0.795461
2025-01-10 08:25:00,0.807771
2025-01-10 08:30:00,0.793059
2025-01-10 08:35:00,0.786694
2025-01-10 08:40:00,0.799227
2025-01-10 08:45:00,0.79226
2025-01-10 08:50:00,0.821407
2025-01-10 08:55:00,0.788278
2025-01-10 09:00:00,1.206326
2025-01-10 09:05:00,1.195486
2025-01-10 09:10:00,1.193201
2025-01-10 09:15:00,1.191529
2025-01-10 09:20:00,1.206474
2025-01-10 09:25:00,1.192929
2025-01-10 09:30:00,1.211101
2025-01-10 09:35:00,1.209203
2025-01-10 09:40:00,1.190868
2025-01-10 09:45:00,1.197294
2025-01-10 09:50:00,1.200702
2025-01-10 09:55:00,1.203814
2025-01-10 10:00:00,1.172105
2025-01-10 10:05:00,1.192867
2025-01-10 10:10:00,1.197299
2025-01-10 10:15:00,1.188246
2025-01-10 10:20:00,1.207972
2025-01-10 10:25:00,1.201314
2025-01-10 10:30:00,1.213711
2025-01-10 10:35:00,1.194332
2025-01-10 10:40:00,1.19062
2025-01-10 10:45:00,1.208017
2025-01-10 10:50:00,1.201939
2025-01-10 10:55:00,1.200574
2025-01-10 11:00:00,1.18514
2025-01-10 11:05:00,1.19456
2025-01-10 11:10:00,1.20547
2025-01-10 11:15:00,1.205925
2025-01-10 11:20:00,1.199061
2025-01-10 11:25:00,1.183992
2025-01-10 11:30:00,1.207822
2025-01-10 11:35:00,1.204377
2025-01-10 11:40:00,1.195625
2025-01-10 11:45:00,1.197012
2025-01-10 11:50:00,1.221426
2025-01-10 11:55:00,1.205508
2025-01-10 12:00:00,0.798469
2025-01-10 12:05:00,0.802657
2025-01-10 12:10:00,0.801977
2025-01-10 12:15:00,0.799163
2025-01-10 12:20:00,0.80605
2025-01-10 12:25:00,0.8038
2025-01-10 12:30:00,0.815133
2025-01-10 12:35:00,0.795937
2025-01-10 12:40:00,0.794302
2025-01-10 12:45:00,0.800633
2025-01-10 12:50:00,0.789863
2025-01-10 12:55:00,0.789445
2025-01-10 13:00:00,0.793855
2025-01-10 13:05:00,0.798641
2025-01-10 13:10:00,0.81346
2025-01-10 13:15:00,0.806485
2025-01-10 13:20:00,0.814721
2025-01-10 13:25:00,0.813701
2025-01-10 13:30:00,0.781047
2025-01-10 13:35:00,0.797558
2025-01-10 13:40:00,0.806108
2025-01-10 13:45:00,0.799468
2025-01-10 13:50:00,0.808442
2025-01-10 13:55:00,0.810235
2025-01-10 14:00:00,0.796849
2025-01-10 14:05:00,0.810666
2025-01-10 14:10:00,0.801384
2025-01-10 14:15:00,0.802956
2025-01-10 14:20:00,0.798721
2025-01-10 14:25:00,0.814997
2025-01-10 14:30:00,0.823425
2025-01-10 14:35:00,0.807782
2025-01-10 14:40:00,0.801505
2025-01-10 14:45:00,0.815904
2025-01-10 14:50:00,0.817391
2025-01-10 14:55:00,0.783184
2025-01-10 15:00:00,0.802715
2025-01-10 15:05:00,0.820155
2025-01-10 15:10:00,0.796897
2025-01-10 15:15:00,0.807728
2025-01-10 15:20:00,0.795248
2025-01-10 15:25:00,0.790114
2025-01-10 15:30:00,0.795158
2025-01-10 15:35:00,0.796355
2025-01-10 15:40:00,0.811905
2025-01-10 15:45:00,0.809861
2025-01-10 15:50:00,0.806689
2025-01-10 15:55:00,0.776095
2025-01-10 16:00:00,0.812571
2025-01-10 16:05:00,0.789833
2025-01-10 16:10:00,0.796488
2025-01-10 16:15:00,0.803014
2025-01-10 16:20:00,0.8039
2025-01-10 16:25:00,0.778909
2025-01-10 16:30:00,0.799717
2025-01-10 16:35:00,0.794179
2025-01-10 16:40:00,0.81989
2025-01-10 16:45:00,0.801004
2025-01-10 16:50:00,0.815536
2025-01-10 16:55:00,0.818207
2025-01-10 17:00:00,0.801704
2025-01-10 17:05:00,0.802516
2025-01-10 17:10:00,0.802701
2025-01-10 17:15:00,0.806618
2025-01-10 17:20:00,0.782543
2025-01-10 17:25:00,0.797196
2025-01-10 17:30:00,0.814435
2025-01-10 17:35:00,0.815048
2025-01-10 17:40:00,0.811474
2025-01-10 17:45:00,0.81179
2025-01-10 17:50:00,0.78435
2025-01-10 17:55:00,0.808793
2025-01-10 18:00:00,1.201359
2025-01-10 18:05:00,1.199759
2025-01-10 18:10:00,1.19608
2025-01-10 18:15:00,1.20315
2025-01-10 18:20:00,1.201311
2025-01-10 18:25:00,1.211899
2025-01-10 18:30:00,1.201414
2025-01-10 18:35:00,1.191857
2025-01-10 18:40:00,1.192379
2025-01-10 18:45:00,1.213911
2025-01-10 18:50:00,1.193219
2025-01-10 18:55:00,1.201416
2025-01-10 19:00:00,1.209047
2025-01-10 19:05:00,1.199547
2025-01-10 19:10:00,1.196863
2025-01-10 19:15:00,1.20636
2025-01-10 19:20:00,1.211423
2025-01-10 19:25:00,1.206105
2025-01-10 19:30:00,1.200629
2025-01-10 19:35:00,1.1912
2025-01-10 19:40:00,1.199881
2025-01-10 19:45:00,1.194348
2025-01-10 19:50:00,1.183594
2025-01-10 19:55:00,1.191369
2025-01-10 20:00:00,1.193085
2025-01-10 20:05:00,1.202391
2025-01-10 20:10:00,1.210512
2025-01-10 20:15:00,1.202014
2025-01-10 20:20:00,1.199318
2025-01-10 20:25:00,1.186582
2025-01-10 20:30:00,1.20571
2025-01-10 20:35:00,1.208592
2025-01-10 20:40:00,1.205062
2025-01-10 20:45:00,1.205181
2025-01-10 20:50:00,1.187491
2025-01-10 20:55:00,1.196547
2025-01-10 21:00:00,0.806232
2025-01-10 21:05:00,0.805089
2025-01-10 21:10:00,0.797131
2025-01-10 21:15:00,0.799922
2025-01-10 21:20:00,0.831431
2025-01-10 21:25:00,0.789592
2025-01-10 21:30:00,0.806033
2025-01-10 21:35:00,0.802049
2025-01-10 21:40:00,0.800444
2025-01-10 21:45:00,0.811362
2025-01-10 21:50:00,0.803
2025-01-10 21:55:00,0.792673
2025-01-10 22:00:00,0.808803
2025-01-10 22:05:00,0.797795
2025-01-10 22:10:00,0.791146
2025-01-10 22:15:00,0.812126
2025-01-10 22:20:00,0.806028
2025-01-10 22:25:00,0.797983
2025-01-10 22:30:00,0.796249
2025-01-10 22:35:00,0.798413
2025-01-10 22:40:00,0.788946
2025-01-10 22:45:00,0.820549
2025-01-10 22:50:00,0.817914
2025-01-10 22:55:00,0.80557
2025-01-10 23:00:00,0.802059
2025-01-10 23:05:00,0.81354
2025-01-10 23:10:00,0.811262
2025-01-10 23:15:00,0.7991
2025-01-10 23:20:00,0.79373
2025-01-10 23:25:00,0.788644
2025-01-10 23:30:00,0.821079
2025-01-10 23:35:00,0.809864
2025-01-10 23:40:00,0.791925
2025-01-10 23:45:00,0.780402
2025-01-10 23:50:00,0.798402
2025-01-10 23:55:00,0.793827
