vehicle_id,battery_kwh,p_charge_max_kw,soc_min,soc_max,soc_target,can_swap
AGV_001,186.1,157.2,0.15,0.95,0.8,0
AGV_002,235.31,156.2,0.15,0.95,0.8,0
AGV_003,201.92,149.7,0.15,0.95,0.8,0
AGV_004,187.43,158.2,0.15,0.95,0.8,0
AGV_005,213.53,155.9,0.15,0.95,0.8,0
AGV_006,216.53,174.1,0.15,0.95,0.8,0
AGV_007,200.84,152.7,0.15,0.95,0.8,0
AGV_008,223.57,142.5,0.15,0.95,0.8,0
AGV_009,202.36,161.0,0.15,0.95,0.8,0
AGV_010,203.11,164.4,0.15,0.95,0.8,0
AGV_011,175.61,156.7,0.15,0.95,0.8,0
AGV_012,210.68,158.6,0.15,0.95,0.8,0
AGV_013,201.44,155.7,0.15,0.95,0.8,0
AGV_014,223.61,159.6,0.15,0.95,0.8,0
AGV_015,178.76,157.7,0.15,0.95,0.8,0
AGV_016,203.87,159.7,0.15,0.95,0.8,0
AGV_017,213.78,164.0,0.15,0.95,0.8,0
AGV_018,210.77,145.6,0.15,0.95,0.8,0
AGV_019,203.29,166.1,0.15,0.95,0.8,0
AGV_020,186.93,155.3,0.15,0.95,0.8,0
AGV_021,207.15,165.1,0.15,0.95,0.8,0
AGV_022,209.07,155.5,0.15,0.95,0.8,0
AGV_023,199.6,158.0,0.15,0.95,0.8,0
AGV_024,187.75,164.1,0.15,0.95,0.8,0
AGV_025,195.07,169.2,0.15,0.95,0.8,0
AGV_026,177.68,146.0,0.15,0.95,0.8,0
AGV_027,172.64,166.7,0.15,0.95,0.8,0
AGV_028,194.14,141.0,0.15,0.95,0.8,0
AGV_029,196.03,140.0,0.15,0.95,0.8,0
AGV_030,204.06,156.9,0.15,0.95,0.8,0
AGV_031,191.63,176.2,0.15,0.95,0.8,0
AGV_032,183.28,143.4,0.15,0.95,0.8,0
AGV_033,209.08,153.0,0.15,0.95,0.8,0
AGV_034,208.16,159.1,0.15,0.95,0.8,0
AGV_035,216.53,167.4,0.15,0.95,0.8,0
AGV_036,217.44,153.2,0.15,0.95,0.8,0
AGV_037,196.46,165.9,0.15,0.95,0.8,0
AGV_038,189.54,150.8,0.15,0.95,0.8,0
AGV_039,203.84,160.1,0.15,0.95,0.8,0
AGV_040,188.75,157.9,0.15,0.95,0.8,0
AGV_041,207.95,156.8,0.15,0.95,0.8,0
AGV_042,219.93,154.5,0.15,0.95,0.8,0
AGV_043,214.96,169.7,0.15,0.95,0.8,0
AGV_044,191.08,156.4,0.15,0.95,0.8,0
AGV_045,201.17,147.7,0.15,0.95,0.8,0
AGV_046,200.37,178.7,0.15,0.95,0.8,0
AGV_047,203.43,176.5,0.15,0.95,0.8,0
AGV_048,230.58,171.9,0.15,0.95,0.8,0
AGV_049,209.09,155.9,0.15,0.95,0.8,0
AGV_050,209.62,144.5,0.15,0.95,0.8,0
AGV_051,209.71,165.7,0.15,0.95,0.8,0
AGV_052,198.94,161.2,0.15,0.95,0.8,0
AGV_053,220.11,166.7,0.15,0.95,0.8,0
AGV_054,202.73,151.7,0.15,0.95,0.8,0
AGV_055,201.42,163.1,0.15,0.95,0.8,0
AGV_056,186.06,162.2,0.15,0.95,0.8,0
AGV_057,164.9,166.6,0.15,0.95,0.8,0
AGV_058,208.88,157.6,0.15,0.95,0.8,0
AGV_059,207.89,149.4,0.15,0.95,0.8,0
AGV_060,194.68,175.6,0.15,0.95,0.8,0
AGV_061,205.49,149.8,0.15,0.95,0.8,0
AGV_062,222.54,150.2,0.15,0.95,0.8,0
AGV_063,196.59,164.4,0.15,0.95,0.8,0
AGV_064,182.15,159.6,0.15,0.95,0.8,0
AGV_065,201.09,157.7,0.15,0.95,0.8,0
AGV_066,196.59,141.3,0.15,0.95,0.8,0
AGV_067,195.33,162.5,0.15,0.95,0.8,0
AGV_068,195.66,159.4,0.15,0.95,0.8,0
AGV_069,223.01,155.2,0.15,0.95,0.8,0
AGV_070,219.69,165.7,0.15,0.95,0.8,0
AGV_071,190.52,169.4,0.15,0.95,0.8,0
AGV_072,203.88,169.4,0.15,0.95,0.8,0
AGV_073,202.34,164.7,0.15,0.95,0.8,0
AGV_074,199.24,161.8,0.15,0.95,0.8,0
AGV_075,191.51,162.9,0.15,0.95,0.8,0
AGV_076,194.16,152.4,0.15,0.95,0.8,0
AGV_077,201.73,147.9,0.15,0.95,0.8,0
AGV_078,223.78,148.7,0.15,0.95,0.8,0
AGV_079,194.41,148.7,0.15,0.95,0.8,0
AGV_080,206.26,167.2,0.15,0.95,0.8,0
AGV_081,194.1,149.2,0.15,0.95,0.8,0
AGV_082,208.16,161.1,0.15,0.95,0.8,0
AGV_083,201.47,161.0,0.15,0.95,0.8,0
AGV_084,188.41,161.5,0.15,0.95,0.8,0
AGV_085,193.35,140.1,0.15,0.95,0.8,0
AGV_086,213.42,187.2,0.15,0.95,0.8,0
AGV_087,194.23,164.2,0.15,0.95,0.8,0
AGV_088,216.15,163.1,0.15,0.95,0.8,0
AGV_089,190.71,163.4,0.15,0.95,0.8,0
AGV_090,185.84,166.0,0.15,0.95,0.8,0
AGV_091,203.11,161.8,0.15,0.95,0.8,0
AGV_092,217.99,158.4,0.15,0.95,0.8,0
AGV_093,191.83,146.0,0.15,0.95,0.8,0
AGV_094,202.6,158.4,0.15,0.95,0.8,0
AGV_095,198.1,156.3,0.15,0.95,0.8,0
AGV_096,211.29,156.8,0.15,0.95,0.8,0
AGV_097,200.1,155.6,0.15,0.95,0.8,0
AGV_098,203.19,171.1,0.15,0.95,0.8,0
AGV_099,175.76,152.3,0.15,0.95,0.8,0
AGV_100,189.48,154.9,0.15,0.95,0.8,0
AGV_101,188.95,156.0,0.15,0.95,0.8,0
AGV_102,180.42,152.0,0.15,0.95,0.8,0
AGV_103,189.5,143.0,0.15,0.95,0.8,0
AGV_104,207.13,148.7,0.15,0.95,0.8,0
AGV_105,188.3,186.5,0.15,0.95,0.8,0
AGV_106,196.18,171.7,0.15,0.95,0.8,0
AGV_107,190.11,163.6,0.15,0.95,0.8,0
AGV_108,215.36,151.1,0.15,0.95,0.8,0
AGV_109,209.86,163.3,0.15,0.95,0.8,0
AGV_110,224.59,158.9,0.15,0.95,0.8,0
AGV_111,184.12,143.3,0.15,0.95,0.8,0
AGV_112,202.41,168.7,0.15,0.95,0.8,0
AGV_113,195.77,146.6,0.15,0.95,0.8,0
AGV_114,219.87,155.8,0.15,0.95,0.8,0
AGV_115,219.82,163.3,0.15,0.95,0.8,0
AGV_116,188.45,152.6,0.15,0.95,0.8,0
AGV_117,200.54,135.8,0.15,0.95,0.8,0
AGV_118,211.6,156.6,0.15,0.95,0.8,0
AGV_119,183.5,158.5,0.15,0.95,0.8,0
AGV_120,190.27,148.3,0.15,0.95,0.8,0
AGV_121,228.83,151.2,0.15,0.95,0.8,0
AGV_122,202.0,160.2,0.15,0.95,0.8,0
AGV_123,215.3,157.8,0.15,0.95,0.8,0
AGV_124,181.72,154.3,0.15,0.95,0.8,0
AGV_125,199.25,138.4,0.15,0.95,0.8,0
AGV_126,203.06,162.7,0.15,0.95,0.8,0
AGV_127,188.13,141.4,0.15,0.95,0.8,0
AGV_128,203.7,152.0,0.15,0.95,0.8,0
AGV_129,191.19,158.9,0.15,0.95,0.8,0
AGV_130,195.36,169.4,0.15,0.95,0.8,0
