episode_index,environment_steps,optimizer_step_calls_at_observation,sb3_update_counter_at_observation,record_phase,episode_metrics.aux_shift_kwh,episode_metrics.bess_throughput_kwh,episode_metrics.carbon_delta_kg,episode_metrics.carbon_kg,episode_metrics.degradation_cost_cny,episode_metrics.demand_charge_cny,episode_metrics.energy_cost_cny,episode_metrics.financial_delta_cny,episode_metrics.flex_deadline_violation_kwh,episode_metrics.guardrail_violation_rate,episode_metrics.guardrail_violations,episode_metrics.max_flex_age_hours,episode_metrics.nonzero_bess_action_rate,episode_metrics.nonzero_bess_actions,episode_metrics.nonzero_flex_action_rate,episode_metrics.nonzero_flex_actions,episode_metrics.peak_kw,episode_metrics.physical_power_violations,episode_metrics.projection_count,episode_metrics.projection_rate,episode_metrics.reserve_shortfall_kwh,episode_metrics.reward,episode_metrics.shore_sla_violation_kwh,episode_metrics.soc_max_observed,episode_metrics.soc_min_observed,episode_metrics.temperature_max_c,episode_metrics.terminal_flex_backlog_kwh,episode_metrics.terminal_soc_error,episode_metrics.total_cost_cny,episode_metrics.training_reward
1,168,0,0,after_environment_step_before_replay_storage_and_optimizer,9518.591389364137,0.0,-0.742378437984371,2151607.386604475,0.0,221389.0699508319,2717952.4723800085,1046.8399605240497,0.0,0.0,0.0,12.0,0.0,0.0,0.8154761904761905,137.0,25332.818859505438,0.0,1.0,0.005952380952380952,0.0,-0.0009507248020674633,0.0,0.58,0.58,32.0,0.0,0.0,2939341.5423308406,-5.1896570963411905
2,336,0,0,after_environment_step_before_replay_storage_and_optimizer,8731.818426599677,0.0,7.7215698571617395,2174036.8141079647,0.0,223972.82110241114,2748331.912896124,-79.37781695949332,0.0,0.0,0.0,12.0,0.0,0.0,0.7797619047619048,131.0,25628.468956032477,0.0,1.0,0.005952380952380952,0.0,0.0043788182103942875,0.0,0.58,0.58,24.0,0.0,0.0,2972304.733998535,-0.06640510663224125
3,504,0,0,after_environment_step_before_replay_storage_and_optimizer,8861.128035189808,0.0,-0.339442841734126,2063571.934031945,0.0,211212.95522730495,2608051.22567402,6.50567278285439,0.0,0.0,0.0,12.0,0.0,0.0,0.8392857142857143,141.0,24168.39971703419,0.0,0.0,0.0,0.0,-0.0010577174204299475,0.0,0.58,0.58,32.0,0.0,0.0,2819264.1809013253,-0.012161793410221874
4,672,0,0,after_environment_step_before_replay_storage_and_optimizer,9810.459179568154,0.0,-4.778836466944995,2105408.43666211,0.0,215009.68768050725,2661026.3824781547,73.28470886936725,0.0,0.0,0.0,12.0,0.0,0.0,0.8511904761904762,143.0,24602.847251035488,0.0,0.0,0.0,0.0,-0.0131407168998037,0.0,0.58,0.58,24.600000381469727,0.0,0.0,2876036.070158662,-0.07969335633013652
5,840,0,0,after_environment_step_before_replay_storage_and_optimizer,9021.0511192611,0.0,3.4910391637604334,2103187.1756692207,0.0,213957.84882077435,2659383.422319834,666.4289520412678,0.0,0.0,0.0,12.0,0.0,0.0,0.8511904761904762,143.0,24482.488810083905,0.0,0.0,0.0,0.0,-0.0043318060412261515,0.0,0.58,0.58,27.799999237060547,0.0,0.0,2873341.2711406085,-3.5416071100319697
6,1008,0,0,after_environment_step_before_replay_storage_and_optimizer,8439.293192782781,0.0,8.32749793601215,2049837.849569589,0.0,207755.23044215486,2590240.700742297,725.4204698805142,0.0,0.0,0.0,12.0,0.0,0.0,0.8333333333333334,140.0,23772.743708958977,0.0,1.0,0.005952380952380952,0.0,0.010953734388652266,0.0,0.58,0.58,24.0,0.0,0.0,2797995.9311844516,-4.126752225563302
7,1176,0,0,after_environment_step_before_replay_storage_and_optimizer,9394.913930101917,0.0,-26.6523360760566,2026462.9323537685,0.0,208403.90082085383,2561202.3595260447,13.165272730570905,0.0,0.0,0.0,12.0,0.0,0.0,0.8095238095238095,136.0,23846.96891441631,0.0,1.0,0.005952380952380952,0.0,-0.01385188418570655,0.0,0.58,0.58,24.0,0.0,0.0,2769606.2603468983,1.5333138009105356
8,1344,0,0,after_environment_step_before_replay_storage_and_optimizer,9795.373387986221,0.0,22.70622665092924,2088372.7629145472,0.0,213097.6378234687,2637741.872473536,-513.7023511504738,0.0,0.0,0.0,12.0,0.0,0.0,0.8630952380952381,145.0,24384.05771147304,0.0,0.0,0.0,0.0,0.014615594858532874,0.0,0.58,0.58,28.899999618530273,0.0,0.0,2850839.5102970046,1.2061381566966147
9,1512,0,0,after_environment_step_before_replay_storage_and_optimizer,11736.605109806918,0.0,22.449447188844715,2193264.59234019,0.0,221538.66863371254,2770697.2815325954,600.1450250428697,0.0,0.0,0.0,12.0,0.0,0.0,0.8630952380952381,145.0,25349.936941874534,0.0,1.0,0.005952380952380952,0.0,0.022956937957270385,0.0,0.58,0.58,32.0,0.0,0.0,2992235.950166308,-4.34769195654503
10,1680,0,0,after_environment_step_before_replay_storage_and_optimizer,9216.61464651698,0.0,37.02170610272697,2100883.621627749,0.0,215549.1748988941,2655229.989785407,-18.86516334341036,0.0,0.0,0.0,12.0,0.0,0.0,0.7857142857142857,132.0,24664.578988665748,0.0,1.0,0.005952380952380952,0.0,0.01198120768627316,0.0,0.58,0.58,24.0,0.0,0.0,2870779.1646843012,-2.1269765494465616
11,1848,0,0,after_environment_step_before_replay_storage_and_optimizer,11283.362219897881,0.0,-13.368786113458555,2082086.5277431002,0.0,215497.658834556,2631407.5286531528,1256.233285895626,0.0,0.0,0.0,12.0,0.0,0.0,0.8571428571428571,144.0,24658.684175852624,0.0,0.0,0.0,0.0,-0.008466952139029784,0.0,0.58,0.58,24.0,0.0,0.0,2846905.187487709,-5.479039262670615
12,2016,30,15,after_environment_step_before_replay_storage_and_optimizer,10663.972535698542,0.0,-9.854106400140154,2081536.6745827824,0.0,214612.74344987428,2630509.3004619014,333.6774498819977,0.0,0.0,0.0,12.0,0.0,0.0,0.8630952380952381,145.0,24557.426235923114,0.0,1.0,0.005952380952380952,0.0,-0.017832359572566406,0.0,0.58,0.58,24.0,0.0,0.0,2845122.0439117756,-1.0771408654015808
13,2184,366,183,after_environment_step_before_replay_storage_and_optimizer,23339.059584672632,0.0,158.06320516367668,2181287.594710694,0.0,223616.6913601565,2756023.9556727083,-543.1818630653552,0.0,0.0,0.0,12.0,0.0,0.0,0.9583333333333334,161.0,25587.71820779986,0.0,0.0,0.0,0.0,0.11482934006108209,0.0,0.58,0.58,24.0,0.0,0.0,2979640.647032865,-6.76788299449382
14,2352,702,351,after_environment_step_before_replay_storage_and_optimizer,25214.7343180103,0.0,319.9645310363085,2236805.3610755736,0.0,229913.75551993345,2820528.178280075,-5342.188448922447,0.0,0.0,0.0,12.0,0.0,0.0,1.0,168.0,26308.27042721043,0.0,0.0,0.0,0.0,0.20408206313216543,0.0,0.58,0.58,32.0,0.0,0.0,3050441.9338000086,7.5130703824337255
15,2520,1038,519,after_environment_step_before_replay_storage_and_optimizer,22311.607433748715,0.0,310.67080258133683,2072594.0572884758,0.0,212037.4447880178,2614521.4965481735,-4617.227260930069,0.0,0.0,0.0,12.0,0.0,0.0,0.9702380952380952,163.0,24262.743329831923,0.0,1.0,0.005952380952380952,0.0,0.17740373137247697,0.0,0.58,0.58,26.5,0.0,0.0,2826558.9413361913,4.445888149770141
16,2688,1374,687,after_environment_step_before_replay_storage_and_optimizer,21081.549928121065,0.0,190.78165816245019,2162000.532814519,0.0,224441.8313904343,2733099.668744603,-352.0939346438413,0.0,0.0,0.0,12.0,0.0,0.0,0.8452380952380952,142.0,25682.136251677985,0.0,0.0,0.0,0.0,0.22477319064454782,0.0,0.58,0.58,24.0,0.0,0.0,2957541.5001350376,-9.686429816527808
17,2856,1710,855,after_environment_step_before_replay_storage_and_optimizer,18160.737199414583,0.0,44.00253790102579,2081525.6780735315,0.0,212059.37288748284,2629125.1475088825,-385.25706206750885,0.0,0.0,0.0,12.0,0.0,0.0,0.7738095238095238,130.0,24265.25248970962,0.0,0.0,0.0,0.0,0.11259353810962067,0.0,0.58,0.58,24.0,0.0,0.0,2841184.5203963653,-0.7138669637239969
18,3024,2046,1023,after_environment_step_before_replay_storage_and_optimizer,24502.058982163773,0.0,324.1423945741644,2252892.588452236,0.0,229912.69697982696,2843696.525425563,-3119.3747374037666,0.0,0.0,0.0,12.0,0.0,0.0,0.9880952380952381,166.0,26308.149301967984,0.0,0.0,0.0,0.0,0.5764295000496928,0.0,0.58,0.58,32.0,0.0,0.0,3073609.22240539,-3.8516699874310305
19,3192,2382,1191,after_environment_step_before_replay_storage_and_optimizer,15291.790010442093,0.0,142.08518663966424,2064010.6987938057,0.0,209209.06827515402,2606035.3965533474,-2260.1997830561977,0.0,0.0,0.0,12.0,0.0,0.0,0.6904761904761905,116.0,23939.1015625,0.0,0.0,0.0,0.0,0.11273691628841156,0.0,0.58,0.58,24.0,0.0,0.0,2815244.4648285015,2.7758877169011376
20,3360,2718,1359,after_environment_step_before_replay_storage_and_optimizer,15729.882661487707,0.0,148.6792682131727,2099674.1774200895,0.0,212443.38488453513,2651204.5336752594,-3047.9421331980056,0.0,0.0,0.0,12.0,0.0,0.0,0.7857142857142857,132.0,24309.19371211668,0.0,1.0,0.005952380952380952,0.0,0.16437469532940951,0.0,0.58,0.58,24.0,0.0,0.0,2863647.918559795,6.3189545731996715
21,3528,3054,1527,after_environment_step_before_replay_storage_and_optimizer,14701.221662501808,0.0,158.73871004250032,2064015.974414729,0.0,210489.94437342638,2604379.1622549784,-3648.1723188534515,0.0,0.0,0.0,12.0,0.0,0.0,0.7083333333333334,119.0,24085.66797694047,0.0,1.0,0.005952380952380952,0.0,0.16944247276881555,0.0,0.58,0.58,25.700000762939453,0.0,0.0,2814869.106628405,8.716538991717243
22,3696,3390,1695,after_environment_step_before_replay_storage_and_optimizer,19507.10286109206,0.0,185.51534710277156,2217141.779492294,0.0,226895.6953466641,2799659.9197702734,-3438.799462740777,0.0,0.0,0.0,12.0,0.0,0.0,0.9226190476190477,155.0,25962.923786143194,0.0,0.0,0.0,0.0,0.21682432282668693,0.0,0.58,0.58,32.0,0.0,0.0,3026555.6151169376,6.063076487537586
23,3864,3726,1863,after_environment_step_before_replay_storage_and_optimizer,17577.566608303016,0.0,113.62814020873884,2060768.2846020502,0.0,209954.63762005983,2600623.1757030105,-3399.2779759416017,0.0,0.0,0.0,12.0,0.0,0.0,0.8869047619047619,149.0,24024.41459609237,0.0,0.0,0.0,0.0,0.15317554473068312,0.0,0.58,0.58,24.0,0.0,0.0,2810577.8133230703,10.178701467183682
24,4032,4062,2031,after_environment_step_before_replay_storage_and_optimizer,19570.186920898745,0.0,113.72558109625606,2121753.1211016704,0.0,218104.3551458685,2679691.327105644,-1453.9845483143076,0.0,0.0,0.0,12.0,0.0,0.0,0.8988095238095238,151.0,24956.959811099143,0.0,0.0,0.0,0.0,0.19529143686308642,0.0,0.58,0.58,26.5,0.0,0.0,2897795.6822515125,0.44638787579616535
25,4200,4398,2199,after_environment_step_before_replay_storage_and_optimizer,19299.02220283561,0.0,128.8106088744753,2160922.1611447223,0.0,221001.58003117482,2728494.320096668,-2417.0780076863048,0.0,0.0,0.0,12.0,0.0,0.0,0.8869047619047619,149.0,25288.479669920616,0.0,0.0,0.0,0.0,0.15003151554565486,0.0,0.58,0.58,24.0,0.0,0.0,2949495.9001278426,4.356753505963007
26,4368,4734,2367,after_environment_step_before_replay_storage_and_optimizer,17368.778864123808,0.0,51.24336418452913,2110066.253015572,0.0,214806.65379244828,2662294.892095905,-1201.7680088831673,0.0,0.0,0.0,12.0,0.0,0.0,0.875,147.0,24579.614754915954,0.0,0.0,0.0,0.0,0.1273204305480521,0.0,0.58,0.58,24.0,0.0,0.0,2877101.545888353,2.9342381933440893
27,4536,5070,2535,after_environment_step_before_replay_storage_and_optimizer,19198.19046951749,0.0,96.00186307440526,2152191.491517859,0.0,220407.28411640757,2717873.943806016,-2099.74071748258,0.0,0.0,0.0,12.0,0.0,0.0,0.875,147.0,25220.476354485545,0.0,0.0,0.0,0.0,0.130347552715996,0.0,0.58,0.58,24.0,0.0,0.0,2938281.2279224233,4.738591802948578
28,4704,5406,2703,after_environment_step_before_replay_storage_and_optimizer,16463.92277554818,0.0,121.11696273434609,2069384.97346506,0.0,210776.56645305193,2612534.986880654,-3631.0332384289004,0.0,0.0,0.0,12.0,0.0,0.0,0.7738095238095238,130.0,24118.465193288604,0.0,0.0,0.0,0.0,0.16875464497881817,0.0,0.58,0.58,30.700000762939453,0.0,0.0,2823311.5533337058,10.888148428083735
29,4872,5742,2871,after_environment_step_before_replay_storage_and_optimizer,21188.227268712242,0.0,123.15834235516195,2106583.2862041867,0.0,213571.6561321491,2657842.7017057296,-3660.7161077143724,0.0,0.0,0.0,12.0,0.0,0.0,0.9107142857142857,153.0,24438.298058354467,0.0,1.0,0.005952380952380952,0.0,0.19108412519051554,0.0,0.58,0.58,24.0,0.0,0.0,2871414.3578378786,10.914079997262137
30,5040,6078,3039,after_environment_step_before_replay_storage_and_optimizer,13961.942630005045,0.0,142.8183985584692,2068163.3726193313,0.0,211692.97727888377,2610900.8782484927,-2377.691411347001,0.0,0.0,0.0,12.0,0.0,0.0,0.7321428571428571,123.0,24223.327052353477,0.0,0.0,0.0,0.0,0.16549348395960106,0.0,0.58,0.58,25.5,0.0,0.0,2822593.8555273763,3.319353143226851
31,5208,6414,3207,after_environment_step_before_replay_storage_and_optimizer,19840.747210943566,0.0,176.88049435162975,2136321.6749021555,0.0,220188.80622176832,2695448.6062650653,-3686.270661050752,0.0,0.0,0.0,12.0,0.0,0.0,0.9047619047619048,152.0,25195.476651785986,0.0,0.0,0.0,0.0,0.22010106804796248,0.0,0.58,0.58,32.0,0.0,0.0,2915637.4124868335,7.818523644155969
32,5376,6750,3375,after_environment_step_before_replay_storage_and_optimizer,17081.671041755417,0.0,173.7752166508053,2060093.325769815,0.0,209689.0598608071,2599854.015253755,-3822.086657586402,0.0,0.0,0.0,12.0,0.0,0.0,0.8392857142857143,141.0,23994.025411704195,0.0,0.0,0.0,0.0,0.19909550143852067,0.0,0.58,0.58,27.899999618530273,0.0,0.0,2809543.0751145617,8.683920288883693
33,5544,7086,3543,after_environment_step_before_replay_storage_and_optimizer,17835.106497995752,0.0,167.35273064209287,2069124.7286126215,0.0,209690.13618008912,2610848.3616234073,-3753.2996556190033,0.0,0.0,0.0,12.0,0.0,0.0,0.8214285714285714,138.0,23994.14857135888,0.0,1.0,0.005952380952380952,0.0,0.19599347705845444,0.0,0.58,0.58,27.799999237060547,0.0,0.0,2820538.4978034967,8.725334439569455
34,5712,7422,3711,after_environment_step_before_replay_storage_and_optimizer,17684.938993067914,0.0,184.05021055037105,2132721.677159599,0.0,216624.70622913778,2690890.277098857,-4510.973517829332,0.0,0.0,0.0,12.0,0.0,0.0,0.7559523809523809,127.0,24787.64848063677,0.0,0.0,0.0,0.0,0.29822568784538084,0.0,0.58,0.58,32.0,0.0,0.0,2907514.9833279946,11.511854956124402
35,5880,7758,3879,after_environment_step_before_replay_storage_and_optimizer,11940.590229650032,0.0,123.88231311630807,2055337.4871556482,0.0,211682.17785978594,2594229.1192312925,-2288.7108426397904,0.0,0.0,0.0,12.0,0.0,0.0,0.625,105.0,24222.091310553515,0.0,1.0,0.005952380952380952,0.0,0.14184260762032258,0.0,0.58,0.58,32.0,0.0,0.0,2805911.2970910785,4.0106154262204665
36,6048,8094,4047,after_environment_step_before_replay_storage_and_optimizer,17600.07550419673,0.0,162.77073082235438,2147597.5260851225,0.0,223210.7679131407,2709438.666101665,-3217.3088602024427,0.0,0.0,0.0,12.0,0.0,0.0,0.75,126.0,25541.269730662487,0.0,0.0,0.0,0.0,0.26094000663577926,0.0,0.58,0.58,24.0,0.0,0.0,2932649.4340148056,6.320300451670941
37,6216,8430,4215,after_environment_step_before_replay_storage_and_optimizer,17643.77781065826,0.0,169.06280325719672,2096540.2580262176,0.0,213847.16109610247,2646151.711320491,-4696.944205926553,0.0,0.0,0.0,12.0,0.0,0.0,0.8154761904761905,137.0,24469.82317993466,0.0,0.0,0.0,0.0,0.226153943814991,0.0,0.58,0.58,24.0,0.0,0.0,2859998.8724165936,13.340952834200968
38,6384,8766,4383,after_environment_step_before_replay_storage_and_optimizer,15388.527126421071,0.0,110.76703426786116,2080359.9434809329,0.0,212600.79175763956,2624990.144691132,-3569.110645071066,0.0,0.0,0.0,12.0,0.0,0.0,0.8333333333333334,140.0,24327.205259861483,0.0,0.0,0.0,0.0,0.1629848826836839,0.0,0.58,0.58,29.299999237060547,0.0,0.0,2837590.9364487715,11.199531169283658
39,6552,9102,4551,after_environment_step_before_replay_storage_and_optimizer,18289.30482094633,0.0,193.89420474430153,2150406.2118355683,0.0,218752.33693531452,2714348.837431185,-4879.797643399096,0.0,0.0,0.0,12.0,0.0,0.0,0.8333333333333334,140.0,25031.106223566298,0.0,1.0,0.005952380952380952,0.0,0.2930588692264899,0.0,0.58,0.58,24.0,0.0,0.0,2933101.1743664993,12.765335932337397
40,6720,9438,4719,after_environment_step_before_replay_storage_and_optimizer,15320.800944438879,0.0,96.74242022884937,2081752.0006504094,0.0,212772.5539794723,2628394.3354693134,-3971.633398236664,0.0,0.0,0.0,12.0,0.0,0.0,0.8273809523809523,139.0,24346.85944266988,0.0,0.0,0.0,0.0,0.16852250417264064,0.0,0.58,0.58,24.0,0.0,0.0,2841166.8894487857,14.053621777452356
41,6888,9774,4887,after_environment_step_before_replay_storage_and_optimizer,19963.957924834864,0.0,195.9554171896434,2176524.1766347056,0.0,220991.31275079423,2748244.127661733,-4220.019454729803,0.0,0.0,0.0,12.0,0.0,0.0,0.8630952380952381,145.0,25287.304818993605,0.0,1.0,0.005952380952380952,0.0,0.3396210075295244,0.0,0.58,0.58,24.0,0.0,0.0,2969235.440412527,9.342772242270406
42,7056,10110,5055,after_environment_step_before_replay_storage_and_optimizer,18512.398139089477,0.0,174.24312956904578,2213907.4914630842,0.0,228386.27887577002,2792973.620380452,-2568.7031374704584,0.0,0.0,0.0,12.0,0.0,0.0,0.7916666666666666,133.0,26133.486328125,0.0,1.0,0.005952380952380952,0.0,0.2948980383751611,0.0,0.58,0.58,30.5,0.0,0.0,3021359.899256222,2.388927913209545
43,7224,10446,5223,after_environment_step_before_replay_storage_and_optimizer,18588.59024085237,0.0,113.59343972770876,2246260.2051805547,0.0,230357.79274615945,2834790.974837632,-2907.911199250554,0.0,0.0,0.0,12.0,0.0,0.0,0.7738095238095238,130.0,26359.080138012137,0.0,0.0,0.0,0.0,0.2424114233654375,0.0,0.58,0.58,32.0,0.0,0.0,3065148.767583791,7.723949612590254
44,7392,10782,5391,after_environment_step_before_replay_storage_and_optimizer,15614.361744751273,0.0,125.97843633070624,2099355.7350349748,0.0,219464.63996109838,2649978.151513726,-4295.060898888771,0.0,0.0,0.0,12.0,0.0,0.0,0.8630952380952381,145.0,25112.61270231553,0.0,0.0,0.0,0.0,0.1637456554313678,0.0,0.58,0.58,24.0,0.0,0.0,2869442.7914748243,13.91659831460148
45,7560,11118,5559,after_environment_step_before_replay_storage_and_optimizer,15509.323844434466,0.0,125.37443065656407,2060257.6390986927,0.0,210412.71999402388,2600932.139808682,-4389.579636420524,0.0,0.0,0.0,12.0,0.0,0.0,0.8571428571428571,144.0,24076.831446684595,0.0,0.0,0.0,0.0,0.16415940490985437,0.0,0.58,0.58,31.200000762939453,0.0,0.0,2811344.8598027057,14.425432342708776
46,7728,11454,5727,after_environment_step_before_replay_storage_and_optimizer,14892.535229868274,0.0,94.86379011621102,2098757.916987289,0.0,213522.70539217506,2650164.2918414674,-3356.061524113581,0.0,0.0,0.0,12.0,0.0,0.0,0.8214285714285714,138.0,24432.69678712154,0.0,1.0,0.005952380952380952,0.0,0.1609714285140442,0.0,0.58,0.58,24.0,0.0,0.0,2863686.9972336423,11.088480213595245
47,7896,11790,5895,after_environment_step_before_replay_storage_and_optimizer,14658.694582900902,0.0,102.38021696828582,2068713.6667470874,0.0,213291.32813099367,2611747.6258413205,-3882.4979569429506,0.0,0.0,0.0,12.0,0.0,0.0,0.8452380952380952,142.0,24406.221052583158,0.0,0.0,0.0,0.0,0.15498094158433898,0.0,0.58,0.58,24.0,0.0,0.0,2825038.953972314,13.269676766617605
48,8064,12126,6063,after_environment_step_before_replay_storage_and_optimizer,14601.692938141083,0.0,89.8805893301942,2065180.0091280565,0.0,212114.11490554063,2606638.680550212,-933.2835169466038,0.0,0.0,0.0,12.0,0.0,0.0,0.8809523809523809,148.0,24271.51643773456,0.0,0.0,0.0,0.0,0.13560071432546325,0.0,0.58,0.58,24.0,0.0,0.0,2818752.795455753,-0.7264177750786427
49,8232,12462,6231,after_environment_step_before_replay_storage_and_optimizer,15564.843608427933,0.0,138.30394871830867,2028559.6645752923,0.0,207546.71395550796,2560654.101210376,-4329.3587921911785,0.0,0.0,0.0,12.0,0.0,0.0,0.8690476190476191,146.0,23748.883857220953,0.0,0.0,0.0,0.0,0.16687684221901783,0.0,0.58,0.58,24.0,0.0,0.0,2768200.815165884,13.348557037857383
50,8400,12798,6399,after_environment_step_before_replay_storage_and_optimizer,15460.315313336567,0.0,33.34473939069903,2238133.836517379,0.0,228312.35298508592,2824574.818042976,-2056.9016826518073,0.0,0.0,0.0,12.0,0.0,0.0,0.7797619047619048,131.0,26125.027233020875,0.0,1.0,0.005952380952380952,0.0,0.09799065108169526,0.0,0.58,0.58,32.0,0.0,0.0,3052887.171028062,8.283824049817095
51,8568,13134,6567,after_environment_step_before_replay_storage_and_optimizer,15612.996840406217,0.0,88.67027793233865,2069153.7722296226,0.0,212154.04119031748,2612360.3160015247,-2666.9167510653083,0.0,0.0,0.0,12.0,0.0,0.0,0.8333333333333334,140.0,24276.085070414618,0.0,0.0,0.0,0.0,0.14592004166612774,0.0,0.58,0.58,24.0,0.0,0.0,2824514.357191842,8.01436707938622
52,8736,13470,6735,after_environment_step_before_replay_storage_and_optimizer,16906.036585276328,0.0,89.6102923616454,2160273.346044828,0.0,221928.470091161,2727184.3153066975,-1751.6006267075757,0.0,0.0,0.0,12.0,0.0,0.0,0.8630952380952381,145.0,25394.540633081626,0.0,1.0,0.005952380952380952,0.0,0.1779246167062522,0.0,0.58,0.58,25.399999618530273,0.0,0.0,2949112.7853978584,3.381385591839154
53,8904,13806,6903,after_environment_step_before_replay_storage_and_optimizer,14801.592316450804,0.0,80.94981212200946,2096509.6215069322,0.0,214629.54691253323,2647239.499452388,-2990.882696137635,0.0,0.0,0.0,12.0,0.0,0.0,0.8035714285714286,135.0,24559.349000564773,0.0,0.0,0.0,0.0,0.1513776412818465,0.0,0.58,0.58,24.0,0.0,0.0,2861869.046364921,10.097424753367605
54,9072,14142,7071,after_environment_step_before_replay_storage_and_optimizer,15059.794135507307,0.0,82.95278218058957,2160774.6695553917,0.0,223214.2139775819,2728194.3209940977,-2241.6103508598653,0.0,0.0,0.0,12.0,0.0,0.0,0.8452380952380952,142.0,25541.664052415977,0.0,1.0,0.005952380952380952,0.0,0.1441473251724392,0.0,0.58,0.58,24.0,0.0,0.0,2951408.5349716796,6.230884823463952
55,9240,14478,7239,after_environment_step_before_replay_storage_and_optimizer,18599.6102355462,0.0,102.18310651294269,2048843.5961809584,0.0,209041.6174392872,2585107.134539621,-2024.9233126299987,0.0,0.0,0.0,12.0,0.0,0.0,0.9285714285714286,156.0,23919.94071732445,0.0,0.0,0.0,0.0,0.1708751973468414,0.0,0.58,0.58,30.299999237060547,0.0,0.0,2794148.751978908,3.9936301723734315
56,9408,14814,7407,after_environment_step_before_replay_storage_and_optimizer,14855.780877047275,0.0,62.241613635800604,2170278.9140534513,0.0,221555.07134329146,2741402.577685281,-2105.834615591349,0.0,0.0,0.0,12.0,0.0,0.0,0.7976190476190477,134.0,25351.813849667047,0.0,1.0,0.005952380952380952,0.0,0.15373278498884083,0.0,0.58,0.58,24.0,0.0,0.0,2962957.6490285727,6.794676259808714
57,9576,15150,7575,after_environment_step_before_replay_storage_and_optimizer,12959.006156380352,0.0,30.347122486678927,2130644.0503093973,0.0,219369.3807906796,2690469.4972522487,-1350.2354497560855,0.0,0.0,0.0,12.0,0.0,0.0,0.7083333333333334,119.0,25101.712510587633,0.0,1.0,0.005952380952380952,0.0,0.12627844013346132,0.0,0.58,0.58,32.0,0.0,0.0,2909838.8780429284,4.930349899579695
58,9744,15486,7743,after_environment_step_before_replay_storage_and_optimizer,17082.59432093455,0.0,77.22926853354329,2200913.2118829116,0.0,221387.9893522901,2778455.379047774,-2690.2829459470527,0.0,0.0,0.0,12.0,0.0,0.0,0.8214285714285714,138.0,25332.695210189213,0.0,1.0,0.005952380952380952,0.0,0.13282496853395134,0.0,0.58,0.58,32.0,0.0,0.0,2999843.368400064,8.817658617722664
59,9912,15822,7911,after_environment_step_before_replay_storage_and_optimizer,14810.816694967185,0.0,39.19531480521073,2186863.7991266428,0.0,222892.43986139254,2763499.2413642406,-2837.1293652305694,0.0,0.0,0.0,12.0,0.0,0.0,0.8035714285714286,135.0,25504.844504816298,0.0,1.0,0.005952380952380952,0.0,0.11357262414396412,0.0,0.58,0.58,24.0,0.0,0.0,2986391.6812256332,11.833927937840192
60,10080,16158,8079,after_environment_step_before_replay_storage_and_optimizer,13840.626103178167,0.0,20.06557424794846,2239256.9930669107,0.0,229912.69602155683,2826000.0681710863,-2137.837077263078,0.0,0.0,0.0,12.0,0.0,0.0,0.7440476190476191,125.0,26308.149192316298,0.0,1.0,0.005952380952380952,0.0,0.08518829643666909,0.0,0.58,0.58,32.0,0.0,0.0,3055912.764192643,9.485250931438488
61,10248,16494,8247,after_environment_step_before_replay_storage_and_optimizer,17246.672394571007,0.0,125.21594725568502,2065341.6798365614,0.0,215509.46947204397,2607487.6759813786,-2420.228086193875,0.0,0.0,0.0,12.0,0.0,0.0,0.8809523809523809,148.0,24660.03562802759,0.0,0.0,0.0,0.0,0.15600839447115394,0.0,0.58,0.58,24.0,0.0,0.0,2822997.145453423,4.588183595628269
62,10416,16830,8415,after_environment_step_before_replay_storage_and_optimizer,16203.325481780781,0.0,126.21073488872935,2072434.334861202,0.0,210329.51738398173,2616399.19037369,-3253.8814518348686,0.0,0.0,0.0,12.0,0.0,0.0,0.8095238095238095,136.0,24067.310847274228,0.0,1.0,0.005952380952380952,0.0,0.172259731001911,0.0,0.58,0.58,25.399999618530273,0.0,0.0,2826728.7077576714,8.696763165850586
63,10584,17166,8583,after_environment_step_before_replay_storage_and_optimizer,13536.324748522225,0.0,89.26139783278086,2047343.0510008135,0.0,216118.86633347368,2587829.3628320047,-3712.795922780914,0.0,0.0,0.0,12.0,0.0,0.0,0.7023809523809523,118.0,24729.76689483122,0.0,1.0,0.005952380952380952,0.0,0.1446198375866832,0.0,0.58,0.58,32.0,0.0,0.0,2803948.229165478,13.208295743937722
64,10752,17502,8751,after_environment_step_before_replay_storage_and_optimizer,17163.523786335896,0.0,128.8211863167744,2115821.662595265,0.0,215333.2203415037,2671715.509924462,-3863.563636759912,0.0,0.0,0.0,12.0,0.0,0.0,0.8571428571428571,144.0,24639.868023099694,0.0,0.0,0.0,0.0,0.22318004700040428,0.0,0.58,0.58,26.200000762939453,0.0,0.0,2887048.7302659657,11.588547004793092
65,10920,17838,8919,after_environment_step_before_replay_storage_and_optimizer,16752.719748285515,0.0,117.76970269069352,2034034.3685328453,0.0,210391.44032340863,2567560.6947188815,-3291.9856552310357,0.0,0.0,0.0,12.0,0.0,0.0,0.8452380952380952,142.0,24074.396484375,0.0,1.0,0.005952380952380952,0.0,0.17553769596819002,0.0,0.58,0.58,24.0,0.0,0.0,2777952.13504229,9.393746114713565
66,11088,18174,9087,after_environment_step_before_replay_storage_and_optimizer,18237.050707526963,0.0,153.64038084869026,2097673.408550881,0.0,213473.1812729456,2645765.881237982,-4776.016842049393,0.0,0.0,0.0,12.0,0.0,0.0,0.7976190476190477,134.0,24427.029905997304,0.0,0.0,0.0,0.0,0.22149498977980558,0.0,0.58,0.58,24.0,0.0,0.0,2859239.062510927,14.661661359325553
67,11256,18510,9255,after_environment_step_before_replay_storage_and_optimizer,17372.71146411538,0.0,142.33628631121064,2081674.1786333185,0.0,213473.17960217845,2626816.1032356103,-4469.891982319963,0.0,0.0,0.0,12.0,0.0,0.0,0.7738095238095238,130.0,24427.02971481694,0.0,0.0,0.0,0.0,0.19827302208123923,0.0,0.58,0.58,24.0,0.0,0.0,2840289.2828377886,13.809282732927182
68,11424,18846,9423,after_environment_step_before_replay_storage_and_optimizer,17142.540053720477,0.0,124.12390346406755,2076794.6191398483,0.0,214060.36522527024,2621402.7610552358,-3152.896646528993,0.0,0.0,0.0,12.0,0.0,0.0,0.8452380952380952,142.0,24494.219423098362,0.0,1.0,0.005952380952380952,0.0,0.16871727320428273,0.0,0.58,0.58,28.399999618530273,0.0,0.0,2835463.126280506,8.317049024800905
69,11592,19182,9591,after_environment_step_before_replay_storage_and_optimizer,16776.722917580053,0.0,114.62508041249748,2096541.132596178,0.0,213712.68734939888,2647358.180458345,-4230.164781562147,0.0,0.0,0.0,12.0,0.0,0.0,0.7797619047619048,131.0,24454.435793974917,0.0,1.0,0.005952380952380952,0.0,0.18096106778145787,0.0,0.58,0.58,24.0,0.0,0.0,2861070.867807744,14.273319083060885
70,11760,19518,9759,after_environment_step_before_replay_storage_and_optimizer,15502.295693542643,0.0,125.87936168971282,2070014.7796651246,0.0,210876.2163003156,2614224.5493341233,-4203.444762423249,0.0,0.0,0.0,12.0,0.0,0.0,0.7797619047619048,131.0,24129.86779564232,0.0,1.0,0.005952380952380952,0.0,0.16607858352581856,0.0,0.58,0.58,24.0,0.0,0.0,2825100.765634439,13.464462110733479
71,11928,19854,9927,after_environment_step_before_replay_storage_and_optimizer,16933.957246553393,0.0,133.42898779561438,2039566.0603082401,0.0,208838.07450310155,2571601.47983828,-1910.6034422064095,0.0,0.0,0.0,12.0,0.0,0.0,0.8452380952380952,142.0,23896.649972511856,0.0,0.0,0.0,0.0,0.18321397295699987,0.0,0.58,0.58,24.0,0.0,0.0,2780439.5543413814,1.5472779432951818
72,12096,20190,10095,after_environment_step_before_replay_storage_and_optimizer,16326.4827454581,0.0,145.88797363160302,2038895.8542392314,0.0,208669.3679965917,2573635.9259323706,-3483.224425456873,0.0,0.0,0.0,12.0,0.0,0.0,0.8452380952380952,142.0,23877.34544509872,0.0,1.0,0.005952380952380952,0.0,0.18191506654603026,0.0,0.58,0.58,24.0,0.0,0.0,2782305.293928962,8.662843709388182
73,12264,20526,10263,after_environment_step_before_replay_storage_and_optimizer,17822.530458120786,0.0,143.44201739272467,2062499.5832795948,0.0,210384.77591855318,2602556.929128381,-3532.873623225703,0.0,0.0,0.0,12.0,0.0,0.0,0.9047619047619048,152.0,24073.633898575044,0.0,1.0,0.005952380952380952,0.0,0.1864353649207957,0.0,0.58,0.58,24.0,0.0,0.0,2812941.705046934,9.057847072565036
74,12432,20862,10431,after_environment_step_before_replay_storage_and_optimizer,17704.356732103584,0.0,125.17445504157331,2095132.8214921718,0.0,213859.22512216482,2643933.3661301886,-3891.2844799148006,0.0,0.0,0.0,12.0,0.0,0.0,0.8511904761904762,143.0,24471.20362652591,0.0,1.0,0.005952380952380952,0.0,0.18971849819006575,0.0,0.58,0.58,24.0,0.0,0.0,2857792.5912523535,11.945955097079604
75,12600,21198,10599,after_environment_step_before_replay_storage_and_optimizer,15833.793529851493,0.0,49.75298239145923,2207160.0657331166,0.0,225741.16540706708,2787660.0530817066,-1045.7218796113543,0.0,0.0,0.0,12.0,0.0,0.0,0.7976190476190477,134.0,25830.81474465265,0.0,1.0,0.005952380952380952,0.0,0.04173782448070109,0.0,0.58,0.58,32.0,0.0,0.0,3013401.218488774,2.243430454569218
76,12768,21534,10767,after_environment_step_before_replay_storage_and_optimizer,17748.204644045432,0.0,156.86026245341236,2070526.40296268,0.0,212004.336797021,2611965.301370576,-4864.386616628769,0.0,0.0,0.0,12.0,0.0,0.0,0.875,147.0,24258.95489195236,0.0,1.0,0.005952380952380952,0.0,0.20700434159698938,0.0,0.58,0.58,26.5,0.0,0.0,2823969.638167597,14.910317335939103
77,12936,21870,10935,after_environment_step_before_replay_storage_and_optimizer,15030.85986997111,0.0,143.0467256873817,2046212.4256542684,0.0,216732.60937108877,2584687.8898571385,-3894.597016813167,0.0,0.0,0.0,12.0,0.0,0.0,0.7678571428571429,129.0,24799.995480197424,0.0,0.0,0.0,0.0,0.1787499301332279,0.0,0.58,0.58,32.0,0.0,0.0,2801420.4992282274,10.89018154282293
78,13104,22206,11103,after_environment_step_before_replay_storage_and_optimizer,17366.783641999937,0.0,164.40750483305055,2061364.808430728,0.0,210527.44722947775,2603082.0337726427,-4405.467189468241,0.0,0.0,0.0,12.0,0.0,0.0,0.8333333333333334,140.0,24089.95930468883,0.0,1.0,0.005952380952380952,0.0,0.19283685026779057,0.0,0.58,0.58,24.0,0.0,0.0,2813609.4810021203,12.162885657358165
79,13272,22542,11271,after_environment_step_before_replay_storage_and_optimizer,17665.253983025716,0.0,68.64293845151042,2200479.253312617,0.0,223252.30992576736,2776891.433028247,-3274.131261668193,0.0,0.0,0.0,12.0,0.0,0.0,0.8333333333333334,140.0,25546.023245735127,0.0,1.0,0.005952380952380952,0.0,0.02618446307795323,0.0,0.58,0.58,32.0,0.0,0.0,3000143.742954015,12.252080001250341
80,13440,22878,11439,after_environment_step_before_replay_storage_and_optimizer,17507.01704287343,0.0,129.96830134327502,2100393.0490547232,0.0,213522.47000068525,2651862.194836607,-3965.911659073553,0.0,0.0,0.0,12.0,0.0,0.0,0.8214285714285714,138.0,24432.669852052095,0.0,0.0,0.0,0.0,0.19742254379830515,0.0,0.58,0.58,24.0,0.0,0.0,2865384.6648372924,12.03146021477126
81,13608,23214,11607,after_environment_step_before_replay_storage_and_optimizer,18657.139950875826,0.0,37.848055054990255,2192979.0786130577,0.0,221877.7424734534,2767264.7267542267,-1939.823972844164,0.0,0.0,0.0,12.0,0.0,0.0,0.8333333333333334,140.0,25388.736039608033,0.0,0.0,0.0,0.0,0.05262489894382163,0.0,0.58,0.58,32.0,0.0,0.0,2989142.46922768,7.4282365609213965
82,13776,23550,11775,after_environment_step_before_replay_storage_and_optimizer,17114.953666612593,0.0,152.25322757260074,2082057.2005482314,0.0,215143.59321125515,2628580.133454419,-3929.247448666022,0.0,0.0,0.0,12.0,0.0,0.0,0.8511904761904762,143.0,24618.169617923228,0.0,1.0,0.005952380952380952,0.0,0.20925470077085292,0.0,0.58,0.58,24.0,0.0,0.0,2843723.7266656742,10.511043588974065
83,13944,23886,11943,after_environment_step_before_replay_storage_and_optimizer,17086.075167931518,0.0,153.16978763105544,2082909.5720648838,0.0,215145.08894354603,2629697.3871686524,-3906.1186706795843,0.0,0.0,0.0,12.0,0.0,0.0,0.8333333333333334,140.0,24618.340769620987,0.0,1.0,0.005952380952380952,0.0,0.20865554113502385,0.0,0.58,0.58,24.0,0.0,0.0,2844842.4761121986,10.34040609553459
84,14112,24222,12111,after_environment_step_before_replay_storage_and_optimizer,15824.444511257636,0.0,140.3064006395889,2103374.858139023,0.0,212369.6113082811,2653450.7750951503,-3784.2444170588433,0.0,0.0,0.0,12.0,0.0,0.0,0.8095238095238095,136.0,24300.752045848894,0.0,0.0,0.0,0.0,0.19011877193341856,0.0,0.58,0.58,24.0,0.0,0.0,2865820.3864034317,10.502838046918878
85,14280,24558,12279,after_environment_step_before_replay_storage_and_optimizer,16735.960560291787,0.0,64.1612187817791,2172939.950070191,0.0,222579.89327515024,2745042.429682307,-3388.5071162909617,0.0,0.0,0.0,12.0,0.0,0.0,0.7857142857142857,132.0,25469.080832941298,0.0,0.0,0.0,0.0,0.15351282738328736,0.0,0.58,0.58,26.799999237060547,0.0,0.0,2967622.322957457,13.09286245454806
86,14448,24894,12447,after_environment_step_before_replay_storage_and_optimizer,17067.754775146306,0.0,128.22090395423584,2077347.6678992915,0.0,215144.41971942515,2623555.9834076776,-3587.769778635305,0.0,0.0,0.0,12.0,0.0,0.0,0.8630952380952381,145.0,24618.264192518807,0.0,1.0,0.005952380952380952,0.0,0.19829704452474378,0.0,0.58,0.58,24.0,0.0,0.0,2838700.4031271026,10.24559465592236
87,14616,25230,12615,after_environment_step_before_replay_storage_and_optimizer,17189.94220353124,0.0,115.73513947338688,2154761.5313334106,0.0,222676.45297918885,2720334.5516234734,-2910.519982294839,0.0,0.0,0.0,12.0,0.0,0.0,0.8869047619047619,149.0,25480.1298404288,0.0,0.0,0.0,0.0,0.2011543803500903,0.0,0.58,0.58,28.100000381469727,0.0,0.0,2943011.0046026623,7.608491543070979
88,14784,25566,12783,after_environment_step_before_replay_storage_and_optimizer,12991.947660815638,0.0,61.64567318425725,2233639.345356905,0.0,228394.64318330586,2819194.472058211,-1501.7252315420303,0.0,0.0,0.0,12.0,0.0,0.0,0.7023809523809523,118.0,26134.44342816493,0.0,1.0,0.005952380952380952,0.0,0.09161763716833105,0.0,0.58,0.58,32.0,0.0,0.0,3047589.115241517,3.809885766654719
89,14952,25902,12951,after_environment_step_before_replay_storage_and_optimizer,15957.265677292171,0.0,112.6952685991364,2163886.631888956,0.0,220404.50451810073,2733842.1750208004,-2923.921254371906,0.0,0.0,0.0,12.0,0.0,0.0,0.7619047619047619,128.0,25220.158294246958,0.0,1.0,0.005952380952380952,0.0,0.18632948935645824,0.0,0.58,0.58,24.0,0.0,0.0,2954246.679538901,7.857890155911347
90,15120,26238,13119,after_environment_step_before_replay_storage_and_optimizer,15436.40615341876,0.0,64.28128564737926,2205613.123468296,0.0,222640.79532233017,2786878.306347997,-3008.932323709528,0.0,0.0,0.0,12.0,0.0,0.0,0.7976190476190477,134.0,25476.049652719645,0.0,1.0,0.005952380952380952,0.0,0.1546944778573405,0.0,0.58,0.58,29.299999237060547,0.0,0.0,3009519.101670327,11.18778447970488
91,15288,26574,13287,after_environment_step_before_replay_storage_and_optimizer,16207.196202334037,0.0,160.52961076821157,2100500.4465890694,0.0,213524.87879089758,2651500.9512713216,-4315.500414887807,0.0,0.0,0.0,12.0,0.0,0.0,0.8392857142857143,141.0,24432.945481947165,0.0,0.0,0.0,0.0,0.19802811893819675,0.0,0.58,0.58,24.0,0.0,0.0,2865025.8300622194,11.945725428346341
92,15456,26910,13455,after_environment_step_before_replay_storage_and_optimizer,13714.95761646757,0.0,37.677649565475804,2215512.745433812,0.0,226895.68524126933,2798910.2303327313,-2392.2641550943963,0.0,0.0,0.0,12.0,0.0,0.0,0.6964285714285714,117.0,25962.922629816298,0.0,1.0,0.005952380952380952,0.0,0.08033826235557963,0.0,0.58,0.58,32.0,0.0,0.0,3025805.9155740007,9.700661801543426
93,15624,27246,13623,after_environment_step_before_replay_storage_and_optimizer,17369.954198642456,0.0,140.48308900525262,2073475.8882450985,0.0,210667.84711193945,2618391.247078688,-3944.721705937476,0.0,0.0,0.0,12.0,0.0,0.0,0.9107142857142857,153.0,24106.02479875811,0.0,1.0,0.005952380952380952,0.0,0.17733957185939014,0.0,0.58,0.58,24.0,0.0,0.0,2829059.0941906273,11.294623189372222
94,15792,27582,13791,after_environment_step_before_replay_storage_and_optimizer,17470.24780932147,0.0,144.8542192342975,2082986.6459531405,0.0,212698.8786879662,2628510.651118871,-3890.2913833449693,0.0,0.0,0.0,12.0,0.0,0.0,0.8928571428571429,150.0,24338.429022800647,0.0,0.0,0.0,0.0,0.188497483442317,0.0,0.58,0.58,24.0,0.0,0.0,2841209.529806837,10.760203762666995
95,15960,27918,13959,after_environment_step_before_replay_storage_and_optimizer,16279.862910603104,0.0,98.25149733847502,2205493.313443972,0.0,222781.0327922909,2786359.434328888,-3172.3698330570996,0.0,0.0,0.0,12.0,0.0,0.0,0.8333333333333334,140.0,25492.09656246374,0.0,1.0,0.005952380952380952,0.0,0.17141559552211247,0.0,0.58,0.58,29.5,0.0,0.0,3009140.467121179,9.966759324977003
96,16128,28254,14127,after_environment_step_before_replay_storage_and_optimizer,17142.825315578593,0.0,114.37948140129811,2043978.6762893938,0.0,206641.1662958543,2579199.423699753,-3031.420619258777,0.0,0.0,0.0,12.0,0.0,0.0,0.8630952380952381,145.0,23645.26503432355,0.0,1.0,0.005952380952380952,0.0,0.17072268381540365,0.0,0.58,0.58,28.700000762939453,0.0,0.0,2785840.5899956073,8.294334212215993
97,16296,28590,14295,after_environment_step_before_replay_storage_and_optimizer,15496.864780980784,0.0,105.18136986377249,2204120.114853919,0.0,223662.16530032622,2785047.724860753,-2334.2483632418953,0.0,0.0,0.0,12.0,0.0,0.0,0.8095238095238095,136.0,25592.92164033338,0.0,1.0,0.005952380952380952,0.0,0.1808960631492358,0.0,0.58,0.58,30.399999618530273,0.0,0.0,3008709.8901610794,5.36035962438312
98,16464,28926,14463,after_environment_step_before_replay_storage_and_optimizer,12322.68090446217,0.0,62.04929268755586,2175254.166775498,0.0,222518.78701231658,2746071.231840693,-2958.929463040304,0.0,0.0,0.0,12.0,0.0,0.0,0.7142857142857143,120.0,25462.088645441298,0.0,1.0,0.005952380952380952,0.0,0.10125514503321759,0.0,0.58,0.58,24.0,0.0,0.0,2968590.0188530097,11.071689753948176
99,16632,29262,14631,after_environment_step_before_replay_storage_and_optimizer,15813.230576619168,0.0,160.52416568238732,2093311.4896914484,0.0,215047.78489768453,2641377.760187285,-4575.379695793617,0.0,0.0,0.0,12.0,0.0,0.0,0.8333333333333334,140.0,24607.206589561174,0.0,0.0,0.0,0.0,0.20224562751207587,0.0,0.58,0.58,24.0,0.0,0.0,2856425.5450849696,13.245448538024855
100,16800,29598,14799,after_environment_step_before_replay_storage_and_optimizer,16679.840562955487,0.0,125.2505463887519,2032231.8516954058,0.0,208484.1226899384,2565876.53135531,-3294.2217821940185,0.0,0.0,0.0,12.0,0.0,0.0,0.875,147.0,23856.1484375,0.0,0.0,0.0,0.0,0.1628806018194096,0.0,0.58,0.58,24.0,0.0,0.0,2774360.6540452484,8.956076127644979
101,16968,29934,14967,after_environment_step_before_replay_storage_and_optimizer,17795.430350333743,0.0,100.8035318846396,2045247.459316579,0.0,208637.77592402464,2581290.744452981,-3292.6205842977115,0.0,0.0,0.0,12.0,0.0,0.0,0.9047619047619048,152.0,23873.73046875,0.0,0.0,0.0,0.0,0.15879053089455897,0.0,0.58,0.58,24.0,0.0,0.0,2789928.5203770055,10.414891008410178
102,17136,30270,15135,after_environment_step_before_replay_storage_and_optimizer,13741.00546279114,0.0,95.6738455470877,2149816.3408890353,0.0,219370.17172347158,2714850.1380408797,-3048.986147859044,0.0,0.0,0.0,12.0,0.0,0.0,0.7678571428571429,129.0,25101.803014410398,0.0,0.0,0.0,0.0,0.12950508082994766,0.0,0.58,0.58,32.0,0.0,0.0,2934220.309764351,9.504500006469959
103,17304,30606,15303,after_environment_step_before_replay_storage_and_optimizer,18008.805673944895,0.0,129.62808940172545,2072636.9196417495,0.0,212836.14246653533,2614649.1927813217,-3979.468985732149,0.0,0.0,0.0,12.0,0.0,0.0,0.875,147.0,24354.13566287657,0.0,1.0,0.005952380952380952,0.0,0.19667148708117255,0.0,0.58,0.58,26.5,0.0,0.0,2827485.335247857,12.119659564557223
104,17472,30942,15471,after_environment_step_before_replay_storage_and_optimizer,15679.472837633513,0.0,139.00048113358025,2095149.3695823988,0.0,214632.03230394382,2644955.7178458464,-3647.308483974275,0.0,0.0,0.0,12.0,0.0,0.0,0.8511904761904762,143.0,24559.63339568154,0.0,0.0,0.0,0.0,0.17879576297995103,0.0,0.58,0.58,24.0,0.0,0.0,2859587.75014979,9.896513551856566
105,17640,31278,15639,after_environment_step_before_replay_storage_and_optimizer,17711.76837681709,0.0,38.35630646568643,2032355.995039001,0.0,206754.79883908576,2568061.0213625724,-1377.784428745652,0.0,0.0,0.0,12.0,0.0,0.0,0.9285714285714286,156.0,23658.26763031832,0.0,0.0,0.0,0.0,0.115543654164036,0.0,0.58,0.58,31.0,0.0,0.0,2774815.820201658,4.58754375578707
106,17808,31614,15807,after_environment_step_before_replay_storage_and_optimizer,15057.62972680908,0.0,118.80278458993052,2203015.409154278,0.0,222751.3426591376,2784219.9150076844,-3003.6409269921155,0.0,0.0,0.0,12.0,0.0,0.0,0.8154761904761905,137.0,25488.69921875,0.0,0.0,0.0,0.0,0.2066615161628452,0.0,0.58,0.58,29.399999618530273,0.0,0.0,3006971.257666822,7.89003755956475
107,17976,31950,15975,after_environment_step_before_replay_storage_and_optimizer,17218.92225961254,0.0,166.13774199977706,2070264.187381194,0.0,210483.0628796062,2613706.321603161,-4228.781467760942,0.0,0.0,0.0,12.0,0.0,0.0,0.8273809523809523,139.0,24084.88055036847,0.0,0.0,0.0,0.0,0.19080264061100854,0.0,0.58,0.58,25.899999618530273,0.0,0.0,2824189.384482767,11.175642818818089
108,18144,32286,16143,after_environment_step_before_replay_storage_and_optimizer,16221.406937555757,0.0,132.87473884609062,2076148.6705675581,0.0,211832.9633033286,2621642.1972524053,-4354.693764194031,0.0,0.0,0.0,12.0,0.0,0.0,0.8511904761904762,143.0,24239.34519001904,0.0,0.0,0.0,0.0,0.18132820683633913,0.0,0.58,0.58,24.0,0.0,0.0,2833475.160555734,13.800984490204714
109,18312,32622,16311,after_environment_step_before_replay_storage_and_optimizer,16267.216350736764,0.0,148.23909275828555,2054674.536399376,0.0,210053.39990906185,2593902.4879521057,-4489.629715614311,0.0,0.0,0.0,12.0,0.0,0.0,0.8571428571428571,144.0,24035.715638090493,0.0,0.0,0.0,0.0,0.17232938042922039,0.0,0.58,0.58,24.0,0.0,0.0,2803955.8878611675,13.553803012574416
110,18480,32958,16479,after_environment_step_before_replay_storage_and_optimizer,13862.517277281562,0.0,81.35043397473419,2154820.0029288777,0.0,219155.01719766052,2722164.957337409,-2757.732395860295,0.0,0.0,0.0,12.0,0.0,0.0,0.6964285714285714,117.0,25077.183593811245,0.0,1.0,0.005952380952380952,0.0,0.16327542458920807,0.0,0.58,0.58,24.0,0.0,0.0,2941319.9745350694,8.907635940817427
111,18648,33294,16647,after_environment_step_before_replay_storage_and_optimizer,17854.811333063222,0.0,141.22321205094886,2098033.8895189636,0.0,214629.6127860168,2647473.2030383213,-3855.1129563476115,0.0,0.0,0.0,12.0,0.0,0.0,0.8809523809523809,148.0,24559.356538249573,0.0,0.0,0.0,0.0,0.2059559108081804,0.0,0.58,0.58,24.0,0.0,0.0,2862102.8158243382,10.80217205868113
112,18816,33630,16815,after_environment_step_before_replay_storage_and_optimizer,14791.302717635037,0.0,97.69835259071806,2130794.720935657,0.0,218919.45085440148,2689680.8015233995,-2649.669162771832,0.0,0.0,0.0,12.0,0.0,0.0,0.8035714285714286,135.0,25050.228516469342,0.0,0.0,0.0,0.0,0.192409774149249,0.0,0.58,0.58,32.0,0.0,0.0,2908600.252377801,7.386444658416069
113,18984,33966,16983,after_environment_step_before_replay_storage_and_optimizer,16951.628820329428,0.0,135.88875237105822,2100635.937373093,0.0,215028.07981474473,2651582.1049987935,-3195.7165357271133,0.0,0.0,0.0,12.0,0.0,0.0,0.8511904761904762,143.0,24604.95180211012,0.0,1.0,0.005952380952380952,0.0,0.1968227441648931,0.0,0.58,0.58,24.0,0.0,0.0,2866610.184813538,7.825257536372081
114,19152,34302,17151,after_environment_step_before_replay_storage_and_optimizer,16975.312787577743,0.0,136.59352325475447,2079165.930425961,0.0,212152.07378019454,2624383.7331548966,-3470.234635524167,0.0,0.0,0.0,12.0,0.0,0.0,0.9047619047619048,152.0,24275.859946182976,0.0,1.0,0.005952380952380952,0.0,0.175409208582107,0.0,0.58,0.58,24.0,0.0,0.0,2836535.806935091,9.155561782335568
115,19320,34638,17319,after_environment_step_before_replay_storage_and_optimizer,18496.53345767182,0.0,133.53913497599024,2090449.9390539175,0.0,212573.59958932237,2638865.2624657457,-3556.324923108826,0.0,0.0,0.0,12.0,0.0,0.0,0.8869047619047619,149.0,24324.09375,0.0,1.0,0.005952380952380952,0.0,0.18882851129906156,0.0,0.58,0.58,24.0,0.0,0.0,2851438.862055068,9.769276516984727
116,19488,34974,17487,after_environment_step_before_replay_storage_and_optimizer,17420.097010666836,0.0,99.7854143266286,2077756.3677836338,0.0,211049.83470225873,2623906.756705455,-3037.1807938905713,0.0,0.0,0.0,12.0,0.0,0.0,0.9047619047619048,152.0,24149.734375,0.0,1.0,0.005952380952380952,0.0,0.16307818330925186,0.0,0.58,0.58,24.0,0.0,0.0,2834956.591407714,9.198779109855138
117,19656,35310,17655,after_environment_step_before_replay_storage_and_optimizer,13359.496548002811,0.0,79.43602148366335,2178412.6407460906,0.0,221516.78344999396,2752421.991123252,-2259.9064967661607,0.0,0.0,0.0,12.0,0.0,0.0,0.6845238095238095,115.0,25347.432692703725,0.0,0.0,0.0,0.0,0.1522454331976945,0.0,0.58,0.58,24.0,0.0,0.0,2973938.774573246,6.533371194811
118,19824,35646,17823,after_environment_step_before_replay_storage_and_optimizer,18125.28491055277,0.0,138.34137771973656,2105418.168167129,0.0,212820.856294648,2658159.911134678,-3818.883750907995,0.0,0.0,0.0,12.0,0.0,0.0,0.8630952380952381,145.0,24352.3865167983,0.0,0.0,0.0,0.0,0.20247841970005628,0.0,0.58,0.58,24.0,0.0,0.0,2870980.7674293257,10.793936091355773
119,19992,35982,17991,after_environment_step_before_replay_storage_and_optimizer,17761.84303732654,0.0,147.1977797342588,2049123.7729915706,0.0,208582.4901180698,2585472.230941023,-3776.2174358997327,0.0,0.0,0.0,12.0,0.0,0.0,0.8809523809523809,148.0,23867.404296875,0.0,0.0,0.0,0.0,0.193676524312099,0.0,0.58,0.58,24.0,0.0,0.0,2794054.7210590933,10.04922039544313
120,20160,36318,18159,after_environment_step_before_replay_storage_and_optimizer,16070.023008631097,0.0,147.74470429990652,2122891.3113443577,0.0,216792.08577147467,2681355.1522942483,-3280.183430015724,0.0,0.0,0.0,12.0,0.0,0.0,0.7321428571428571,123.0,24806.801167929552,0.0,0.0,0.0,0.0,0.2331408604993193,0.0,0.58,0.58,26.799999237060547,0.0,0.0,2898147.238065723,7.536234892084241
121,20328,36654,18327,after_environment_step_before_replay_storage_and_optimizer,17444.453094917615,0.0,158.92758960644278,2099227.817672134,0.0,215030.46634443596,2649644.5127052707,-3601.0449240544326,0.0,0.0,0.0,12.0,0.0,0.0,0.8571428571428571,144.0,24605.224884807405,0.0,1.0,0.005952380952380952,0.0,0.1993234324373301,0.0,0.58,0.58,24.0,0.0,0.0,2864674.979049707,8.46956924388559
122,20496,36990,18495,after_environment_step_before_replay_storage_and_optimizer,16361.403558566768,0.0,109.9234784427772,2171887.2044049692,0.0,221963.43161087748,2744350.2610291457,-3017.209410666416,0.0,0.0,0.0,12.0,0.0,0.0,0.8214285714285714,138.0,25398.541164120612,0.0,1.0,0.005952380952380952,0.0,0.19691880347211393,0.0,0.58,0.58,28.899999618530273,0.0,0.0,2966313.6926400233,8.490638346765449
123,20664,37326,18663,after_environment_step_before_replay_storage_and_optimizer,18518.08806488888,0.0,145.92396262424154,2083619.3018869108,0.0,213256.61818359935,2629432.5629299935,-4783.56072590815,0.0,0.0,0.0,12.0,0.0,0.0,0.8988095238095238,151.0,24402.24930813273,0.0,0.0,0.0,0.0,0.20806680844786152,0.0,0.58,0.58,24.0,0.0,0.0,2842689.181113593,15.16236587208626
124,20832,37662,18831,after_environment_step_before_replay_storage_and_optimizer,17241.984282483696,0.0,108.67196221756603,2054369.2297149785,0.0,210811.2634014005,2593746.0865994347,-3371.670211671502,0.0,0.0,0.0,12.0,0.0,0.0,0.8809523809523809,148.0,24122.435450301233,0.0,1.0,0.005952380952380952,0.0,0.15652021190442156,0.0,0.58,0.58,24.0,0.0,0.0,2804557.350000835,10.338033325303542
125,21000,37998,18999,after_environment_step_before_replay_storage_and_optimizer,12338.504165452907,0.0,33.9883970432893,2196620.71054015,0.0,221265.08959460867,2773135.1992522916,-1475.7719737980672,0.0,0.0,0.0,12.0,0.0,0.0,0.7619047619047619,128.0,25318.632197503386,0.0,1.0,0.005952380952380952,0.0,0.08701994136384829,0.0,0.58,0.58,32.0,0.0,0.0,2994400.2888469,5.339556046392979
126,21168,38334,19167,after_environment_step_before_replay_storage_and_optimizer,18284.967179579453,0.0,90.0555562548052,2041639.3033772216,0.0,208992.90891991046,2576931.1263652146,-2646.899347332698,0.0,0.0,0.0,12.0,0.0,0.0,0.9047619047619048,152.0,23914.36716259314,0.0,0.0,0.0,0.0,0.159337400274013,0.0,0.58,0.58,24.0,0.0,0.0,2785924.035285125,7.8311633613751805
127,21336,38670,19335,after_environment_step_before_replay_storage_and_optimizer,10823.701895141272,0.0,45.30892084280822,2153319.8172345813,0.0,220353.96112867218,2719336.9622051534,-1234.991857096624,0.0,0.0,0.0,12.0,0.0,0.0,0.7916666666666666,133.0,25214.374781405862,0.0,0.0,0.0,0.0,0.06816085669920088,0.0,0.58,0.58,32.0,0.0,0.0,2939690.9233338255,3.4564240349146242
128,21504,39006,19503,after_environment_step_before_replay_storage_and_optimizer,18538.328323170288,0.0,148.20722028830096,2101930.3820417374,0.0,215028.07549167794,2651707.7530398993,-3543.682378473866,0.0,0.0,0.0,12.0,0.0,0.0,0.9107142857142857,153.0,24604.95130743589,0.0,0.0,0.0,0.0,0.21135002777678719,0.0,0.58,0.58,24.0,0.0,0.0,2866735.8285315773,8.825978675071276
129,21672,39342,19671,after_environment_step_before_replay_storage_and_optimizer,13068.94717780261,0.0,27.515345567604527,2202998.99658414,0.0,221257.23285420568,2783010.8796335883,-2461.343552932688,0.0,0.0,0.0,12.0,0.0,0.0,0.875,147.0,25317.733176691298,0.0,0.0,0.0,0.0,0.08507705664991586,0.0,0.58,0.58,32.0,0.0,0.0,3004268.112487794,10.655797030607168
130,21840,39678,19839,after_environment_step_before_replay_storage_and_optimizer,16242.68592030129,0.0,47.003234846568375,2093926.5761756804,0.0,220642.99689817615,2642064.052497494,-2384.0631960321166,0.0,0.0,0.0,12.0,0.0,0.0,0.8452380952380952,142.0,25247.44818830164,0.0,0.0,0.0,0.0,0.12923608241966747,0.0,0.58,0.58,24.0,0.0,0.0,2862707.04939567,9.100121889366475
131,22008,40014,20007,after_environment_step_before_replay_storage_and_optimizer,19162.02305626733,0.0,114.6445157191356,2097459.48932922,0.0,212826.3360861488,2647705.9529430247,-3712.198683777866,0.0,0.0,0.0,12.0,0.0,0.0,0.9047619047619048,152.0,24353.01355121111,0.0,1.0,0.005952380952380952,0.0,0.17980133801057196,0.0,0.58,0.58,26.799999237060547,0.0,0.0,2860532.2890291736,11.6823224757412
132,22176,40350,20175,after_environment_step_before_replay_storage_and_optimizer,18325.305459959287,0.0,67.47827643380151,2079455.3416161167,0.0,211644.6471648989,2625611.3963408754,-1413.8124787111753,0.0,0.0,0.0,12.0,0.0,0.0,0.9107142857142857,153.0,24217.796797299285,0.0,1.0,0.005952380952380952,0.0,0.14827669596383874,0.0,0.58,0.58,24.0,0.0,0.0,2837256.0435057743,3.020365807527785
133,22344,40686,20343,after_environment_step_before_replay_storage_and_optimizer,11730.351977049386,0.0,73.84915118806748,2151158.264485996,0.0,219883.13758609063,2715234.1978151314,-2159.2391161386986,0.0,0.0,0.0,12.0,0.0,0.0,0.7738095238095238,130.0,25160.500001039974,0.0,1.0,0.005952380952380952,0.0,0.11714331033272715,0.0,0.58,0.58,32.0,0.0,0.0,2935117.335401222,6.365246509409453
134,22512,41022,20511,after_environment_step_before_replay_storage_and_optimizer,13945.101211219608,0.0,69.18279789330518,2135496.3731801417,0.0,219268.7214580815,2696628.8606206207,-2781.619801583758,0.0,0.0,0.0,12.0,0.0,0.0,0.7797619047619048,131.0,25090.19439616675,0.0,0.0,0.0,0.0,0.15852361196624465,0.0,0.58,0.58,32.0,0.0,0.0,2915897.5820787023,9.75713113432048
135,22680,41358,20679,after_environment_step_before_replay_storage_and_optimizer,13269.638141619915,0.0,27.30912499473743,2193858.2907560077,0.0,220570.99045566368,2769939.7612740677,-1808.0389213588273,0.0,0.0,0.0,12.0,0.0,0.0,0.7916666666666666,133.0,25239.20872930174,0.0,1.0,0.005952380952380952,0.0,0.104738254659957,0.0,0.58,0.58,32.0,0.0,0.0,2990510.7517297314,7.401647107109897
136,22848,41694,20847,after_environment_step_before_replay_storage_and_optimizer,18250.52439998463,0.0,71.18597602834961,2069701.0898055132,0.0,213294.43963432533,2612807.27381138,-4192.803127234241,0.0,0.0,0.0,12.0,0.0,0.0,0.9047619047619048,152.0,24406.577091615705,0.0,1.0,0.005952380952380952,0.0,0.17621260176199685,0.0,0.58,0.58,24.0,0.0,0.0,2826101.7134457054,16.692857074470226
137,23016,42030,21015,after_environment_step_before_replay_storage_and_optimizer,18761.09824060438,0.0,154.12126121227993,2082484.741056823,0.0,214517.3381307319,2628096.904757537,-3341.3328882290652,0.0,0.0,0.0,12.0,0.0,0.0,0.9107142857142857,153.0,24546.509320880272,0.0,0.0,0.0,0.0,0.2038370472153788,0.0,0.58,0.58,24.0,0.0,0.0,2842614.242888269,7.459388768408528
138,23184,42366,21183,after_environment_step_before_replay_storage_and_optimizer,19867.320544044425,0.0,80.41534681521262,2080781.1861687035,0.0,212962.31030974022,2627020.470359635,-4211.698548974811,0.0,0.0,0.0,12.0,0.0,0.0,0.9464285714285714,159.0,24368.572631777137,0.0,0.0,0.0,0.0,0.17598526282466118,0.0,0.58,0.58,29.0,0.0,0.0,2839982.7806693753,16.233571935961297
139,23352,42702,21351,after_environment_step_before_replay_storage_and_optimizer,17997.213851676555,0.0,147.5297413948574,2108139.096644913,0.0,215737.74091445174,2660213.3901833845,-3932.226139262001,0.0,0.0,0.0,12.0,0.0,0.0,0.8333333333333334,140.0,24686.15597399859,0.0,1.0,0.005952380952380952,0.0,0.2149064252891095,0.0,0.58,0.58,24.0,0.0,0.0,2875951.1310978364,10.809346212618562
140,23520,43038,21519,after_environment_step_before_replay_storage_and_optimizer,18073.05369639332,0.0,88.07178507663775,2064099.5299109553,0.0,210309.01514373717,2604267.1172787137,-3249.1409314831326,0.0,0.0,0.0,12.0,0.0,0.0,0.9345238095238095,157.0,24064.96484375,0.0,1.0,0.005952380952380952,0.0,0.1726699348586121,0.0,0.58,0.58,24.0,0.0,0.0,2814576.132422451,10.961397552817392
141,23688,43374,21687,after_environment_step_before_replay_storage_and_optimizer,15873.493434050224,0.0,118.2317177218938,2134356.1683788076,0.0,219409.02443531452,2692397.040803482,-3782.608056271495,0.0,0.0,0.0,12.0,0.0,0.0,0.8333333333333334,140.0,25106.248801691298,0.0,1.0,0.005952380952380952,0.0,0.19187297927590222,0.0,0.58,0.58,24.0,0.0,0.0,2911806.065238796,11.819137218043837
142,23856,43710,21855,after_environment_step_before_replay_storage_and_optimizer,17543.8201607908,0.0,137.29527292487364,2101967.1573797683,0.0,215028.0978641169,2652230.336338163,-3273.070235395573,0.0,0.0,0.0,12.0,0.0,0.0,0.875,147.0,24604.95386744007,0.0,1.0,0.005952380952380952,0.0,0.20135965430218244,0.0,0.58,0.58,24.0,0.0,0.0,2867258.43420228,8.127634801485458
143,24024,44046,22023,after_environment_step_before_replay_storage_and_optimizer,12478.863761464194,0.0,70.20606717868577,2150149.7185669746,0.0,218932.16709484856,2716212.996907543,-2464.200960321761,0.0,0.0,0.0,12.0,0.0,0.0,0.6785714285714286,114.0,25051.683593794936,0.0,1.0,0.005952380952380952,0.0,0.13528794775694916,0.0,0.58,0.58,24.0,0.0,0.0,2935145.1640023915,8.108640770887657
144,24192,44382,22191,after_environment_step_before_replay_storage_and_optimizer,19930.156735212437,0.0,126.42448934147615,2045923.761287629,0.0,209901.81541475467,2581531.508397926,-2855.5638316759087,0.0,0.0,0.0,12.0,0.0,0.0,0.9107142857142857,153.0,24018.370325889457,0.0,1.0,0.005952380952380952,0.0,0.20339142482068331,0.0,0.58,0.58,24.0,0.0,0.0,2791433.323812681,6.692349797890975
145,24360,44718,22359,after_environment_step_before_replay_storage_and_optimizer,14068.906958970041,0.0,60.790104408017214,2168029.7325371127,0.0,220419.35356947884,2738874.354474388,-2127.0880235116515,0.0,0.0,0.0,12.0,0.0,0.0,0.7023809523809523,118.0,25221.857422071473,0.0,1.0,0.005952380952380952,0.0,0.12686929075219738,0.0,0.58,0.58,24.0,0.0,0.0,2959293.708043867,6.988033853077226
146,24528,45054,22527,after_environment_step_before_replay_storage_and_optimizer,18838.87764027327,0.0,70.96701318055966,2059654.7035623342,0.0,210519.38494368477,2600499.208157104,-2487.5870739876923,0.0,0.0,0.0,12.0,0.0,0.0,0.9226190476190477,155.0,24089.03676399776,0.0,1.0,0.005952380952380952,0.0,0.159929897298141,0.0,0.58,0.58,24.0,0.0,0.0,2811018.5931007885,8.17991457910488
147,24696,45390,22695,after_environment_step_before_replay_storage_and_optimizer,13463.107429283546,0.0,44.754572203535645,2209420.2764296876,0.0,222095.74180718148,2790897.3462565574,-1890.7441625382526,0.0,0.0,0.0,12.0,0.0,0.0,0.6964285714285714,117.0,25413.68098216574,0.0,0.0,0.0,0.0,0.09948549542242943,0.0,0.58,0.58,32.0,0.0,0.0,3012993.088063739,6.768446480479115
148,24864,45726,22863,after_environment_step_before_replay_storage_and_optimizer,17415.70327149612,0.0,68.05835163389565,2056804.4697314645,0.0,208785.18658942886,2596583.629570099,-1726.9976726897157,0.0,0.0,0.0,12.0,0.0,0.0,0.9047619047619048,152.0,23890.59818351782,0.0,0.0,0.0,0.0,0.16190893038407114,0.0,0.58,0.58,25.600000381469727,0.0,0.0,2805368.8161595277,4.551487265414844
149,25032,46062,23031,after_environment_step_before_replay_storage_and_optimizer,13205.85252632289,0.0,35.634031409392264,2187807.9868777436,0.0,222892.43986139254,2764851.351993272,-2179.137849307605,0.0,0.0,0.0,12.0,0.0,0.0,0.6547619047619048,110.0,25504.844504816298,0.0,1.0,0.005952380952380952,0.0,0.1196804291580094,0.0,0.58,0.58,24.0,0.0,0.0,2987743.7918546647,8.757647361974492
150,25200,46398,23199,after_environment_step_before_replay_storage_and_optimizer,17689.733232040355,0.0,151.6178967549822,2102105.0243187593,0.0,215031.12217930364,2653092.9313257267,-3618.7959252277064,0.0,0.0,0.0,12.0,0.0,0.0,0.8809523809523809,148.0,24605.29992982164,0.0,1.0,0.005952380952380952,0.0,0.20625223341166832,0.0,0.58,0.58,24.0,0.0,0.0,2868124.0535050305,8.996905820839588
151,25368,46734,23367,after_environment_step_before_replay_storage_and_optimizer,18712.014791485573,0.0,107.92011233404264,2081886.0333973807,0.0,214061.90370505548,2627490.779325927,-3525.61821913067,0.0,0.0,0.0,12.0,0.0,0.0,0.9285714285714286,156.0,24494.395466250473,0.0,1.0,0.005952380952380952,0.0,0.19536205484001598,0.0,0.58,0.58,29.100000381469727,0.0,0.0,2841552.6830309825,11.15288435561079
152,25536,47070,23535,after_environment_step_before_replay_storage_and_optimizer,18079.279372368048,0.0,85.79580761721627,2046201.8057892716,0.0,209743.53708868145,2581327.6920530596,-2267.483921310375,0.0,0.0,0.0,12.0,0.0,0.0,0.8928571428571429,150.0,24000.259060664444,0.0,0.0,0.0,0.0,0.17501958301524762,0.0,0.58,0.58,24.0,0.0,0.0,2791071.229141741,6.189671149518911
153,25704,47406,23703,after_environment_step_before_replay_storage_and_optimizer,13665.701216730997,0.0,21.46001332359083,2177162.6748772166,0.0,223353.6489989733,2752137.722894872,-1729.2864029286334,0.0,0.0,0.0,12.0,0.0,0.0,0.6607142857142857,111.0,25557.619140625,0.0,1.0,0.005952380952380952,0.0,0.12188493190571495,0.0,0.58,0.58,24.0,0.0,0.0,2975491.3718938455,7.358831215227729
154,25872,47742,23871,after_environment_step_before_replay_storage_and_optimizer,11940.770923670667,0.0,14.674907732702195,2200395.583602574,0.0,222597.85225411746,2778430.836794321,-2166.3582387990127,0.0,0.0,0.0,12.0,0.0,0.0,0.7261904761904762,122.0,25471.135819491356,0.0,0.0,0.0,0.0,0.08120290606805831,0.0,0.58,0.58,32.0,0.0,0.0,3001028.6890484383,9.951296730032935
155,26040,48078,24039,after_environment_step_before_replay_storage_and_optimizer,14982.077249262853,0.0,111.92327093757194,2136310.2081538253,0.0,219139.22681700744,2696570.4359042416,-3685.2287107152665,0.0,0.0,0.0,12.0,0.0,0.0,0.7261904761904762,122.0,25075.376752791966,0.0,1.0,0.005952380952380952,0.0,0.17405009239416666,0.0,0.58,0.58,32.0,0.0,0.0,2915709.6627212493,11.710747297322014
156,26208,48414,24207,after_environment_step_before_replay_storage_and_optimizer,17717.64254935184,0.0,92.37976262751181,2082019.137515094,0.0,213248.02568783597,2628056.115171357,-4002.538898094199,0.0,0.0,0.0,12.0,0.0,0.0,0.8928571428571429,150.0,24401.26609726882,0.0,1.0,0.005952380952380952,0.0,0.18281178915963925,0.0,0.58,0.58,28.299999237060547,0.0,0.0,2841304.140859193,14.46990873282029
157,26376,48750,24375,after_environment_step_before_replay_storage_and_optimizer,15257.681078371734,0.0,45.01955630253178,2206271.112702651,0.0,221257.23285420568,2787399.1887653973,-2352.6150433019325,0.0,0.0,0.0,12.0,0.0,0.0,0.8333333333333334,140.0,25317.733176691298,0.0,1.0,0.005952380952380952,0.0,0.1382584275454888,0.0,0.58,0.58,32.0,0.0,0.0,3008656.421619603,9.061901838357755
158,26544,49086,24543,after_environment_step_before_replay_storage_and_optimizer,13312.362558374109,0.0,107.67999967865217,2153295.362522384,0.0,219810.42453798768,2719034.856667095,-2374.1291921675556,0.0,0.0,0.0,12.0,0.0,0.0,0.6488095238095238,109.0,25152.1796875,0.0,1.0,0.005952380952380952,0.0,0.14157393871668783,0.0,0.58,0.58,24.0,0.0,0.0,2938845.2812050823,5.409845980118647
159,26712,49422,24711,after_environment_step_before_replay_storage_and_optimizer,16174.321732960087,0.0,102.06040441458572,2252818.9445666065,0.0,231228.09561088297,2843997.185124262,-1700.4400224744843,0.0,0.0,0.0,12.0,0.0,0.0,0.8095238095238095,136.0,26458.666015625,0.0,0.0,0.0,0.0,0.18895105482579036,0.0,0.58,0.58,32.0,0.0,0.0,3075225.280735145,2.3785758474972774
160,26880,49758,24879,after_environment_step_before_replay_storage_and_optimizer,17978.926366359898,0.0,61.95147540144171,2059678.5265914088,0.0,209689.05967659137,2600152.1603033957,-2903.1456737434287,0.0,0.0,0.0,12.0,0.0,0.0,0.875,147.0,23994.025390625,0.0,0.0,0.0,0.0,0.16013092080161753,0.0,0.58,0.58,27.799999237060547,0.0,0.0,2809841.219979987,10.798639844630651
161,27048,50094,25047,after_environment_step_before_replay_storage_and_optimizer,18352.74437551446,0.0,111.97994579035185,2058455.1161191678,0.0,213187.2566735113,2597665.60174249,-3633.5880757485456,0.0,0.0,0.0,12.0,0.0,0.0,0.8630952380952381,145.0,24394.3125,0.0,0.0,0.0,0.0,0.19712397389692696,0.0,0.58,0.58,24.0,0.0,0.0,2810852.8584160013,11.449143631321606
162,27216,50430,25215,after_environment_step_before_replay_storage_and_optimizer,17679.879082009928,0.0,54.47649510488918,2069781.7466170117,0.0,211510.51817471458,2612931.0806129505,-2397.7859508500105,0.0,0.0,0.0,12.0,0.0,0.0,0.8571428571428571,144.0,24202.448860687502,0.0,1.0,0.005952380952380952,0.0,0.15819249439361674,0.0,0.58,0.58,24.0,0.0,0.0,2824441.598787665,8.720340047956697
163,27384,50766,25383,after_environment_step_before_replay_storage_and_optimizer,17966.53791061895,0.0,46.6779702968397,2048383.7361447315,0.0,209571.95663368187,2585303.3803725243,-2058.940167154853,0.0,0.0,0.0,12.0,0.0,0.0,0.8928571428571429,150.0,23980.62567683343,0.0,1.0,0.005952380952380952,0.0,0.15799426177888537,0.0,0.58,0.58,24.0,0.0,0.0,2794875.337006206,7.494022617963875
164,27552,51102,25551,after_environment_step_before_replay_storage_and_optimizer,16588.289421590267,0.0,82.49178607965405,2130836.8334661,0.0,219081.41658110882,2689865.993162005,-2390.399067077747,0.0,0.0,0.0,12.0,0.0,0.0,0.7619047619047619,128.0,25068.76171875,0.0,1.0,0.005952380952380952,0.0,0.18750302537568814,0.0,0.58,0.58,32.0,0.0,0.0,2908947.409743114,7.002488170609485
165,27720,51438,25719,after_environment_step_before_replay_storage_and_optimizer,14993.093786938021,0.0,78.71666286342952,2237984.273932695,0.0,228075.2238706328,2824186.517735775,-2557.270360476329,0.0,0.0,0.0,12.0,0.0,0.0,0.8154761904761905,137.0,26097.893332941298,0.0,0.0,0.0,0.0,0.16361910980658687,0.0,0.58,0.58,32.0,0.0,0.0,3052261.741606408,8.063352030575878
166,27888,51774,25887,after_environment_step_before_replay_storage_and_optimizer,18356.45647194146,0.0,127.8097048924028,2094856.6172297043,0.0,215028.07430698152,2643064.1585392524,-3651.5930533679984,0.0,0.0,0.0,12.0,0.0,0.0,0.875,147.0,24604.951171875,0.0,0.0,0.0,0.0,0.20781206387477527,0.0,0.58,0.58,24.0,0.0,0.0,2858092.232846234,10.589382973295825
167,28056,52110,26055,after_environment_step_before_replay_storage_and_optimizer,13393.110931021398,0.0,58.47916301044643,2171209.038991251,0.0,222468.58770533506,2742225.7740852083,-2810.8151131637287,0.0,0.0,0.0,12.0,0.0,0.0,0.6845238095238095,115.0,25456.344504816298,0.0,1.0,0.005952380952380952,0.0,0.12413174930747889,0.0,0.58,0.58,24.0,0.0,0.0,2964694.3617905434,10.545325785191867
168,28224,52446,26223,after_environment_step_before_replay_storage_and_optimizer,17408.925600946837,0.0,98.63916834697557,2059973.8859265642,0.0,211325.64745919485,2600206.5322530055,-3695.1005661463423,0.0,0.0,0.0,12.0,0.0,0.0,0.8452380952380952,142.0,24181.294716312947,0.0,1.0,0.005952380952380952,0.0,0.18019964437166952,0.0,0.58,0.58,31.200000762939453,0.0,0.0,2811532.1797122005,12.557152729913183
169,28392,52782,26391,after_environment_step_before_replay_storage_and_optimizer,14168.55450987509,0.0,51.65367239149964,2204881.892987124,0.0,223956.19430184804,2786976.0274603385,-968.201905512862,0.0,0.0,0.0,12.0,0.0,0.0,0.75,126.0,25626.56640625,0.0,1.0,0.005952380952380952,0.0,0.11679679343318283,0.0,0.58,0.58,27.5,0.0,0.0,3010932.2217621864,1.7417891840743196
170,28560,53118,26559,after_environment_step_before_replay_storage_and_optimizer,14014.633763219395,0.0,50.827543225703266,2178271.480746532,0.0,220182.84944319443,2751032.083798821,-2065.570434225427,0.0,0.0,0.0,12.0,0.0,0.0,0.7797619047619048,131.0,25194.795037320415,0.0,0.0,0.0,0.0,0.09298162638639496,0.0,0.58,0.58,32.0,0.0,0.0,2971214.9332420155,7.278199577584945
171,28728,53454,26727,after_environment_step_before_replay_storage_and_optimizer,18043.76220957999,0.0,96.53073619222778,2082701.982930576,0.0,211349.40050929447,2629636.126549679,-2514.0322924943043,0.0,0.0,0.0,12.0,0.0,0.0,0.875,147.0,24184.012699254323,0.0,0.0,0.0,0.0,0.19223828104298807,0.0,0.58,0.58,24.600000381469727,0.0,0.0,2840985.5270589734,6.778317290937851
172,28896,53790,26895,after_environment_step_before_replay_storage_and_optimizer,17518.011426920188,0.0,92.08189653710724,2028496.5692666746,0.0,209514.12484972258,2560478.495184702,-2475.891264949069,0.0,0.0,0.0,12.0,0.0,0.0,0.8511904761904762,143.0,23974.00817711816,0.0,1.0,0.005952380952380952,0.0,0.17934647166542855,0.0,0.58,0.58,24.0,0.0,0.0,2769992.6200344246,6.854542532518903
173,29064,54126,27063,after_environment_step_before_replay_storage_and_optimizer,14223.839228496441,0.0,68.42801736955516,2170277.713745083,0.0,222468.58770533506,2741171.4727171254,-2995.1316971622987,0.0,0.0,0.0,12.0,0.0,0.0,0.7261904761904762,122.0,25456.344504816298,0.0,1.0,0.005952380952380952,0.0,0.15905513132429827,0.0,0.58,0.58,24.0,0.0,0.0,2963640.0604224605,10.869977443638186
174,29232,54462,27231,after_environment_step_before_replay_storage_and_optimizer,15108.3737091998,0.0,54.90299384620266,2170197.2675977102,0.0,222892.43986139254,2742295.6601120066,-3236.1391807769983,0.0,0.0,0.0,12.0,0.0,0.0,0.7321428571428571,123.0,25504.844504816298,0.0,0.0,0.0,0.0,0.14178700488692902,0.0,0.58,0.58,24.0,0.0,0.0,2965188.099973399,12.886516273112816
175,29400,54798,27399,after_environment_step_before_replay_storage_and_optimizer,17502.173799564574,0.0,89.870410204785,2045461.3436839203,0.0,209363.96993058745,2582285.2481981814,-2556.495790094682,0.0,0.0,0.0,12.0,0.0,0.0,0.875,147.0,23956.826446474643,0.0,1.0,0.005952380952380952,0.0,0.17560268592222014,0.0,0.58,0.58,24.0,0.0,0.0,2791649.2181287687,7.390254338186302
176,29568,55134,27567,after_environment_step_before_replay_storage_and_optimizer,18270.056081080314,0.0,123.85075145510018,2087606.608700366,0.0,214696.91235610555,2634851.621888221,-4533.138424411544,0.0,0.0,0.0,12.0,0.0,0.0,0.8035714285714286,135.0,24567.057405409632,0.0,1.0,0.005952380952380952,0.0,0.21175732727165908,0.0,0.58,0.58,24.0,0.0,0.0,2849548.5342443264,15.234647034751724
177,29736,55470,27735,after_environment_step_before_replay_storage_and_optimizer,18703.988004786937,0.0,143.52893557828065,2085840.5234918208,0.0,213490.15236920686,2631699.596433647,-4810.202765169982,0.0,0.0,0.0,12.0,0.0,0.0,0.8809523809523809,148.0,24428.971852397495,0.0,0.0,0.0,0.0,0.2208237046267078,0.0,0.58,0.58,24.0,0.0,0.0,2845189.7488028537,15.43927769115307
178,29904,55806,27903,after_environment_step_before_replay_storage_and_optimizer,15657.33395438479,0.0,41.42992175007021,2174570.517552438,0.0,220182.84843452217,2746618.0659507257,-2163.089881874067,0.0,0.0,0.0,12.0,0.0,0.0,0.8333333333333334,140.0,25194.794921901383,0.0,1.0,0.005952380952380952,0.0,0.08657205240373984,0.0,0.58,0.58,32.0,0.0,0.0,2966800.914385248,8.329654104366114
