step,elapsed_sec,steps_per_sec,loss_q1,loss_q2,loss_actor,loss_bc,alpha,reward_batch_mean,q_pi_mean,policy_l2_mean,policy_l2_min,policy_l2_max,clip_frac_at_1,policy_a0_mean,policy_a1_mean,policy_a2_mean,action_mse,eval_policy_l2_mean
1,0.436,2.2925,0.22888544,0.30994135,0.73030877,0.20106672,0.19997999,-0.13012958,-0.09712483,0.53344697,0.08059717,1.25728953,0.0,-0.00172739,-0.03093601,-0.01061637,nan,nan
50,1.046,47.808,0.08324457,0.10950895,0.63782048,0.14296703,0.19900945,-0.14470722,-0.18644324,0.5100776,0.08744632,1.01836264,0.0,-0.02767405,0.00036526,0.08089073,nan,nan
100,1.854,53.945,0.06227633,0.07127761,0.53750026,0.10538968,0.19806859,-0.11814487,-0.20289412,0.57046634,0.05156242,1.26422882,0.0,0.01658743,0.00072111,0.10374941,nan,nan
150,2.464,60.8708,0.07184079,0.07229477,0.50535285,0.08092941,0.19715522,-0.10427451,-0.22836503,0.57769227,0.07728773,1.28507316,0.0,-0.00761748,0.0048025,0.06066529,nan,nan
200,3.011,66.4274,0.08043306,0.07930071,0.61525488,0.08165248,0.19624159,-0.15103543,-0.32708687,0.59446162,0.04614737,1.3012656,0.0,-0.02774502,-0.03258435,0.07033516,nan,nan
250,3.577,69.8967,0.09876174,0.10062473,0.63323843,0.08045707,0.19532125,-0.15025899,-0.35267466,0.58908522,0.04607597,1.40652406,0.0,-0.02257131,0.01555094,0.04052716,nan,nan
300,4.117,72.8599,0.09616346,0.09825048,0.6146903,0.08099713,0.19439638,-0.12790829,-0.33564836,0.58731019,0.09125336,1.49121392,0.0,-0.02962154,-0.01665134,0.05307594,nan,nan
350,4.663,75.0664,0.12767927,0.13070476,0.63260961,0.07265878,0.19347453,-0.12434711,-0.35266125,0.58587402,0.08394321,1.28239095,0.0,-0.03071067,0.00090254,0.03351878,nan,nan
400,5.2,76.921,0.11386553,0.11278627,0.70698482,0.07756825,0.19255057,-0.12937582,-0.4145993,0.57750881,0.02040432,1.25027907,0.0,-0.02497449,-0.01187737,0.05214634,nan,nan
450,5.748,78.2877,0.11021249,0.11111111,0.68514895,0.07563387,0.19163422,-0.11796407,-0.41372594,0.58013213,0.0920643,1.26910377,0.0,0.0152854,-0.01068188,0.00981046,nan,nan
500,6.286,79.5427,0.1326158,0.13364403,0.72553611,0.07984893,0.1907199,-0.13281597,-0.44408929,0.57444471,0.05579714,1.35361207,0.0,-0.01135274,-0.0128688,0.03320787,nan,nan
550,6.834,80.4757,0.16381015,0.16482158,0.6857444,0.07117147,0.18980721,-0.09978098,-0.40765157,0.5675844,0.06827036,1.28264391,0.0,-0.00751853,-0.00798123,0.02686182,nan,nan
600,7.417,80.8983,0.22874323,0.22886822,0.67966706,0.07351745,0.18889959,-0.10103159,-0.40311134,0.5727542,0.10271455,1.265993,0.0,-0.01443836,0.00295091,0.0340859,nan,nan
650,8.001,81.2436,0.18910293,0.18991105,0.8161273,0.0691165,0.18799844,-0.12401529,-0.54380703,0.55640352,0.03729757,1.34244859,0.0,-0.05300711,0.001462,0.07166,nan,nan
700,8.726,80.2161,0.27213621,0.2762571,0.73243344,0.06835634,0.18710005,-0.10935958,-0.46862322,0.5597803,0.03897312,1.31152725,0.0,-0.01823022,-0.00903209,0.06476252,nan,nan
750,9.4,79.7914,0.27526686,0.27959251,1.00388837,0.06811962,0.18620512,-0.15421177,-0.73439431,0.59051323,0.11654754,1.27107835,0.0,-0.0481867,-0.02549664,0.08776496,nan,nan
800,10.015,79.8841,0.30811942,0.30975661,0.89849019,0.06860662,0.18531287,-0.11670273,-0.62263966,0.56930405,0.05937091,1.34414363,0.0,-0.01634471,0.00778734,0.0589285,nan,nan
850,20.565,41.332,0.39255473,0.40365082,1.05666673,0.07026518,0.18442824,-0.16111229,-0.77661616,0.57897127,0.05983635,1.32746601,0.0,-0.06092787,-0.03314902,0.08038145,nan,nan
900,21.14,42.5739,0.32301003,0.32242173,0.94204783,0.06603181,0.18354356,-0.13172027,-0.66756201,0.56104761,0.06350372,1.30795479,0.0,-0.01342016,-0.00269726,0.02745408,nan,nan
950,21.702,43.7739,0.3812969,0.38872123,1.16185987,0.07159161,0.18266547,-0.16562906,-0.8854689,0.57770866,0.0532006,1.30560374,0.0,-0.03915667,0.01118378,0.06285594,nan,nan
1000,22.256,44.9311,0.38334674,0.38763675,1.02366388,0.066654,0.18179125,-0.13780606,-0.75038719,0.57795745,0.05653231,1.38812709,0.0,-0.0493988,-0.01487913,0.0467443,0.00477463,0.38407063
1050,22.857,45.9381,0.34408242,0.34563538,1.17434418,0.0669447,0.18091825,-0.14246713,-0.89913279,0.57081681,0.04762816,1.38359129,0.0,-0.06923691,-0.03222286,0.06408329,0.00477463,0.38407063
1100,23.411,46.986,0.35676676,0.36328936,1.01657915,0.06883731,0.1800518,-0.10612299,-0.7424615,0.56288195,0.02714448,1.32638776,0.0,-0.02214449,0.0007296,0.00431406,0.00477463,0.38407063
1150,23.961,47.9941,0.53319311,0.53054726,1.05251527,0.07032557,0.1791897,-0.10600336,-0.77659309,0.56440079,0.09794204,1.31571913,0.0,-0.048376,0.00629182,0.02661549,0.00477463,0.38407063
1200,24.518,48.9435,0.44665757,0.44486943,1.2798748,0.06504556,0.17833246,-0.14587106,-1.00243461,0.56176573,0.00837208,1.37210381,0.0,-0.03502351,-0.03810527,0.0468229,0.00477463,0.38407063
1250,25.076,49.849,0.59381872,0.60632849,1.52666295,0.06767335,0.17747772,-0.18218565,-1.24814773,0.5774374,0.06287603,1.40432763,0.0,-0.04688578,-0.01210817,0.0690908,0.00477463,0.38407063
1300,25.634,50.7143,0.43415123,0.43480903,1.22740829,0.06494097,0.17662747,-0.12579212,-0.95491534,0.56278199,0.08765798,1.32863855,0.0,-0.04538036,-0.05107459,0.04559505,0.00477463,0.38407063
1350,26.182,51.5624,0.40270132,0.4066771,1.2645849,0.06212849,0.17578235,-0.13153026,-0.991023,0.56107384,0.05507785,1.36565924,0.0,-0.03936639,-0.01272793,0.04651876,0.00477463,0.38407063
1400,26.73,52.3752,0.63342369,0.63571882,1.40809739,0.06077712,0.17494428,-0.16075431,-1.13173044,0.55975711,0.04635606,1.34243953,0.0,-0.06015652,-0.02575416,0.05064274,0.00477463,0.38407063
1450,27.281,53.1507,0.57965529,0.59603292,1.31071079,0.06517419,0.17410716,-0.12276688,-1.03585196,0.5716517,0.08530352,1.31821215,0.0,-0.0584789,-0.00884626,0.03023175,0.00477463,0.38407063
1500,27.841,53.8772,0.51815015,0.51442599,1.45491481,0.06176998,0.1732723,-0.12826809,-1.17011821,0.56940496,0.09805441,1.3935405,0.0,-0.06535713,-0.02884805,0.02912315,0.00477463,0.38407063
1550,28.396,54.5847,0.61088872,0.6139937,1.32133782,0.06567875,0.17244726,-0.11267843,-1.04514492,0.55600929,0.03208185,1.26840639,0.0,-0.0611931,-0.01804576,0.00737886,0.00477463,0.38407063
1600,28.947,55.2732,0.90691268,0.90886635,1.72320104,0.06635885,0.17162439,-0.17346561,-1.44155872,0.58969122,0.0554552,1.32641327,0.0,-0.04688356,-0.02187766,0.04591179,0.00477463,0.38407063
1650,39.497,41.7757,0.70981121,0.70750654,1.45366406,0.06609637,0.17080621,-0.1254642,-1.17652869,0.54380953,0.0440728,1.37380707,0.0,-0.06409914,-0.02000336,0.01028137,0.00477463,0.38407063
1700,40.06,42.436,0.7975421,0.80130792,1.63415253,0.06568252,0.1699926,-0.13758118,-1.36032248,0.56139946,0.05966806,1.4045552,0.0,-0.06355233,-0.01346003,0.03534485,0.00477463,0.38407063
1750,40.614,43.0887,0.83813769,0.8364194,1.79045272,0.06558891,0.16918209,-0.16413717,-1.50477481,0.57284188,0.04590514,1.37441611,0.0,-0.09889174,-0.03209993,0.05048917,0.00477463,0.38407063
1800,41.176,43.7146,0.67219549,0.6695528,1.68703103,0.06322519,0.16837674,-0.13014062,-1.41126442,0.57126719,0.03874942,1.32083511,0.0,-0.05412938,-0.02626789,0.05226239,0.00477463,0.38407063
1850,41.728,44.3352,1.03634298,1.05769646,1.67048883,0.06507884,0.16757607,-0.12683442,-1.39199805,0.55312341,0.06325103,1.29962468,0.0,-0.06715645,-0.03371239,0.0492392,0.00477463,0.38407063
1900,42.28,44.9384,0.85820466,0.85108733,1.54044497,0.06110361,0.16677853,-0.09610739,-1.26217484,0.53927225,0.03955304,1.32762802,0.0,-0.04903928,-0.02988891,0.01000629,0.00477463,0.38407063
1950,42.841,45.5167,0.78091526,0.79914194,1.81222284,0.06081149,0.16598424,-0.13475609,-1.53086627,0.56950629,0.07478756,1.35704386,0.0,-0.08531827,-0.05092244,0.03274821,0.00477463,0.38407063
2000,43.393,46.0907,0.78166747,0.77037627,1.79657245,0.06218546,0.16519548,-0.13268678,-1.51620221,0.54710031,0.09480723,1.38240874,0.0,-0.07688829,-0.02953402,0.02409947,0.00638575,0.3961193
2050,43.994,46.5972,0.9622246,0.95315182,1.79672384,0.06456424,0.16441095,-0.12482288,-1.51148987,0.55244815,0.06688169,1.3252281,0.0,-0.09221571,-0.0328113,0.03574597,0.00638575,0.3961193
2100,44.547,47.1409,0.81964278,0.81576306,1.57829499,0.05927528,0.16362938,-0.09718016,-1.30475223,0.55247319,0.07503041,1.32066917,0.0,-0.04439575,-0.02993279,0.00629299,0.00638575,0.3961193
2150,45.099,47.673,0.95178509,0.94076651,1.92177212,0.05876147,0.16285314,-0.14481314,-1.64671099,0.56495422,0.04795878,1.33956146,0.0,-0.08894894,-0.01629983,0.05585119,0.00638575,0.3961193
2200,45.657,48.1853,1.01271462,1.02254772,2.12230253,0.06604613,0.16208097,-0.16473012,-1.83591139,0.5682956,0.05894254,1.3519659,0.0,-0.10958323,-0.05863562,0.04860733,0.00638575,0.3961193
2250,46.208,48.6924,1.35643196,1.33715308,2.09430885,0.06107764,0.16131532,-0.13666338,-1.8088609,0.56023121,0.08180705,1.36766994,0.0,-0.10331235,-0.02455723,0.02765744,0.00638575,0.3961193
2300,46.756,49.1911,1.48628378,1.49038899,1.89381146,0.0638202,0.1605548,-0.11281595,-1.60912752,0.55519384,0.0723421,1.2734766,0.0,-0.0716852,-0.03495039,0.02519517,0.00638575,0.3961193
2350,47.312,49.67,1.01020694,1.01615548,2.00969672,0.05645688,0.15979613,-0.13913628,-1.72827733,0.55619931,0.08728124,1.35438108,0.0,-0.08891033,-0.03055992,0.02351904,0.00638575,0.3961193
2400,47.863,50.1434,0.95098126,0.97036278,1.89709795,0.05843193,0.15904218,-0.12775491,-1.61077487,0.54229158,0.06651378,1.39582419,0.0,-0.11380587,-0.04184633,0.01125347,0.00638575,0.3961193
2450,58.421,41.9368,1.17230284,1.16937518,2.12727547,0.06079905,0.15829396,-0.14294094,-1.84701991,0.5365808,0.03476608,1.41844285,0.0,-0.10557904,-0.03629448,0.03353325,0.00638575,0.3961193
2500,58.987,42.3824,1.52563596,1.51147616,2.4852891,0.06336562,0.15754902,-0.17122969,-2.19380093,0.5614841,0.04112369,1.40032279,0.0,-0.11071606,-0.02889872,0.08527534,0.00638575,0.3961193
2550,59.545,42.8247,1.27501369,1.27250516,2.47147679,0.05440615,0.15680631,-0.16565274,-2.18443441,0.52853817,0.04930528,1.38196194,0.0,-0.11694068,-0.00868263,0.05464507,0.00638575,0.3961193
2600,60.113,43.2516,1.41222143,1.41113234,2.26792455,0.06141342,0.15606913,-0.13637429,-1.9744792,0.5611555,0.06267303,1.36981392,0.0,-0.10791244,-0.03715535,0.02933602,0.00638575,0.3961193
2650,60.675,43.6753,1.01294672,0.99190485,2.1851666,0.05985164,0.15533578,-0.13334501,-1.89380014,0.54240596,0.04121101,1.32652545,0.0,-0.09810771,-0.02353518,0.01371829,0.00638575,0.3961193
2700,61.227,44.098,0.98368132,0.98666036,2.11815619,0.06110854,0.15460403,-0.11780681,-1.82704639,0.55245364,0.06501687,1.31840503,0.0,-0.12933104,-0.03358968,0.03424415,0.00638575,0.3961193
2750,61.8,44.4984,1.63165307,1.60353339,2.59446263,0.05973428,0.15387911,-0.1626378,-2.30208898,0.55466461,0.04418768,1.41751647,0.0,-0.12429293,-0.03524889,0.04067304,0.00638575,0.3961193
2800,62.363,44.8985,0.99417794,1.02029753,2.41692185,0.06082408,0.15315868,-0.12458643,-2.13267803,0.55995011,0.0729126,1.39425421,0.0,-0.08974475,-0.02285,0.03139202,0.00638575,0.3961193
2850,62.913,45.3004,1.43346095,1.41418266,2.0516994,0.05712522,0.15244225,-0.11251128,-1.76538277,0.53528631,0.04034187,1.3347609,0.0,-0.09784243,-0.04523841,0.00040232,0.00638575,0.3961193
2900,63.476,45.6868,1.27343774,1.27197134,2.46813464,0.0582733,0.15173021,-0.15619303,-2.17218876,0.54914141,0.02253827,1.39832759,0.0,-0.13594399,-0.03890418,0.03813254,0.00638575,0.3961193
2950,64.028,46.0732,1.25598252,1.23890126,2.60818553,0.06099944,0.15101983,-0.14174514,-2.29854226,0.57160634,0.09069794,1.35540533,0.0,-0.15498242,-0.04652146,0.02638799,0.00638575,0.3961193
3000,64.589,46.4473,1.77963459,1.76991284,2.40877795,0.05964612,0.15031651,-0.11736923,-2.1174233,0.54902476,0.03946915,1.44567466,0.0,-0.10571737,-0.04918619,0.02444124,0.01114186,0.42023405
3050,65.191,46.7859,1.61540353,1.60909986,2.29275656,0.06066832,0.14961624,-0.10980719,-1.98332965,0.55863392,0.10418241,1.43357849,0.0,-0.12727964,-0.05759563,0.00025384,0.01114186,0.42023405
3100,65.75,47.1484,1.88021338,1.88140142,2.56152606,0.0558284,0.14891855,-0.14868098,-2.2650423,0.55154711,0.03448857,1.40385413,0.0,-0.13955095,-0.03567814,0.02021298,0.01114186,0.42023405
3150,66.309,47.5047,1.45174789,1.46774113,2.76904964,0.06458855,0.14822637,-0.1620753,-2.45952511,0.56546664,0.03611635,1.36747074,0.0,-0.16339226,-0.02442446,0.01416266,0.01114186,0.42023405
3200,66.86,47.8609,1.18335927,1.16379595,2.55202055,0.06118998,0.14753647,-0.12160273,-2.23831248,0.5456003,0.03520773,1.32233942,0.0,-0.14155547,-0.06017919,-0.00131731,0.01114186,0.42023405
3250,77.413,41.9827,1.45695615,1.45232379,2.49962831,0.0586636,0.14685079,-0.1218697,-2.20206308,0.57366604,0.06551174,1.39584851,0.0,-0.1622449,-0.04269573,0.0488281,0.01114186,0.42023405
3300,77.976,42.3207,1.85698056,1.82883477,2.79436207,0.05545903,0.14616945,-0.14160773,-2.49212694,0.54940426,0.04546684,1.3226223,0.0,-0.12805745,-0.04837646,0.04074168,0.01114186,0.42023405
3350,78.53,42.6588,2.08312941,2.08897185,2.77970767,0.05902925,0.14549544,-0.15140867,-2.47801304,0.56328821,0.03501062,1.33606172,0.0,-0.15351823,-0.03778612,0.05256042,0.01114186,0.42023405
3400,79.089,42.9895,1.14606011,1.12748945,2.206743,0.0601757,0.14482059,-0.08938827,-1.9016211,0.54362363,0.04463228,1.38565147,0.0,-0.12838165,-0.05342925,0.00383668,0.01114186,0.42023405
3450,79.649,43.315,1.90999424,1.89957285,2.75298095,0.06087414,0.1441478,-0.13321744,-2.44104576,0.55750179,0.03364512,1.40172482,0.0,-0.15171242,-0.07241865,0.01741124,0.01114186,0.42023405
3500,80.215,43.6327,1.76185167,1.74557567,2.57517982,0.06005538,0.14348038,-0.11007583,-2.25699377,0.55417585,0.07623808,1.39738083,0.0,-0.16625653,-0.05998183,0.01620159,0.01114186,0.42023405
3550,80.768,43.9531,1.21691251,1.20060432,2.67902112,0.05886541,0.14281537,-0.11618051,-2.36572862,0.5506472,0.0760323,1.31405008,0.0,-0.13210458,-0.06020482,0.0053805,0.01114186,0.42023405
3600,81.322,44.2687,1.4077841,1.41074181,2.50628638,0.05700554,0.142156,-0.11757715,-2.19638443,0.53910184,0.06868819,1.3749336,0.0,-0.13365808,-0.05664243,0.02964294,0.01114186,0.42023405
3650,81.898,44.5677,1.26824307,1.2557689,2.63343191,0.05865052,0.14150107,-0.12377539,-2.31582499,0.56245244,0.02043728,1.37009811,0.0,-0.17449044,-0.04778051,0.04030847,0.01114186,0.42023405
3700,82.449,44.8761,1.80463123,1.80263531,3.13141823,0.06010209,0.14084925,-0.16483599,-2.81560612,0.54846102,0.02382625,1.34277976,0.0,-0.16859756,-0.02086135,0.03272067,0.01114186,0.42023405
3750,82.998,45.1819,1.7188766,1.73046851,2.76696301,0.06033911,0.14020284,-0.13347991,-2.43849897,0.58204329,0.04926402,1.38830507,0.0,-0.1636135,-0.06528535,0.05444795,0.01114186,0.42023405
3800,83.547,45.4834,2.14870238,2.15495205,2.98094296,0.05958156,0.13955685,-0.15354297,-2.67023039,0.56249994,0.03556623,1.39405048,0.0,-0.16456573,-0.06837562,0.04904144,0.01114186,0.42023405
3850,84.113,45.7719,1.75157082,1.71610713,2.62819886,0.06046882,0.13891308,-0.12320741,-2.30602908,0.55822384,0.0639969,1.35295475,0.0,-0.16847007,-0.03306663,0.00085395,0.01114186,0.42023405
3900,84.666,46.0634,1.80550456,1.84877491,2.77824616,0.05678676,0.13827206,-0.12432976,-2.46112204,0.54138887,0.05377587,1.31964982,0.0,-0.16291557,-0.05712954,0.03064236,0.01114186,0.42023405
3950,85.218,46.3517,1.3606621,1.37932265,2.68438983,0.05851655,0.13763754,-0.12361292,-2.36231709,0.54311371,0.07628848,1.35472119,0.0,-0.18341339,-0.0678563,0.05999827,0.01114186,0.42023405
4000,85.767,46.6379,1.48543298,1.47436333,2.95152354,0.05462657,0.13700677,-0.13425462,-2.64231944,0.54630876,0.05198491,1.34461069,0.0,-0.1493105,-0.04414134,0.06161652,0.01889051,0.44751346
4050,96.367,42.027,2.02099156,2.03414297,3.20265794,0.05901878,0.13637678,-0.15163043,-2.88211274,0.5589968,0.04179894,1.37252605,0.0,-0.16712381,-0.07943782,0.05542196,0.01889051,0.44751346
4100,96.931,42.2982,1.32593226,1.34044075,2.49783182,0.05639942,0.13575165,-0.09518139,-2.17058849,0.52115279,0.02745473,1.34557843,0.0,-0.15930894,-0.05710336,0.00171558,0.01889051,0.44751346
4150,97.496,42.5658,1.6730001,1.74562275,2.53222847,0.05958067,0.13513251,-0.10046984,-2.19749784,0.53787255,0.0720091,1.38893902,0.0,-0.17100695,-0.05347874,0.00128501,0.01889051,0.44751346
4200,98.067,42.828,1.72912264,1.71816444,2.86071682,0.06150963,0.13451451,-0.13260156,-2.51784921,0.57803237,0.06175156,1.39492965,0.0,-0.20160267,-0.05903165,0.04547054,0.01889051,0.44751346
4250,98.625,43.0924,1.92140555,1.92533946,3.22768521,0.05884965,0.13389842,-0.16506544,-2.88632965,0.57621598,0.08988334,1.43867528,0.0,-0.20775354,-0.05040092,0.0732145,0.01889051,0.44751346
4300,99.183,43.3542,1.80274463,1.82577074,3.23320675,0.06191138,0.13328832,-0.14150661,-2.89672899,0.55856544,0.06685869,1.41153204,0.0,-0.18909827,-0.07201806,0.02518693,0.01889051,0.44751346
4350,99.751,43.6087,2.087111,2.12839079,3.26592779,0.06379501,0.1326797,-0.1466669,-2.9152751,0.5736931,0.05155013,1.39014816,0.0,-0.20464395,-0.05160413,0.03466714,0.01889051,0.44751346
4400,100.296,43.8702,2.02238226,2.00651193,3.35145712,0.05973661,0.1320747,-0.14805491,-3.01973152,0.56534886,0.06292374,1.46569252,0.0,-0.17638947,-0.05869095,0.02676576,0.01889051,0.44751346
4450,100.856,44.1222,2.00722241,1.98616886,3.31368899,0.06028837,0.13147253,-0.14542487,-2.97017837,0.56851625,0.04227233,1.39308,0.0,-0.17956184,-0.05639972,0.02172426,0.01889051,0.44751346
4500,101.411,44.374,1.74568164,1.80049515,2.92473269,0.06098157,0.13087747,-0.13025811,-2.59151959,0.57158881,0.03920743,1.39192188,0.0,-0.19041166,-0.05092162,0.02380666,0.01889051,0.44751346
4550,101.981,44.6161,1.9309783,1.87117553,3.39894605,0.0604247,0.13028206,-0.15343529,-3.0478127,0.57169694,0.08138176,1.40249288,0.0,-0.18526474,-0.08384354,0.04639262,0.01889051,0.44751346
4600,102.542,44.8595,1.75694215,1.74867284,3.10688233,0.06154921,0.12969139,-0.1400284,-2.76172113,0.571854,0.05638744,1.44136703,0.0,-0.21965158,-0.04404576,0.08172691,0.01889051,0.44751346
4650,103.103,45.1004,1.6102072,1.55363739,3.23680687,0.06402172,0.12910202,-0.15065567,-2.88515019,0.564587,0.04037833,1.37886178,0.0,-0.1990574,-0.06743284,0.06248267,0.01889051,0.44751346
4700,103.663,45.3393,1.855775,1.86296046,3.09887266,0.06386589,0.12851794,-0.11796627,-2.7477293,0.58323908,0.05619749,1.3840971,0.0,-0.19872585,-0.07595192,0.01325511,0.01889051,0.44751346
4750,104.257,45.5605,2.04340768,2.01203322,3.13689566,0.06241594,0.12793565,-0.13688406,-2.7830658,0.55650014,0.0539953,1.40538859,0.0,-0.21777575,-0.04272022,0.06064047,0.01889051,0.44751346
4800,104.83,45.7886,1.60358763,1.59559226,3.02046371,0.06632984,0.12735814,-0.12610245,-2.66274428,0.56349528,0.07635586,1.38426447,0.0,-0.21585514,-0.05047904,0.06149675,0.01889051,0.44751346
4850,115.503,41.9901,1.70988798,1.73138094,3.2205205,0.0617686,0.12678222,-0.14329043,-2.88043022,0.56038773,0.05663241,1.36969078,0.0,-0.19680384,-0.05612365,0.04246249,0.01889051,0.44751346
4900,116.126,42.1954,1.83239865,1.78365016,3.23164368,0.06258464,0.12620811,-0.13247982,-2.87331343,0.55540621,0.0784857,1.35321999,0.0,-0.21834651,-0.05452367,0.04871856,0.01889051,0.44751346
4950,116.788,42.3844,1.88059855,1.91505539,3.14875865,0.06111316,0.12563613,-0.13672392,-2.79303479,0.56734383,0.06687235,1.40294862,0.0,-0.20953003,-0.06565408,0.05928415,0.01889051,0.44751346
5000,117.52,42.5459,1.53069043,1.54429233,2.95953822,0.0612008,0.12506925,-0.11849589,-2.59758925,0.57876468,0.04278675,1.40610242,0.0,-0.21335872,-0.05348702,0.03824346,0.02812311,0.48128188
5050,118.174,42.7335,1.18719637,1.20063508,2.83950591,0.06051752,0.12450365,-0.09693566,-2.49902844,0.53757358,0.04718428,1.38572562,0.0,-0.19386223,-0.06989542,0.04520535,0.02812311,0.48128188
5100,118.747,42.9485,2.07543111,2.06167531,3.08206558,0.06246449,0.12394161,-0.11957937,-2.73082447,0.56928527,0.02739641,1.39808238,0.0,-0.19885583,-0.05298008,0.03184772,0.02812311,0.48128188
5150,119.335,43.1559,2.17870522,2.23818994,3.60272813,0.06365828,0.12338705,-0.1648414,-3.23940301,0.56695426,0.05831802,1.35810626,0.0,-0.21580112,-0.05483067,0.03931402,0.02812311,0.48128188
5200,119.913,43.3649,1.70863855,1.67086279,2.99961543,0.06680751,0.12283098,-0.10936673,-2.63480616,0.56336272,0.04506085,1.44046497,0.0,-0.21820804,-0.06882717,0.03856724,0.02812311,0.48128188
5250,120.504,43.5669,1.7248137,1.71931267,3.17305779,0.06374369,0.12227987,-0.1266298,-2.81865239,0.55984449,0.05162494,1.43831277,0.0,-0.18811901,-0.06262982,0.04699895,0.02812311,0.48128188
5300,121.072,43.7756,1.57417655,1.56835425,3.02876115,0.06130415,0.12173019,-0.11180407,-2.66878796,0.55734324,0.07725,1.4325664,0.0,-0.20856088,-0.05803481,0.05811836,0.02812311,0.48128188
5350,121.662,43.9742,1.70575893,1.68768597,3.15929651,0.0634855,0.12118449,-0.13992344,-2.79005146,0.57166761,0.03327876,1.45857704,0.0,-0.22712691,-0.05166807,0.033539,0.02812311,0.48128188
5400,122.243,44.1744,1.68545055,1.65036416,3.26353908,0.06087532,0.12063792,-0.15509523,-2.90703201,0.57346988,0.11897726,1.4565779,0.0,-0.22392488,-0.06213801,0.06837168,0.02812311,0.48128188
5450,122.83,44.3704,1.69422615,1.66392672,3.15178871,0.06283327,0.12009557,-0.13701175,-2.77606201,0.56493133,0.05097833,1.40241563,0.0,-0.23203702,-0.05919857,0.04983607,0.02812311,0.48128188
5500,123.386,44.5756,1.74720693,1.76577044,3.35962772,0.06716818,0.11955852,-0.12478808,-2.9848938,0.57823312,0.09892412,1.4559406,0.0,-0.23945567,-0.06492668,0.05585187,0.02812311,0.48128188
5550,123.947,44.7771,2.00824118,2.02026892,2.91283488,0.06347571,0.11901969,-0.11198383,-2.54144883,0.56278098,0.0593971,1.4014293,0.0,-0.23679909,-0.06383927,0.03936163,0.02812311,0.48128188
5600,124.525,44.9708,2.04386902,2.09753847,2.96909475,0.06226167,0.11848494,-0.118987,-2.60282445,0.54795301,0.04057781,1.40790665,0.0,-0.20430909,-0.04516434,0.02277127,0.02812311,0.48128188
5650,135.105,41.8193,1.69714797,1.67443001,3.39058876,0.06085853,0.11795218,-0.16439405,-3.02165627,0.56979716,0.0619917,1.42329001,0.0,-0.22491512,-0.05100504,0.08342987,0.02812311,0.48128188
5700,135.666,42.015,1.34895945,1.34212172,2.90429544,0.06060064,0.11742383,-0.11352456,-2.54070973,0.5621925,0.06016615,1.39530301,0.0,-0.19871876,-0.04978254,0.05427734,0.02812311,0.48128188
5750,136.223,42.2102,1.67829931,1.6678865,3.03334498,0.06191765,0.1168991,-0.12793165,-2.659971,0.56756526,0.07974233,1.45200098,0.0,-0.21599415,-0.05888969,0.03931789,0.02812311,0.48128188
5800,136.784,42.4027,1.76803267,1.75329757,3.33244419,0.06233027,0.11637802,-0.13427168,-2.95730114,0.57230395,0.07197648,1.4095546,0.0,-0.23190425,-0.07921445,0.04633496,0.02812311,0.48128188
5850,137.345,42.5936,1.67611337,1.73734581,3.1076467,0.0639829,0.11585714,-0.11582011,-2.73895907,0.56792921,0.07009872,1.37884557,0.0,-0.19224195,-0.06426503,0.03104287,0.02812311,0.48128188
5900,137.907,42.7826,1.96811557,1.99553943,3.32203007,0.06513036,0.11533801,-0.13564846,-2.93681145,0.57848752,0.05306206,1.4407388,0.0,-0.24059317,-0.04373085,0.02354652,0.02812311,0.48128188
5950,138.465,42.971,1.54651082,1.55989659,2.8176899,0.06275459,0.11482227,-0.12950814,-2.4436698,0.54823542,0.05427165,1.3764329,0.0,-0.2158649,-0.05901247,0.03181855,0.02812311,0.48128188
6000,139.022,43.1586,1.94453168,1.94500947,3.2079916,0.06362698,0.11430837,-0.1354593,-2.82075214,0.59418035,0.03384526,1.44436681,0.0,-0.23781198,-0.06554368,0.04854861,0.03431994,0.50679642
6050,139.626,43.3301,1.51398003,1.46859276,3.3085568,0.06372533,0.11379649,-0.13274661,-2.93133354,0.57888389,0.09348185,1.48932409,0.0,-0.22095786,-0.0598506,0.03001294,0.03431994,0.50679642
6100,140.189,43.5126,1.85777116,1.8628149,3.48734617,0.06351081,0.11329077,-0.14311567,-3.10417724,0.5705623,0.04275328,1.42876339,0.0,-0.22785735,-0.05777213,0.05209903,0.03431994,0.50679642
6150,140.744,43.6964,1.30549693,1.35159445,3.00734925,0.0693522,0.11278518,-0.09755233,-2.60708117,0.55235416,0.02605818,1.436396,0.0,-0.23040287,-0.06610917,0.02323378,0.03431994,0.50679642
6200,141.306,43.8765,1.87825382,1.86422336,3.20074821,0.06362221,0.11228167,-0.12237064,-2.82167673,0.57986641,0.05552225,1.3869983,0.0,-0.235934,-0.05269429,0.07405655,0.03431994,0.50679642
6250,141.862,44.0568,2.09917879,2.0309937,3.10254669,0.06526729,0.11177989,-0.1149992,-2.72753859,0.58016944,0.06580677,1.37294328,0.0,-0.2242368,-0.06214502,0.04325156,0.03431994,0.50679642
6300,142.434,44.2309,1.43859076,1.50090003,3.2777853,0.07198787,0.11127998,-0.14737628,-2.87989664,0.58688647,0.00811376,1.46530199,0.0,-0.23627208,-0.06749424,0.03725641,0.03431994,0.50679642
6350,142.994,44.4074,1.81827581,1.83145308,3.12224698,0.0691993,0.11077988,-0.12938315,-2.73272943,0.57004863,0.0793243,1.41732275,0.0,-0.22937466,-0.06085714,0.02802409,0.03431994,0.50679642
6400,143.551,44.5836,1.60995078,1.61294007,3.34699416,0.06364723,0.11028292,-0.17113607,-2.96121716,0.58248198,0.05494166,1.42008924,0.0,-0.22253558,-0.04528428,0.07573492,0.03431994,0.50679642
6450,154.106,41.8544,1.37996697,1.3700254,3.17521358,0.06680637,0.10978833,-0.1483314,-2.78113818,0.58104503,0.04774657,1.3828187,0.0,-0.25128144,-0.05040513,0.04456227,0.03431994,0.50679642
6500,154.664,42.0267,1.58608878,1.6083225,2.77915382,0.06771467,0.10929532,-0.09648304,-2.40146303,0.56950212,0.08333953,1.42958558,0.0,-0.21923438,-0.05587688,0.01954676,0.03431994,0.50679642
6550,155.238,42.1932,1.64851594,1.60842037,2.9909277,0.06427751,0.10880629,-0.12460206,-2.61942482,0.5773325,0.03502284,1.39223695,0.0,-0.21944079,-0.05404983,0.02605327,0.03431994,0.50679642
6600,155.817,42.3575,1.95338261,1.95022142,2.95283175,0.06421278,0.10832085,-0.11529929,-2.56761765,0.57304668,0.05706841,1.46539104,0.0,-0.21535924,-0.0720906,0.02658956,0.03431994,0.50679642
6650,156.396,42.5202,1.55916524,1.55023277,2.97675586,0.06348757,0.10783574,-0.12567788,-2.60144973,0.57301962,0.08921555,1.39343727,0.0,-0.22666222,-0.06227379,0.05255892,0.03431994,0.50679642
6700,156.961,42.6857,1.50440407,1.50724399,2.9154191,0.06301859,0.10735478,-0.11187951,-2.53597808,0.57218266,0.0751551,1.42687309,0.0,-0.23305047,-0.06231931,0.03824015,0.03431994,0.50679642
6750,157.522,42.8512,1.72994614,1.69586432,2.84202909,0.06398656,0.10687532,-0.12710735,-2.4493444,0.58158624,0.10464467,1.40929019,0.0,-0.24497133,-0.05930089,0.06929996,0.03431994,0.50679642
6800,158.083,43.0153,1.48285389,1.50317252,2.97791147,0.06231178,0.10639869,-0.13426903,-2.60351133,0.57719821,0.03506672,1.40174162,0.0,-0.22924721,-0.05795044,0.05806287,0.03431994,0.50679642
6850,158.636,43.1807,1.61548424,1.56022644,3.43857241,0.07119121,0.10592359,-0.15096241,-3.0293622,0.59617817,0.05017171,1.50950301,0.0,-0.24669477,-0.06846298,0.07468676,0.03431994,0.50679642
6900,159.203,43.3409,1.54371476,1.52369165,3.23890114,0.06562641,0.10544784,-0.1477197,-2.84601355,0.59281051,0.08801407,1.40255678,0.0,-0.23601864,-0.05959793,0.02021373,0.03431994,0.50679642
6950,159.756,43.504,1.93825412,1.99706221,2.79080319,0.06758459,0.10497347,-0.12739938,-2.38970542,0.57324678,0.04951309,1.52353489,0.0,-0.24975696,-0.05604386,0.03814378,0.03431994,0.50679642
7000,160.316,43.6637,1.62799203,1.57721543,3.34601164,0.06637257,0.10450512,-0.16915977,-2.94261718,0.58383119,0.04950469,1.46914148,0.0,-0.23311131,-0.05397748,0.06452898,0.03843451,0.51946616
7050,160.918,43.811,1.17322397,1.19846237,2.71055222,0.07106337,0.10404076,-0.13022976,-2.31567883,0.5862487,0.07082738,1.41992199,0.0,-0.2411321,-0.02634482,0.01213605,0.03843451,0.51946616
7100,161.496,43.9639,1.83486986,1.81705332,2.99527478,0.06476977,0.10357486,-0.13381697,-2.60544372,0.57362711,0.07219654,1.51460302,0.0,-0.23569591,-0.04885919,0.03187061,0.03843451,0.51946616
7150,162.057,44.1204,2.09990621,2.06955147,2.87583971,0.06511346,0.10311207,-0.11823469,-2.47649479,0.58154988,0.0620958,1.46317887,0.0,-0.22015965,-0.07652365,0.03827816,0.03843451,0.51946616
7200,162.62,44.275,2.05842042,2.0786438,3.47556853,0.06695409,0.10265103,-0.18496007,-3.05961204,0.6164335,0.04389935,1.45696402,0.0,-0.27775127,-0.07135866,0.08545613,0.03843451,0.51946616
7250,173.175,41.8652,1.91028786,1.89596438,3.13953495,0.06316683,0.10219511,-0.15081538,-2.73967218,0.57689011,0.0590704,1.4722966,0.0,-0.24344945,-0.04184708,0.05193918,0.03843451,0.51946616
7300,173.744,42.0158,2.11697197,2.05053449,3.18913293,0.06716899,0.10173674,-0.15211812,-2.78469419,0.57742,0.0673516,1.38197172,0.0,-0.246889,-0.05579074,0.04053177,0.03843451,0.51946616
7350,174.306,42.1672,1.6031208,1.61788535,2.83643413,0.06887532,0.10128206,-0.11846417,-2.42415023,0.58280146,0.07532109,1.4763732,0.0,-0.24093834,-0.0641012,0.01404308,0.03843451,0.51946616
7400,174.856,42.3206,1.18775487,1.1784507,2.5520134,0.06821461,0.10082933,-0.11411316,-2.14642191,0.57898462,0.06123467,1.41370702,0.0,-0.26574296,-0.02633353,0.04876866,0.03843451,0.51946616
7450,175.412,42.4713,1.65201652,1.64417291,2.91545796,0.06787395,0.10038033,-0.13078895,-2.51691246,0.5940547,0.06680119,1.45690608,0.0,-0.23199838,-0.05417626,0.02580534,0.03843451,0.51946616
7500,175.992,42.6156,1.55787122,1.52203321,3.22637796,0.06860902,0.09993029,-0.1657553,-2.81481266,0.60226506,0.03335438,1.48896289,0.0,-0.26928806,-0.05899449,0.05225909,0.03843451,0.51946616
7550,176.624,42.7461,1.63635874,1.65951538,2.82959127,0.06378028,0.09948277,-0.13937898,-2.43697023,0.57739335,0.06917583,1.41776145,0.0,-0.24929528,-0.05204909,0.0495772,0.03843451,0.51946616
7600,177.348,42.8536,1.35980892,1.36262453,2.97714305,0.06810027,0.09903485,-0.13880265,-2.57708812,0.60768771,0.06254921,1.46279621,0.0,-0.24672939,-0.04446746,0.04177003,0.03843451,0.51946616
