#{"t_start": 1788749778.83323, "env_id": "None"}
r,l,t
20.705847,96,0.79468
13.940834,96,0.975373
14.796389,96,1.154079
15.290805,96,1.367144
16.391206,96,1.540599
7.79599,96,1.713138
8.583613,96,1.88494
17.695865,96,2.060625
16.134019,96,2.242305
19.556525,96,2.432537
19.088066,96,2.776439
18.884213,96,3.253208
14.131034,96,3.733733
44.130744,96,4.220547
15.109492,96,4.689664
47.137217,96,5.177518
46.492029,96,5.651658
23.212222,96,6.116916
41.598683,96,6.593979
32.185313,96,7.084177
35.909127,96,7.569707
47.216821,96,8.078005
23.133503,96,8.551647
32.135901,96,9.024328
14.533045,96,9.491121
45.308167,96,9.969881
45.399317,96,10.45756
33.077687,96,10.921537
32.228551,96,11.407463
14.434233,96,11.899111
11.195877,96,12.387941
18.725372,96,12.870393
23.104934,96,13.347153
14.407652,96,13.817203
12.857803,96,14.280311
46.951604,96,14.755322
44.605689,96,15.229234
34.226918,96,15.724154
46.236497,96,16.213432
21.88782,96,16.682479
46.720329,96,17.159324
32.172049,96,17.63179
45.778563,96,18.099002
46.77785,96,18.570402
14.401717,96,19.033146
22.917965,96,19.512759
46.974034,96,20.002797
20.601303,96,20.496639
38.403495,96,20.964289
46.530682,96,21.439001
28.30224,96,21.9043
43.901749,96,22.376866
14.251799,96,23.474884
45.317487,96,23.977087
32.183654,96,24.449244
45.897831,96,24.920261
27.988139,96,25.392014
32.456622,96,25.871341
24.205493,96,26.340199
23.07615,96,26.824111
31.895029,96,27.293271
45.368037,96,27.799511
41.772243,96,28.295297
43.702505,96,28.809675
22.98481,96,29.280566
14.174264,96,29.775461
47.087351,96,30.2609
47.179303,96,30.757756
46.99615,96,31.236628
32.244102,96,31.708555
11.502806,96,32.177917
46.696646,96,32.661852
29.437873,96,33.142526
32.930542,96,33.607941
32.850707,96,34.08261
23.071813,96,34.572977
34.134417,96,35.044041
45.796121,96,35.525503
38.377105,96,35.998329
47.711004,96,36.488646
22.905568,96,36.97254
22.297607,96,37.444552
47.269809,96,37.92174
32.064209,96,38.392451
47.325245,96,38.873896
23.018198,96,39.360729
13.61824,96,39.858579
46.374765,96,40.354717
41.203748,96,40.843072
18.755826,96,41.318443
13.155294,96,41.789862
22.969023,96,42.262238
32.758922,96,42.736009
14.320553,96,43.20833
23.017556,96,43.708054
22.534897,96,44.199199
41.229676,96,44.687771
14.247161,96,45.161123
32.951908,96,45.633209
46.311139,96,46.10916
45.750093,96,46.605327
32.334369,96,47.078304
14.384899,96,47.567069
26.184583,96,48.063014
46.623242,96,49.193936
29.839804,96,49.690176
14.426614,96,50.162139
46.71863,96,50.65249
32.505926,96,51.128219
14.774705,96,51.620311
46.066974,96,52.110203
14.56219,96,52.589393
46.632891,96,53.071194
14.306435,96,53.53635
11.222,96,54.008884
11.45198,96,54.502546
47.253612,96,54.98203
21.266144,96,55.466442
22.924929,96,55.969355
32.000966,96,56.447123
46.256035,96,56.949863
40.677081,96,57.58195
44.643949,96,58.064152
22.577198,96,58.536778
14.361532,96,59.004068
22.940748,96,59.483945
43.445494,96,59.967647
46.295375,96,60.454712
46.907961,96,60.953304
14.641243,96,61.420827
26.808786,96,61.897626
44.214965,96,62.374317
16.585789,96,62.846496
22.755913,96,63.329293
46.588658,96,63.864192
22.691024,96,64.3495
46.105823,96,64.8267
14.719728,96,65.30195
18.400308,96,65.774448
47.1588,96,66.243244
18.600529,96,66.781545
45.2046,96,67.288421
44.558969,96,67.791751
41.306213,96,68.276323
41.413587,96,68.746528
45.79962,96,69.218176
29.654953,96,69.684318
45.669556,96,70.158913
11.518702,96,70.629913
46.697437,96,71.12385
22.520985,96,71.606431
14.424429,96,72.083708
46.447411,96,72.58763
45.221538,96,73.128301
23.365899,96,73.612141
12.751586,96,74.097517
46.303782,96,75.191873
46.725566,96,75.721359
47.024602,96,76.205807
46.364465,96,76.721425
14.697982,96,77.217522
41.808372,96,77.690359
14.192861,96,78.158778
22.663208,96,78.628188
46.988785,96,79.128742
14.361777,96,79.664959
21.446653,96,80.186802
33.744667,96,80.70893
46.216292,96,81.321327
46.645765,96,81.845747
46.365915,96,82.371485
39.255837,96,82.869557
46.361514,96,83.386601
26.222725,96,83.90492
14.410553,96,84.428508
22.974359,96,84.924207
42.657558,96,85.467968
47.069266,96,86.133682
41.631222,96,86.777417
11.758443,96,87.299117
41.636273,96,87.872327
45.932456,96,88.423106
45.896352,96,88.993974
38.380789,96,89.503524
46.945036,96,90.034342
46.421523,96,90.595511
11.220337,96,91.113403
42.619166,96,91.703799
14.253338,96,92.243068
32.572786,96,92.789879
42.797032,96,93.292141
45.350117,96,93.855048
46.232747,96,94.344497
22.80538,96,94.825129
46.37506,96,95.313584
46.642863,96,95.815214
22.148391,96,96.298632
46.72455,96,96.788836
46.003365,96,97.2875
32.472044,96,97.776522
22.012866,96,98.252382
14.365072,96,98.740776
22.880882,96,99.245794
42.691681,96,99.746524
47.295704,96,100.242358
22.762734,96,100.723274
22.905554,96,101.212679
22.72201,96,101.71493
22.971495,96,103.060009
22.970212,96,103.588229
46.572729,96,104.094198
40.231635,96,104.584287
12.629139,96,105.072685
43.505049,96,105.563273
11.267529,96,106.054422
22.31546,96,106.560286
14.153981,96,107.042449
14.18097,96,107.548903
45.32694,96,108.068023
21.836777,96,108.564821
47.66893,96,109.145111
45.796963,96,109.694003
22.890544,96,110.269181
21.812935,96,110.808958
14.318278,96,111.358024
47.29659,96,111.906607
11.304836,96,112.40284
22.520865,96,112.927287
13.825092,96,113.453876
22.820723,96,113.945425
44.220983,96,114.438962
24.852905,96,114.916584
45.790289,96,115.411425
45.805685,96,115.925166
14.308898,96,116.408958
46.793363,96,116.892715
32.74237,96,117.410301
46.527332,96,117.893885
46.794066,96,118.378699
46.25802,96,118.861758
13.972005,96,119.338892
11.193253,96,119.834056
41.775422,96,120.344968
44.648948,96,120.829734
31.880333,96,121.308742
22.503943,96,121.83023
45.837969,96,122.313338
41.814323,96,122.792326
46.38419,96,123.28156
41.236605,96,123.776588
17.907781,96,124.256803
22.209924,96,124.735315
13.128782,96,125.216188
45.271991,96,125.722315
31.824946,96,126.259934
11.5748,96,126.734712
41.492737,96,127.227247
45.839551,96,127.746636
41.290373,96,128.228023
42.152289,96,128.717343
46.202138,96,129.864376
14.938486,96,130.366854
42.045279,96,130.853512
46.615767,96,131.363508
46.387179,96,131.921946
22.684667,96,132.438654
33.553415,96,132.938411
22.485963,96,133.438536
22.43974,96,133.99276
43.576544,96,134.527918
47.047249,96,135.041642
41.511707,96,135.584515
22.685546,96,136.106325
13.793389,96,136.645301
22.290445,96,137.191215
18.517306,96,137.689249
46.159199,96,138.187927
11.257574,96,138.680694
22.794958,96,139.175445
32.727517,96,139.681709
46.15779,96,140.195763
41.35878,96,140.692075
46.225449,96,141.183994
43.476644,96,141.669741
13.69513,96,142.167514
13.755956,96,142.661814
41.098839,96,143.148316
46.384131,96,143.678234
45.436886,96,144.217463
12.717435,96,144.707189
45.992967,96,145.189491
11.270877,96,145.690898
22.14697,96,146.166806
22.748434,96,146.642879
46.684952,96,147.126647
47.173978,96,147.624127
21.717754,96,148.136343
35.558051,96,148.625931
46.500877,96,149.132298
46.380357,96,149.619382
46.253714,96,150.104065
12.164082,96,150.578624
18.843142,96,151.073784
33.056021,96,151.558606
22.316934,96,152.058957
31.875588,96,152.537779
13.798418,96,153.017555
41.397474,96,153.504335
32.403549,96,153.998855
32.090605,96,154.472355
13.807059,96,154.948236
46.059456,96,155.443115
